{
  "num_recordings": 60,
  "num_candidate_cutin": 5265,
  "num_valid_cutin": 5265,
  "num_candidate_following": 73323,
  "num_valid_following": 73323,
  "filter_reasons": {},
  "risk_quantiles": {
    "cut_in": {
      "q50": 0.4823742046552886,
      "q90": 1.0011598186269848,
      "q95": 1.2567045490308135
    },
    "following": {
      "q50": 0.4123576199823874,
      "q90": 0.8964854119083335,
      "q95": 1.1290690423363794
    }
  }
}