peak_id,recording_id,ego_id,target_id,cluster_start_frame,cluster_end_frame,representative_event_id,representative_anchor_frame,num_events_in_cluster,y_long_max
peak_000025,1,49,48,973,1147,fol_01_00026,1060,1,2.859408981981723
peak_000035,1,63,59,1206,1442,fol_01_00036,1324,1,1.9842055081101289
peak_000041,1,70,69,1342,1678,fol_01_00042,1510,1,1.9221305164408495
peak_000042,1,74,70,1376,1700,fol_01_00043,1538,1,2.5402831998110003
peak_000046,1,79,75,1471,1630,fol_01_00047,1551,1,2.113858788896064
peak_000047,1,79,80,1631,1791,fol_01_00048,1711,1,1.8955965632539271
peak_000078,1,123,120,2665,2792,fol_01_00079,2729,1,2.0084067046588348
peak_000097,1,157,156,3386,3665,fol_01_00098,3526,1,2.0127407752966118
peak_000108,1,175,172,3817,4022,fol_01_00109,3920,1,1.8135452612186365
peak_000128,1,203,202,4370,4650,fol_01_00129,4510,1,1.9709053595907604
peak_000133,1,212,208,4493,4769,fol_01_00134,4631,1,2.0527346012351333
peak_000137,1,218,216,4557,4890,fol_01_00138,4724,1,1.7564703697813815
peak_000154,1,240,238,4964,5326,fol_01_00155,5145,1,2.3285369557545548
peak_000159,1,245,244,5084,5452,fol_01_00160,5268,1,1.882584708598177
peak_000164,1,255,253,5287,5653,fol_01_00165,5470,1,2.634526140813664
peak_000168,1,260,258,5354,5737,fol_01_00169,5546,1,2.734475665622542
peak_000176,1,270,269,5574,5873,fol_01_00177,5724,1,1.787828774012162
peak_000187,1,291,289,5984,6312,fol_01_00188,6148,1,1.9096934197145023
peak_000202,1,311,309,6288,6530,fol_01_00203,6409,1,2.618139796169095
peak_000204,1,314,312,6316,6540,fol_01_00205,6428,1,2.9279571196274845
peak_000207,1,316,313,6345,6639,fol_01_00208,6492,1,2.1874940427729745
peak_000219,1,331,329,6569,6959,fol_01_00220,6764,1,2.1081149980073413
peak_000221,1,334,336,6704,7069,fol_01_00222,6887,1,3.498511266743129
peak_000237,1,365,364,7359,7680,fol_01_00238,7520,1,2.364762938259245
peak_000240,1,371,370,7491,7724,fol_01_00241,7608,1,3.703182941823069
peak_000248,1,384,383,7872,8170,fol_01_00249,8021,1,3.398807321660239
peak_000250,1,387,384,7891,8182,fol_01_00251,8037,1,2.0578257007333765
peak_000265,1,414,412,8301,8605,fol_01_00266,8453,1,1.826809181516191
peak_000268,1,419,416,8358,8675,fol_01_00269,8517,1,2.263400912109618
peak_000283,1,438,437,8684,9016,fol_01_00284,8850,1,2.019996400071016
peak_000299,1,461,460,9228,9461,fol_01_00300,9345,1,1.7917894920445832
peak_000306,1,472,469,9479,9634,fol_01_00307,9557,1,2.5746887225942587
peak_000314,1,484,482,9705,9873,fol_01_00315,9789,1,4.11695255196714
peak_000323,1,494,492,9905,10195,fol_01_00324,10050,1,2.445490772180628
peak_000325,1,497,493,9941,10093,fol_01_00326,10017,1,1.964309337012726
peak_000327,1,498,496,9960,10246,fol_01_00328,10103,1,3.142210410364289
peak_000338,1,515,514,10318,10657,fol_01_00339,10488,1,1.8741198988896932
peak_000340,1,517,516,10362,10708,fol_01_00341,10535,1,2.0761921337081426
peak_000348,1,527,524,10502,10746,fol_01_00349,10624,1,2.711273242043265
peak_000378,1,577,575,11761,11961,fol_01_00379,11861,1,1.9983106766171088
peak_000382,1,585,584,12069,12421,fol_01_00383,12245,1,2.0524620683480626
peak_000384,1,591,590,12300,12586,fol_01_00385,12443,1,1.926280480079706
peak_000389,1,598,597,12428,12694,fol_01_00390,12561,1,1.8261819015968377
peak_000408,1,627,626,12949,13247,fol_01_00409,13098,1,2.278391601440559
peak_000450,1,701,698,14604,14898,fol_01_00451,14751,1,2.528720526082918
peak_000466,1,717,716,15028,15314,fol_01_00467,15171,1,2.0885066703244632
peak_000476,1,732,729,15428,15574,fol_01_00477,15501,1,4.6255718526790055
peak_000479,1,736,735,15512,15768,fol_01_00480,15640,1,1.7165672243785082
peak_000480,1,737,736,15532,15787,fol_01_00481,15660,1,3.207985711858719
peak_000496,1,762,760,15953,16225,fol_01_00497,16089,1,1.8183208991835464
peak_000511,1,784,783,16359,16516,fol_01_00512,16438,1,2.3980376204560896
peak_000531,1,810,809,17075,17340,fol_01_00532,17208,1,2.3450242088700795
peak_000535,1,816,814,17154,17306,fol_01_00536,17230,1,2.669126791752798
peak_000541,1,823,822,17387,17631,fol_01_00542,17509,1,2.145135604818196
peak_000555,1,853,851,18086,18342,fol_01_00556,18214,1,2.8778459269059207
peak_000569,1,877,876,18528,18848,fol_01_00570,18688,1,1.9853196138547504
peak_000578,1,889,887,18737,19051,fol_01_00579,18894,1,1.733393956835706
peak_000590,1,904,903,19066,19380,fol_01_00591,19223,1,3.974624968745729
peak_000597,1,917,915,19464,19719,fol_01_00598,19592,1,2.5919014172708503
peak_000600,1,924,922,19629,19903,fol_01_00601,19766,1,2.040517939788034
peak_000613,1,947,946,20214,20418,fol_01_00614,20316,1,2.2953082090950683
peak_000615,1,949,945,20300,20555,fol_01_00616,20428,1,2.6026937723701726
peak_000620,1,957,955,20545,20847,fol_01_00621,20696,1,2.0086802308692584
peak_000623,1,961,960,20646,20919,fol_01_00624,20783,1,2.1299495429967714
peak_000630,1,977,973,21040,21330,fol_01_00631,21185,1,8.175378715909622
peak_000650,1,1012,1011,21734,21931,fol_01_00651,21833,1,2.667519086379587
peak_000654,1,1017,1016,21772,22050,fol_01_00655,21911,1,2.4388632678121125
peak_000660,1,1029,1023,22113,22284,fol_01_00661,22199,1,2.376123271930246
peak_000661,1,1030,1026,22113,22381,fol_01_00662,22247,1,2.640080921147196
peak_000663,1,1031,1023,22285,22434,fol_01_00664,22360,1,2.286801705740531
peak_000692,2,46,44,876,1209,fol_02_00018,1043,1,2.6723589276882924
peak_000699,2,54,52,982,1320,fol_02_00025,1151,1,1.779008698171414
peak_000700,2,56,54,996,1340,fol_02_00026,1168,1,2.3857323629082927
peak_000702,2,58,56,1013,1348,fol_02_00028,1181,1,2.288335928309669
peak_000705,2,63,61,1062,1395,fol_02_00031,1229,1,2.051328164543726
peak_000708,2,67,64,1116,1438,fol_02_00034,1277,1,1.7665223531999574
peak_000715,2,74,73,1196,1515,fol_02_00041,1356,1,1.7190782098385586
peak_000717,2,77,74,1209,1541,fol_02_00043,1375,1,2.7605599895166573
peak_000731,2,94,92,1813,2054,fol_02_00057,1934,1,1.8174492190523228
peak_000739,2,108,103,2024,2261,fol_02_00065,2143,1,1.752122725637333
peak_000742,2,111,109,2063,2340,fol_02_00068,2202,1,1.8904615618163565
peak_000750,2,126,124,2432,2827,fol_02_00076,2630,1,1.9114770862097603
peak_000751,2,127,126,2450,2850,fol_02_00077,2650,1,1.872321629102801
peak_000752,2,129,127,2470,2867,fol_02_00078,2669,1,1.8703453309585636
peak_000753,2,133,135,2591,2911,fol_02_00079,2751,1,3.0589418276469447
peak_000761,2,145,146,3010,3209,fol_02_00087,3110,1,2.0482892098344627
peak_000769,2,153,151,3126,3369,fol_02_00095,3248,1,1.877569677219491
peak_000771,2,155,154,3196,3369,fol_02_00097,3283,1,2.5715739773750275
peak_000794,2,203,202,4359,4663,fol_02_00120,4511,1,2.045949858466916
peak_000796,2,207,206,4428,4709,fol_02_00122,4569,1,1.7054458473966647
peak_000797,2,209,207,4446,4730,fol_02_00123,4588,1,2.1082757529617533
peak_000814,2,234,233,4963,5252,fol_02_00140,5108,1,1.799017771184945
peak_000837,2,280,279,6285,6432,fol_02_00163,6359,1,2.574753112536074
peak_000841,2,289,288,6453,6748,fol_02_00167,6601,1,1.9376319974468856
peak_000843,2,294,293,6634,6839,fol_02_00169,6737,1,4.89042820116319
peak_000845,2,301,300,6795,6955,fol_02_00171,6875,1,2.0233942337455946
peak_000849,2,306,305,6861,7133,fol_02_00175,6997,1,1.8993393894781867
peak_000857,2,320,318,7168,7452,fol_02_00183,7310,1,2.0369608329906788
peak_000864,2,330,328,7522,7750,fol_02_00190,7636,1,3.626773614227007
peak_000877,2,350,349,7998,8276,fol_02_00203,8137,1,2.67005132233118
peak_000878,2,351,350,8017,8290,fol_02_00204,8154,1,1.934028432992487
peak_000885,2,363,360,8396,8631,fol_02_00211,8514,1,1.835964972617555
peak_000905,2,400,398,9082,9333,fol_02_00231,9208,1,3.995627496417237
peak_000922,2,429,428,9885,10184,fol_02_00248,10035,1,2.376361530779794
peak_000931,2,441,440,10091,10405,fol_02_00257,10248,1,1.907378376295223
peak_000932,2,442,441,10114,10422,fol_02_00258,10268,1,1.7659065438960615
peak_000935,2,447,446,10254,10643,fol_02_00261,10449,1,1.971899360447664
peak_000943,2,456,453,10422,10560,fol_02_00269,10491,1,2.671766442886007
peak_000955,2,476,475,10777,11095,fol_02_00281,10936,1,1.7578562310868708
peak_000957,2,479,478,10816,11143,fol_02_00283,10980,1,2.658959014727311
peak_000962,2,486,484,10913,11312,fol_02_00288,11113,1,1.914587011770695
peak_000972,2,503,501,11246,11598,fol_02_00298,11422,1,2.1914032179896217
peak_000987,2,519,518,11577,11901,fol_02_00313,11739,1,1.8275079379834265
peak_001001,2,539,537,11927,12112,fol_02_00327,12020,1,2.258444926824876
peak_001004,2,542,539,11942,12230,fol_02_00330,12086,1,1.7122293401172377
peak_001005,2,543,541,11960,12221,fol_02_00331,12091,1,2.073475404331373
peak_001038,2,598,597,12964,13271,fol_02_00364,13118,1,2.2317104379411186
peak_001063,2,644,642,14215,14368,fol_02_00389,14292,1,1.9790911173512629
peak_001068,2,651,648,14574,14714,fol_02_00394,14644,1,2.0643562300171463
peak_001069,2,652,651,14404,14573,fol_02_00395,14489,1,3.019676954476657
peak_001072,2,656,655,14471,14790,fol_02_00398,14631,1,1.905476201729784
peak_001075,2,661,660,14542,14868,fol_02_00401,14705,1,1.7521602675988206
peak_001077,2,671,668,14827,15108,fol_02_00403,14968,1,1.9635513029788665
peak_001085,2,692,691,15407,15660,fol_02_00411,15534,1,2.0285121447882246
peak_001089,2,703,702,15689,15919,fol_02_00415,15804,1,1.7898464713173627
peak_001090,2,704,703,15792,15936,fol_02_00416,15864,1,2.152787021123836
peak_001100,2,720,717,16046,16270,fol_02_00426,16158,1,5.345268231596039
peak_001110,2,737,736,16359,16647,fol_02_00436,16503,1,1.7214694331282965
peak_001116,2,746,744,16480,16733,fol_02_00442,16607,1,1.7745194487642588
peak_001131,2,770,769,16900,17192,fol_02_00457,17046,1,1.720589206498685
peak_001148,2,802,801,17678,17975,fol_02_00474,17827,1,6.1817495798857935
peak_001153,2,816,815,18215,18462,fol_02_00479,18339,1,4.067705584607091
peak_001170,2,851,849,18940,19237,fol_02_00496,19089,1,2.1520919598121706
peak_001181,2,871,870,19471,19741,fol_02_00507,19606,1,1.8072014006900363
peak_001184,2,875,874,19446,19807,fol_02_00510,19627,1,1.8586165409004816
peak_001191,2,885,883,19782,20023,fol_02_00517,19903,1,1.9125935491553967
peak_001194,2,896,892,20167,20322,fol_02_00520,20245,1,1.8839487198836131
peak_001199,2,903,902,20292,20506,fol_02_00525,20399,1,2.941106272917739
peak_001201,2,905,904,20340,20623,fol_02_00527,20482,1,2.34116437606843
peak_001202,2,906,905,20359,20639,fol_02_00528,20499,1,2.2672620373762538
peak_001208,2,920,919,20615,20880,fol_02_00534,20748,1,2.208222080579833
peak_001211,2,938,936,21074,21415,fol_02_00537,21245,1,1.8860033947382069
peak_001235,2,971,968,21993,22208,fol_02_00561,22101,1,1.9029565590640056
peak_001242,2,989,987,22446,22719,fol_02_00568,22583,1,1.8568837635668836
peak_001247,2,994,991,22491,22765,fol_02_00573,22628,1,2.0815177932281674
peak_001250,2,997,986,22708,22836,fol_02_00576,22772,1,1.945193246218106
peak_001251,2,999,997,22558,22848,fol_02_00577,22703,1,2.65378296554142
peak_001261,2,1012,1010,22749,23046,fol_02_00587,22898,1,1.9176825686579928
peak_001286,2,1052,1049,23720,23936,fol_02_00612,23828,1,2.0902072001111174
peak_001302,2,1084,1083,24450,24810,fol_02_00628,24630,1,5.307778969113507
peak_001306,2,1089,1086,24561,24858,fol_02_00632,24710,1,1.777526392364627
peak_001308,2,1091,1089,24592,24878,fol_02_00634,24735,1,1.975674174965623
peak_001310,2,1095,1091,24616,24893,fol_02_00636,24755,1,1.9730313343993104
peak_001315,2,1105,1104,24872,25076,fol_02_00641,24974,1,1.7125552233330472
peak_001321,3,10,9,1,332,fol_03_00004,167,1,2.715241850306634
peak_001322,3,16,10,22,345,fol_03_00005,184,1,2.075570873088874
peak_001338,3,73,72,1656,1908,fol_03_00021,1782,1,2.0207788245208897
peak_001342,3,83,81,2001,2275,fol_03_00025,2138,1,1.9997169397268064
peak_001360,3,112,111,2655,2869,fol_03_00043,2762,1,2.216129828670588
peak_001366,3,127,126,3144,3399,fol_03_00049,3272,1,2.850793518621611
peak_001373,3,142,140,3583,3718,fol_03_00056,3651,1,1.982872104264875
peak_001375,3,143,142,3595,3742,fol_03_00058,3669,1,3.574114897701949
peak_001383,3,153,151,3770,4049,fol_03_00066,3910,1,1.961940350705955
peak_001391,3,163,161,4163,4328,fol_03_00074,4246,1,2.0208270825882533
peak_001396,3,187,183,4955,5270,fol_03_00079,5113,1,1.757146715360151
peak_001458,3,294,293,7613,7860,fol_03_00141,7737,1,1.8587286717396356
peak_001459,3,295,294,7632,7878,fol_03_00142,7755,1,2.571660676950581
peak_001464,3,318,317,8493,8797,fol_03_00147,8645,1,1.7430121176322524
peak_001467,3,321,320,8747,8881,fol_03_00150,8814,1,1.802726555688096
peak_001474,3,329,327,8670,8924,fol_03_00157,8797,1,1.8165026308939496
peak_001478,3,333,332,8724,9028,fol_03_00161,8876,1,2.6410025030907054
peak_001483,3,338,337,8829,9105,fol_03_00166,8967,1,1.847683128527048
peak_001495,3,364,363,9526,9828,fol_03_00178,9677,1,1.9454111904120277
peak_001498,3,370,369,9659,9966,fol_03_00181,9813,1,1.785787195965211
peak_001500,3,373,372,9705,10012,fol_03_00183,9859,1,2.280005431029683
peak_001531,3,429,428,11009,11322,fol_03_00214,11166,1,1.8027327927410584
peak_001535,3,432,430,11240,11380,fol_03_00218,11310,1,1.947106620429346
peak_001536,3,433,432,11097,11398,fol_03_00219,11248,1,1.963460778317038
peak_001539,3,435,433,11130,11416,fol_03_00222,11273,1,1.9730532647822785
peak_001546,3,450,449,11616,11922,fol_03_00229,11769,1,2.289768572616058
peak_001555,3,466,465,12106,12364,fol_03_00238,12235,1,2.536207811636141
peak_001562,3,483,482,12684,12958,fol_03_00245,12821,1,1.798996409709727
peak_001588,3,548,546,14721,15016,fol_03_00271,14869,1,1.9315447162299668
peak_001600,3,567,566,15177,15441,fol_03_00283,15309,1,2.1917709816790154
peak_001607,3,587,583,15930,16142,fol_03_00290,16036,1,2.435435645969989
peak_001613,3,598,597,16279,16473,fol_03_00296,16376,1,2.225010850598289
peak_001617,3,609,608,16600,16806,fol_03_00300,16703,1,2.243388480055605
peak_001618,3,618,616,17050,17205,fol_03_00301,17128,1,2.919177608715123
peak_001651,3,692,691,19246,19530,fol_03_00334,19388,1,2.2807455313451115
peak_001658,3,705,704,19472,19606,fol_03_00341,19539,1,3.456791847613783
peak_001659,3,705,706,19607,19777,fol_03_00342,19692,1,2.2594703582770763
peak_001663,3,711,710,19573,19737,fol_03_00346,19655,1,5.938852030741121
peak_001664,3,713,711,19588,19876,fol_03_00347,19732,1,3.4067357777155185
peak_001671,3,722,721,19779,19963,fol_03_00354,19871,1,1.8122450991239816
peak_001676,3,732,729,20148,20353,fol_03_00359,20251,1,2.25152085607484
peak_001687,3,748,746,20477,20731,fol_03_00370,20604,1,1.839901449471512
peak_001689,3,753,751,20556,20872,fol_03_00372,20714,1,9.795775286539689
peak_001696,3,762,760,20768,20985,fol_03_00379,20877,1,1.7696392335148976
peak_001707,3,789,788,21748,21960,fol_03_00390,21854,1,1.978209040070195
peak_001709,3,792,791,21840,22020,fol_03_00392,21930,1,7.83175049558541
peak_001716,3,805,804,22185,22513,fol_03_00399,22349,1,2.165853369529006
peak_001725,3,818,816,22391,22649,fol_03_00408,22520,1,1.740720040602496
peak_001726,3,819,817,22392,22713,fol_03_00409,22553,1,3.076477676683637
peak_001742,3,840,839,22927,23152,fol_03_00425,23040,1,3.290429208767477
peak_001750,3,861,859,23788,24076,fol_03_00433,23932,1,2.024256582486158
peak_001777,3,911,910,24973,25214,fol_03_00460,25094,1,2.1782792826064985
peak_001783,4,24,22,300,520,fol_04_00006,410,1,1.788790166569636
peak_001804,4,64,63,1228,1378,fol_04_00027,1303,1,2.796056570144216
peak_001806,4,67,65,1294,1550,fol_04_00029,1422,1,2.5354490577264985
peak_001813,4,81,80,1649,1885,fol_04_00036,1767,1,1.8462192736171603
peak_001822,4,133,132,3092,3325,fol_04_00045,3209,1,1.8136711282446656
peak_001854,4,186,185,4180,4460,fol_04_00077,4320,1,1.837993731420125
peak_001855,4,189,186,4200,4478,fol_04_00078,4339,1,1.7127149147178025
peak_001856,4,191,189,4215,4499,fol_04_00079,4357,1,2.785309133762922
peak_001859,4,205,198,4463,4636,fol_04_00082,4550,1,3.543769102541012
peak_001865,4,218,215,4715,4883,fol_04_00088,4799,1,1.866422846510931
peak_001868,4,234,232,5064,5354,fol_04_00091,5209,1,1.7133237622114477
peak_001895,4,331,330,7518,7788,fol_04_00118,7653,1,2.700781928462518
peak_001896,4,332,331,7532,7802,fol_04_00119,7667,1,1.7839045714068555
peak_001903,4,353,352,7966,8219,fol_04_00126,8093,1,1.8293885649276505
peak_001910,4,363,356,8132,8439,fol_04_00133,8286,1,1.922931403234782
peak_001923,4,394,393,8670,8928,fol_04_00146,8799,1,1.933550855798908
peak_001932,4,423,418,9534,9882,fol_04_00155,9708,1,1.7420896521199998
peak_001935,4,426,423,9559,9799,fol_04_00158,9679,1,2.566551192304824
peak_002013,4,639,636,15374,15566,fol_04_00236,15470,1,1.85035513656278
peak_002018,4,645,643,15489,15786,fol_04_00241,15638,1,1.7199229952899662
peak_002019,4,647,646,15543,15839,fol_04_00242,15691,1,1.8155429226215047
peak_002028,4,662,661,15812,16089,fol_04_00251,15951,1,1.7090996968778178
peak_002039,4,697,691,16509,16704,fol_04_00262,16607,1,3.1670691162560405
peak_002052,4,722,720,17154,17438,fol_04_00275,17296,1,1.8078486259477564
peak_002067,4,750,747,17859,18009,fol_04_00290,17934,1,1.7565760098707266
peak_002086,4,784,783,18366,18632,fol_04_00309,18499,1,2.653010957985595
peak_002094,4,797,793,18618,18889,fol_04_00317,18754,1,3.4281391157916703
peak_002103,4,814,812,18884,19077,fol_04_00326,18981,1,1.788398526809734
peak_002121,4,868,866,20430,20700,fol_04_00344,20565,1,2.9149913107646777
peak_002128,4,881,880,20636,20764,fol_04_00351,20700,1,2.191470095930697
peak_002138,4,913,911,21464,21814,fol_04_00361,21639,1,1.717483966046379
peak_002156,4,957,954,22512,22641,fol_04_00379,22577,1,2.7956609341137684
peak_002177,4,992,991,23262,23582,fol_04_00400,23422,1,2.777526941485732
peak_002222,4,1104,1100,26051,26291,fol_04_00445,26171,1,1.7550355834451543
peak_002243,4,1148,1146,26774,27020,fol_04_00466,26897,1,1.8925369531482303
peak_002254,5,21,19,164,379,fol_05_00006,272,1,3.4066823298977904
peak_002259,5,34,32,550,687,fol_05_00011,619,1,2.3376311601381747
peak_002266,5,56,54,980,1261,fol_05_00018,1121,1,1.8815187215121345
peak_002285,5,104,101,2048,2303,fol_05_00037,2176,1,2.022619272592797
peak_002314,5,164,162,3460,3587,fol_05_00066,3524,1,1.822779958089361
peak_002317,5,187,185,4138,4388,fol_05_00069,4263,1,2.253336658304239
peak_002328,5,212,211,4717,5046,fol_05_00080,4882,1,2.5423564378969927
peak_002363,5,302,301,6969,7386,fol_05_00115,7178,1,2.937345908774585
peak_002370,5,324,323,7693,7919,fol_05_00122,7806,1,1.715506295865347
peak_002398,5,392,389,9073,9380,fol_05_00150,9227,1,2.514058919222861
peak_002403,5,401,399,9293,9469,fol_05_00155,9381,1,3.827948870028131
peak_002404,5,402,400,9296,9563,fol_05_00156,9430,1,1.7366547220887418
peak_002415,5,418,415,9538,9839,fol_05_00167,9689,1,2.9678206328953265
peak_002426,5,440,439,9946,10185,fol_05_00178,10066,1,1.736168785911942
peak_002448,5,495,494,11285,11426,fol_05_00200,11356,1,2.65680219066535
peak_002456,5,522,521,11972,12251,fol_05_00208,12112,1,1.8754837156609645
peak_002469,5,550,549,12907,13282,fol_05_00221,13095,1,2.216075222605065
peak_002476,5,575,574,13613,14016,fol_05_00228,13815,1,1.7301052608549548
peak_002477,5,576,575,13625,14043,fol_05_00229,13834,1,2.8908301209328173
peak_002507,5,658,659,15490,15672,fol_05_00259,15581,1,3.3354297031768576
peak_002530,5,704,702,16484,16729,fol_05_00282,16607,1,1.8430027310382584
peak_002544,5,728,726,16928,17087,fol_05_00296,17008,1,1.8891166464730265
peak_002549,5,740,731,17065,17234,fol_05_00301,17150,1,2.7028722775904472
peak_002551,5,744,742,17141,17384,fol_05_00303,17263,1,2.574113920479923
peak_002552,5,745,739,17144,17380,fol_05_00304,17262,1,2.5170373153342527
peak_002575,5,794,791,18176,18434,fol_05_00327,18305,1,2.4050297317970446
peak_002578,5,805,803,18386,18704,fol_05_00330,18545,1,2.5721610749528323
peak_002586,5,824,823,18856,19121,fol_05_00338,18989,1,2.362415660480025
peak_002599,5,859,855,19614,19842,fol_05_00351,19728,1,1.84671275365934
peak_002600,5,860,858,19671,19986,fol_05_00352,19829,1,1.91440111048945
peak_002625,5,933,929,21581,21862,fol_05_00377,21722,1,3.5807452998373304
peak_002626,5,934,928,21603,21730,fol_05_00378,21667,1,3.874790884424068
peak_002632,5,952,950,22184,22334,fol_05_00384,22259,1,2.8758559221502504
peak_002640,5,969,967,22588,23025,fol_05_00392,22807,1,1.7597040670369362
peak_002641,5,970,965,22603,22926,fol_05_00393,22765,1,1.749731706689445
peak_002663,5,1012,1011,23436,23733,fol_05_00415,23585,1,2.379561428938309
peak_002668,5,1019,1017,23492,23782,fol_05_00420,23637,1,1.7110610614815889
peak_002671,5,1025,1023,23596,23775,fol_05_00423,23686,1,3.195476123602719
peak_002709,5,1153,1150,27089,27361,fol_05_00461,27225,1,2.1738671008171617
peak_002711,5,1157,1153,27116,27377,fol_05_00463,27247,1,3.268339520875359
peak_002714,5,1162,1161,27209,27449,fol_05_00466,27329,1,3.931466504657165
peak_002718,5,1166,1165,27243,27508,fol_05_00470,27376,1,2.029450111357601
peak_002719,5,1168,1166,27255,27508,fol_05_00471,27382,1,3.458968766061399
peak_002728,5,1202,1201,28320,28582,fol_05_00480,28451,1,2.82275835455376
peak_002733,6,15,13,63,290,fol_06_00001,177,1,1.9166402666373847
peak_002783,6,131,129,2642,2916,fol_06_00051,2779,1,2.3895923605633747
peak_002785,6,133,131,2727,2859,fol_06_00053,2793,1,3.637596193658033
peak_002786,6,134,133,2727,2859,fol_06_00054,2793,1,1.7748036443685458
peak_002794,6,151,145,2940,3090,fol_06_00062,3015,1,1.911867712548784
peak_002824,6,220,210,4533,4752,fol_06_00092,4643,1,1.8949071302514289
peak_002829,6,234,231,4716,4879,fol_06_00097,4798,1,2.053782248933763
peak_002845,6,266,262,5269,5403,fol_06_00113,5336,1,2.056486057411096
peak_002858,6,288,286,5700,5876,fol_06_00126,5788,1,2.0869470235679644
peak_002859,6,291,290,5827,6079,fol_06_00127,5953,1,2.544703154056095
peak_002869,6,316,314,6450,6605,fol_06_00137,6528,1,4.541749355929373
peak_002872,6,321,319,6508,6836,fol_06_00140,6672,1,1.9729220033053791
peak_002896,6,386,384,7878,8116,fol_06_00164,7997,1,2.4388224526690565
peak_002899,6,402,400,8179,8428,fol_06_00167,8304,1,1.85463898135842
peak_002905,6,418,415,8404,8610,fol_06_00173,8507,1,1.9745111025689508
peak_002935,6,483,481,10082,10377,fol_06_00203,10230,1,2.1045141167596064
peak_002936,6,484,482,10121,10449,fol_06_00204,10285,1,1.708388730202839
peak_002941,6,494,493,10337,10469,fol_06_00209,10403,1,2.1815070486920454
peak_002942,6,494,493,10475,10653,fol_06_00210,10564,1,2.0688684731053346
peak_002949,6,523,521,11158,11300,fol_06_00217,11229,1,1.8086698029126884
peak_002963,6,546,545,11469,11716,fol_06_00231,11593,1,2.763553321155121
peak_002982,6,586,584,12329,12487,fol_06_00250,12408,1,2.6581844392888585
peak_002986,6,590,588,12385,12650,fol_06_00254,12518,1,2.292725235840425
peak_002987,6,591,590,12403,12664,fol_06_00255,12534,1,1.8083455972860825
peak_003012,6,664,661,14108,14280,fol_06_00280,14194,1,1.8853492776251848
peak_003016,6,673,671,14119,14516,fol_06_00284,14318,1,2.572025317460984
peak_003017,6,674,672,14121,14340,fol_06_00285,14231,1,4.464959965052849
peak_003018,6,675,674,14155,14417,fol_06_00286,14286,1,1.8636384763467533
peak_003042,6,715,712,14711,14851,fol_06_00310,14781,1,1.721423382711416
peak_003050,6,733,730,15040,15277,fol_06_00318,15159,1,2.288769057158621
peak_003054,6,744,742,15170,15569,fol_06_00322,15370,1,4.672029269006711
peak_003056,6,746,744,15422,15583,fol_06_00324,15503,1,3.4831453060940776
peak_003080,6,826,824,17169,17438,fol_06_00348,17304,1,1.9093957095385012
peak_003116,6,918,916,19180,19455,fol_06_00384,19318,1,1.7474851646269758
peak_003120,6,928,927,19271,19490,fol_06_00388,19381,1,1.8925985452288787
peak_003144,6,988,987,20549,20772,fol_06_00412,20661,1,2.018295394406554
peak_003156,6,1015,1014,21029,21277,fol_06_00424,21153,1,3.16617308436658
peak_003164,6,1033,1030,21625,21916,fol_06_00432,21771,1,2.397179501561489
peak_003169,6,1044,1042,21914,22096,fol_06_00437,22005,1,1.7650383282474975
peak_003193,6,1124,1123,24153,24301,fol_06_00461,24227,1,4.5071640673036
peak_003198,6,1138,1136,24535,24801,fol_06_00466,24668,1,1.7060084059971383
peak_003227,6,1201,1196,26111,26345,fol_06_00495,26228,1,3.4402607142874784
peak_003235,6,1217,1214,26457,26635,fol_06_00503,26546,1,3.367292571706981
peak_003269,6,1289,1287,28029,28317,fol_06_00537,28173,1,1.7090372314653086
peak_003276,6,1311,1310,28666,28977,fol_06_00544,28822,1,2.357517540854619
peak_003278,6,1316,1313,28783,28992,fol_06_00546,28888,1,2.4112929274445505
peak_003294,6,1345,1344,29676,29994,fol_06_00562,29835,1,6.581422786843269
peak_003298,6,1357,1354,29986,30232,fol_06_00566,30109,1,1.7683269238775157
peak_003318,7,48,46,418,665,fol_07_00016,542,1,2.0122742969545864
peak_003324,7,57,52,581,738,fol_07_00022,660,1,1.7747135232018778
peak_003329,7,63,61,688,919,fol_07_00027,804,1,2.1840322142991035
peak_003361,7,119,115,1651,1845,fol_07_00059,1748,1,3.642465245888019
peak_003368,7,131,128,1804,2078,fol_07_00066,1941,1,2.4883871466507954
peak_003396,7,182,180,2736,2985,fol_07_00094,2861,1,2.6252480251994146
peak_003423,7,221,218,3351,3661,fol_07_00121,3506,1,1.7219255927275905
peak_003456,7,269,270,4157,4376,fol_07_00154,4267,1,1.9548778983974355
peak_003467,7,285,283,4349,4733,fol_07_00165,4541,1,2.427124942048066
peak_003472,7,292,285,4406,4752,fol_07_00170,4579,1,5.15169777324366
peak_003475,7,299,298,4625,4897,fol_07_00173,4761,1,2.218895270075821
peak_003487,7,329,323,5236,5383,fol_07_00185,5310,1,2.205886164513311
peak_003512,7,364,363,5890,6107,fol_07_00210,5999,1,2.228175640340338
peak_003549,7,439,435,7504,7776,fol_07_00247,7640,1,1.753641932595514
peak_003574,7,473,471,8042,8262,fol_07_00272,8152,1,6.516448007109726
peak_003621,7,544,542,9166,9421,fol_07_00319,9294,1,2.3765845845615154
peak_003626,7,550,549,9231,9510,fol_07_00324,9371,1,6.53929157013571
peak_003637,7,568,566,9653,9841,fol_07_00335,9747,1,1.7818509767156998
peak_003640,7,573,571,9648,9871,fol_07_00338,9760,1,1.7222902484088138
peak_003658,7,613,611,10476,10810,fol_07_00356,10643,1,1.7280173526145235
peak_003661,7,617,615,10509,10766,fol_07_00359,10638,1,1.857508727694884
peak_003664,7,621,619,10603,10854,fol_07_00362,10729,1,1.851079315937773
peak_003678,7,649,647,11017,11209,fol_07_00376,11113,1,1.9184487088509008
peak_003708,7,715,707,12313,12619,fol_07_00406,12466,1,1.7222058711331003
peak_003733,7,755,754,13173,13379,fol_07_00431,13276,1,1.7134410865479173
peak_003752,7,791,788,13687,13957,fol_07_00450,13822,1,2.273074942882771
peak_003775,7,824,822,14098,14344,fol_07_00473,14221,1,2.803241468405647
peak_003780,7,835,831,14317,14459,fol_07_00478,14388,1,2.2618494801657447
peak_003782,7,838,837,14319,14459,fol_07_00480,14389,1,1.8764180984647123
peak_003783,7,840,838,14319,14459,fol_07_00481,14389,1,2.1864453390242806
peak_003785,7,842,840,14284,14459,fol_07_00483,14372,1,4.137587989281194
peak_003794,8,35,32,164,397,fol_08_00007,281,1,3.007780554059617
peak_003824,8,83,78,894,1079,fol_08_00037,987,1,2.773604082405493
peak_003825,8,84,80,909,1218,fol_08_00038,1064,1,2.658988175955365
peak_003827,8,89,87,953,1240,fol_08_00040,1097,1,1.9453989633522484
peak_003831,8,95,92,1065,1332,fol_08_00044,1199,1,1.7546886245124236
peak_003840,8,112,110,1320,1513,fol_08_00053,1417,1,2.4936990755328785
peak_003841,8,113,112,1339,1643,fol_08_00054,1491,1,3.5585409688956244
peak_003848,8,131,129,1750,1877,fol_08_00061,1814,1,1.7416724650755917
peak_003895,8,221,220,3287,3442,fol_08_00108,3365,1,2.270489151213454
peak_003909,8,248,245,3722,4006,fol_08_00122,3864,1,2.3624363043502656
peak_003910,8,249,248,3759,4021,fol_08_00123,3890,1,1.7787842306222932
peak_003933,8,305,304,5060,5366,fol_08_00146,5213,1,2.083857251848908
peak_003934,8,306,303,5064,5309,fol_08_00147,5187,1,1.7129412304884253
peak_003964,8,365,362,6133,6395,fol_08_00177,6264,1,2.0940931855242293
peak_003981,8,397,395,6602,6775,fol_08_00194,6689,1,2.919671357086352
peak_003985,8,407,404,6655,6859,fol_08_00198,6757,1,2.863258686056703
peak_004000,8,436,435,7429,7575,fol_08_00213,7502,1,2.614584841446636
peak_004008,8,451,450,7782,8070,fol_08_00221,7926,1,2.6255045491153464
peak_004058,8,530,528,9114,9367,fol_08_00271,9241,1,1.810994466393524
peak_004059,8,532,530,9152,9350,fol_08_00272,9251,1,2.221556396247953
peak_004100,8,610,604,10739,10951,fol_08_00313,10845,1,1.8121348830096469
peak_004105,8,619,617,10913,11154,fol_08_00318,11034,1,2.5173060674180165
peak_004113,8,630,628,11146,11341,fol_08_00326,11244,1,3.01947599131099
peak_004118,8,643,641,11276,11496,fol_08_00331,11386,1,3.486590006025134
peak_004155,8,723,722,12680,12920,fol_08_00368,12800,1,1.8326342041603736
peak_004170,8,753,749,13168,13340,fol_08_00383,13254,1,3.1525461536300257
peak_004193,8,793,790,13907,14065,fol_08_00406,13986,1,2.7461459834492903
peak_004215,8,842,841,14623,14848,fol_08_00428,14736,1,1.7439924387748076
peak_004216,8,843,842,14649,14866,fol_08_00429,14758,1,1.8275727008286664
peak_004224,8,857,853,14772,15027,fol_08_00437,14900,1,2.2316561166894067
peak_004225,8,860,857,14785,15048,fol_08_00438,14917,1,3.505325348655946
peak_004244,8,885,887,15091,15354,fol_08_00457,15223,1,1.749886441849025
peak_004246,8,888,883,15210,15387,fol_08_00459,15299,1,1.8657567852178285
peak_004248,8,890,885,15114,15372,fol_08_00461,15243,1,2.0584106294255147
peak_004273,8,940,938,15867,16137,fol_08_00486,16002,1,2.476713024507164
peak_004275,8,946,944,15961,16219,fol_08_00488,16090,1,1.898054142654373
peak_004278,8,951,948,16033,16231,fol_08_00491,16132,1,2.4880388237118245
peak_004280,8,953,952,16051,16285,fol_08_00493,16168,1,2.172864640475586
peak_004295,8,994,993,16879,17045,fol_08_00508,16962,1,2.1297457349604407
peak_004310,8,1025,1021,17489,17683,fol_08_00523,17586,1,1.7035185032746971
peak_004323,8,1048,1045,17601,17916,fol_08_00536,17759,1,2.0465754323912373
peak_004327,8,1056,1052,17691,18023,fol_08_00540,17857,1,2.237136810426368
peak_004328,8,1057,1054,17697,17965,fol_08_00541,17831,1,2.740123193250919
peak_004342,8,1081,1079,18117,18367,fol_08_00555,18242,1,1.82221919207124
peak_004384,8,1147,1146,19187,19435,fol_08_00597,19311,1,2.0126056299262918
peak_004386,8,1151,1150,19213,19462,fol_08_00599,19338,1,1.7887681724125812
peak_004387,8,1153,1147,19221,19353,fol_08_00600,19287,1,2.297484690443418
peak_004400,8,1175,1168,19603,19787,fol_08_00613,19695,1,1.799592478298599
peak_004412,8,1207,1204,20185,20559,fol_08_00625,20372,1,2.644462529367501
peak_004414,8,1209,1207,20202,20474,fol_08_00627,20338,1,3.5260087223778527
peak_004436,8,1244,1241,20749,20993,fol_08_00649,20871,1,3.4367413723397853
peak_004447,8,1261,1260,21030,21250,fol_08_00660,21140,1,2.041423845146319
peak_004452,8,1268,1266,21084,21388,fol_08_00665,21236,1,1.9637780422693936
peak_004453,8,1270,1265,21123,21308,fol_08_00666,21216,1,1.8471282143986476
peak_004459,8,1280,1278,21419,21629,fol_08_00672,21524,1,1.878955043208198
peak_004483,8,1315,1313,21673,21908,fol_08_00696,21791,1,2.4956694538139783
peak_004491,8,1327,1324,21924,22103,fol_08_00704,22014,1,1.9834663838490112
peak_004501,8,1354,1351,22667,22888,fol_08_00714,22778,1,2.5233986304645177
peak_004504,8,1360,1357,22715,22884,fol_08_00717,22800,1,1.982404943066076
peak_004505,8,1361,1360,22729,22884,fol_08_00718,22807,1,2.732550832070833
peak_004507,8,1363,1361,22749,22954,fol_08_00720,22852,1,1.9890281402230965
peak_004516,8,1385,1381,23267,23420,fol_08_00729,23344,1,2.753067120048882
peak_004524,8,1401,1400,23491,23653,fol_08_00737,23572,1,3.771462387052326
peak_004528,8,1409,1408,23632,23770,fol_08_00741,23701,1,1.992638215858808
peak_004536,8,1428,1424,23908,24116,fol_08_00749,24012,1,1.8623001520118947
peak_004542,8,1435,1434,23999,24238,fol_08_00755,24119,1,2.4362581797462366
peak_004546,8,1443,1441,24109,24354,fol_08_00759,24232,1,2.119861072498709
peak_004556,8,1460,1458,24331,24550,fol_08_00769,24441,1,2.7156452854884687
peak_004557,8,1461,1459,24343,24606,fol_08_00770,24475,1,2.1415312548068366
peak_004573,8,1490,1487,25013,25278,fol_08_00786,25146,1,4.088852570453716
peak_004611,8,1571,1569,26529,26666,fol_08_00824,26598,1,1.9628336983147612
peak_004612,8,1572,1571,26549,26782,fol_08_00825,26666,1,1.951739220174726
peak_004614,8,1575,1572,26568,26804,fol_08_00827,26686,1,1.834044964097372
peak_004616,8,1580,1579,26618,26892,fol_08_00829,26755,1,1.7681688906865296
peak_004618,8,1584,1582,26678,26829,fol_08_00831,26754,1,3.2209270508872745
peak_004633,8,1608,1607,27064,27265,fol_08_00846,27165,1,2.1186774425137744
peak_004650,9,47,45,708,881,fol_09_00015,795,1,1.894090449947108
peak_004663,9,67,66,1039,1290,fol_09_00028,1165,1,2.3707492802115357
peak_004665,9,71,69,1062,1416,fol_09_00030,1239,1,2.6778613953216848
peak_004672,9,84,78,1192,1440,fol_09_00037,1316,1,2.074125045871942
peak_004704,9,139,138,2158,2389,fol_09_00069,2274,1,1.956256139711096
peak_004722,9,165,161,2622,2879,fol_09_00087,2751,1,1.7563937755215249
peak_004725,9,170,169,2694,2876,fol_09_00090,2785,1,3.063062719074649
peak_004728,9,178,172,2791,2993,fol_09_00093,2892,1,2.198645874037547
peak_004741,9,221,218,3794,3959,fol_09_00106,3877,1,3.799393636027685
peak_004748,9,239,238,4405,4717,fol_09_00113,4561,1,1.7836883885011527
peak_004751,9,242,241,4479,4716,fol_09_00116,4598,1,2.4559388380265226
peak_004767,9,275,272,5072,5279,fol_09_00132,5176,1,2.13953425232105
peak_004769,9,277,274,5081,5310,fol_09_00134,5196,1,2.7593572371140893
peak_004795,9,343,342,6625,6923,fol_09_00160,6774,1,2.821621176072264
peak_004807,9,370,369,7256,7435,fol_09_00172,7346,1,2.59664004166388
peak_004809,9,374,373,7321,7559,fol_09_00174,7440,1,1.7095865744251375
peak_004814,9,381,379,7435,7669,fol_09_00179,7552,1,2.069223026880332
peak_004819,9,387,382,7498,7762,fol_09_00184,7630,1,1.7207812596305427
peak_004853,9,471,467,9144,9418,fol_09_00218,9281,1,2.343350825630088
peak_004869,9,494,493,9507,9672,fol_09_00234,9590,1,3.462947942126861
peak_004871,9,498,495,9528,9740,fol_09_00236,9634,1,1.8475436348190024
peak_004872,9,499,498,9546,9826,fol_09_00237,9686,1,1.8404538903943768
peak_004874,9,502,500,9600,9878,fol_09_00239,9739,1,1.8877732805973004
peak_004883,9,522,520,9894,10162,fol_09_00248,10028,1,1.8542115772562209
peak_004892,9,542,539,10271,10445,fol_09_00257,10358,1,2.7695549323678774
peak_004908,9,569,568,10682,10810,fol_09_00273,10746,1,2.695538920055391
peak_004914,9,583,580,10991,11185,fol_09_00279,11088,1,2.7968919957455456
peak_004917,9,590,586,11139,11310,fol_09_00282,11225,1,2.5413325281960795
peak_004939,9,647,644,12353,12658,fol_09_00304,12506,1,1.8191784912413147
peak_004945,9,666,663,12897,13061,fol_09_00310,12979,1,2.468939322832345
peak_004947,9,671,670,13031,13307,fol_09_00312,13169,1,1.810520544741179
peak_004948,9,673,671,13068,13324,fol_09_00313,13196,1,1.7486978362281689
peak_004954,9,689,686,13305,13526,fol_09_00319,13416,1,2.5286173820931355
peak_004965,9,704,703,13537,13789,fol_09_00330,13663,1,2.3921976401019127
peak_004968,9,708,706,13517,13738,fol_09_00333,13628,1,1.923057778214644
peak_004970,9,711,710,13567,13845,fol_09_00335,13706,1,1.7854009665627533
peak_004971,9,712,711,13586,13858,fol_09_00336,13722,1,1.955461356812365
peak_004977,9,721,716,13688,13876,fol_09_00342,13782,1,1.8466325157179335
peak_004985,9,736,733,14064,14210,fol_09_00350,14137,1,1.7558402603962144
peak_004997,9,770,767,15009,15179,fol_09_00362,15094,1,2.248353549180229
peak_005014,9,799,797,15293,15518,fol_09_00379,15406,1,1.7351736083568077
peak_005016,9,801,798,15310,15611,fol_09_00381,15461,1,1.80303681806439
peak_005032,9,825,822,15661,15838,fol_09_00397,15750,1,5.478803129591267
peak_005042,9,849,847,16208,16534,fol_09_00407,16371,1,1.7975142715866086
peak_005052,9,868,865,16467,16638,fol_09_00417,16553,1,2.4365437045145573
peak_005055,9,874,873,16585,16898,fol_09_00420,16742,1,2.971372247346133
peak_005060,9,888,887,16858,17049,fol_09_00425,16954,1,2.60798476696988
peak_005069,9,898,896,16920,17190,fol_09_00434,17055,1,1.854454636083192
peak_005079,9,925,923,17470,17773,fol_09_00444,17622,1,2.3539043919093507
peak_005090,9,975,973,18529,18660,fol_09_00455,18595,1,5.206557763972947
peak_005091,9,976,975,18545,18811,fol_09_00456,18678,1,1.741155510013266
peak_005092,9,978,976,18561,18845,fol_09_00457,18703,1,1.9095948078088
peak_005094,9,980,979,18621,18896,fol_09_00459,18759,1,5.07394719488217
peak_005096,9,986,983,18732,18883,fol_09_00461,18808,1,2.725446753081605
peak_005098,9,988,985,18740,19040,fol_09_00463,18890,1,1.7671820920858452
peak_005108,9,1004,1002,19005,19311,fol_09_00473,19158,1,2.581877849115968
peak_005128,9,1038,1035,19604,19874,fol_09_00493,19739,1,1.7985394708876548
peak_005135,9,1053,1051,19768,20002,fol_09_00500,19885,1,1.9388206543574509
peak_005136,9,1054,1050,19782,19994,fol_09_00501,19888,1,2.3494058237678965
peak_005157,9,1110,1109,21032,21270,fol_09_00522,21151,1,1.871077885444291
peak_005159,9,1116,1114,21095,21308,fol_09_00524,21202,1,2.840897563478755
peak_005164,9,1124,1123,21189,21550,fol_09_00529,21370,1,2.5782351039891727
peak_005171,9,1135,1134,21280,21507,fol_09_00536,21394,1,2.4250122647236907
peak_005177,9,1142,1141,21356,21659,fol_09_00542,21508,1,2.857657181947614
peak_005185,9,1153,1148,21473,21744,fol_09_00550,21609,1,1.9151698167127336
peak_005199,9,1179,1178,21933,22236,fol_09_00564,22085,1,2.1957341107663835
peak_005209,9,1205,1204,22647,22832,fol_09_00574,22740,1,4.464877809710375
peak_005210,9,1208,1206,22776,22915,fol_09_00575,22846,1,1.7319989575540682
peak_005211,9,1209,1207,22672,22985,fol_09_00576,22829,1,1.7310466708801868
peak_005212,9,1210,1208,22674,22939,fol_09_00577,22807,1,2.467017140986472
peak_005213,9,1212,1209,22690,23011,fol_09_00578,22851,1,2.378738873712072
peak_005234,9,1251,1248,23528,23761,fol_09_00599,23645,1,5.356694614254368
peak_005243,9,1271,1266,23947,24168,fol_09_00608,24058,1,2.2130826305715523
peak_005276,9,1334,1328,25052,25232,fol_09_00641,25142,1,3.059719832306957
peak_005298,9,1392,1390,26224,26444,fol_09_00663,26334,1,1.8945506638170748
peak_005305,9,1406,1405,26457,26717,fol_09_00670,26587,1,2.3832425409115423
peak_005315,10,18,17,78,231,fol_10_00007,155,1,1.945966888019709
peak_005317,10,22,20,136,414,fol_10_00009,275,1,1.7861104064574078
peak_005333,10,44,42,402,648,fol_10_00025,525,1,2.355858775178077
peak_005380,10,136,130,2402,2536,fol_10_00072,2469,1,1.8449024097590556
peak_005386,10,151,149,2641,2927,fol_10_00078,2784,1,1.8446540315230893
peak_005400,10,177,176,3002,3188,fol_10_00092,3095,1,1.923112110289133
peak_005405,10,184,182,3063,3367,fol_10_00097,3215,1,1.7230656547326355
peak_005407,10,186,185,3085,3314,fol_10_00099,3200,1,3.0513824236492098
peak_005426,10,217,216,3607,3860,fol_10_00118,3734,1,2.406609701187655
peak_005432,10,224,223,3704,4039,fol_10_00124,3872,1,1.7727768559625774
peak_005466,10,267,266,4157,4394,fol_10_00158,4276,1,1.7899493869430207
peak_005472,10,282,279,4455,4643,fol_10_00164,4549,1,2.3218572736165304
peak_005487,10,320,319,5126,5374,fol_10_00179,5250,1,2.2505518925181693
peak_005498,10,340,337,5494,5696,fol_10_00190,5595,1,2.1771366137908155
peak_005509,10,358,356,5686,5982,fol_10_00201,5834,1,2.497787832249223
peak_005515,10,368,367,5855,6102,fol_10_00207,5979,1,1.9311392622829189
peak_005519,10,373,372,5903,6146,fol_10_00211,6025,1,1.9676296930267172
peak_005524,10,383,382,6030,6272,fol_10_00216,6151,1,3.384715952227192
peak_005529,10,389,386,6142,6377,fol_10_00221,6260,1,1.95723017329572
peak_005533,10,395,392,6207,6478,fol_10_00225,6343,1,1.714141903159334
peak_005548,10,423,422,6840,7054,fol_10_00240,6947,1,2.1343905356914843
peak_005557,10,437,436,7093,7355,fol_10_00249,7224,1,1.7166204528932865
peak_005560,10,441,438,7124,7255,fol_10_00252,7190,1,1.8255172533916129
peak_005574,10,467,465,7541,7749,fol_10_00266,7645,1,3.891091845256111
peak_005581,10,486,483,7986,8142,fol_10_00273,8064,1,1.8924281502658251
peak_005582,10,487,485,8006,8395,fol_10_00274,8201,1,2.2836364261685795
peak_005608,10,542,539,8748,8967,fol_10_00300,8858,1,2.438996275473785
peak_005652,10,630,629,10154,10365,fol_10_00344,10260,1,2.1611279949351627
peak_005661,10,676,672,11403,11708,fol_10_00353,11556,1,3.432572778170279
peak_005662,10,678,675,11415,11560,fol_10_00354,11488,1,1.868813680370217
peak_005663,10,679,676,11425,11708,fol_10_00355,11567,1,2.621243106433308
peak_005665,10,683,680,11476,11701,fol_10_00357,11589,1,2.599844995048596
peak_005678,10,708,709,11875,12072,fol_10_00370,11974,1,2.224335119908683
peak_005682,10,719,716,12013,12143,fol_10_00374,12078,1,2.468732137647132
peak_005690,10,735,733,12276,12529,fol_10_00382,12403,1,1.9304772387671567
peak_005693,10,738,735,12344,12547,fol_10_00385,12446,1,2.446012138680416
peak_005729,10,819,817,14029,14300,fol_10_00421,14165,1,1.743254626152279
peak_005740,10,840,837,14508,14694,fol_10_00432,14601,1,2.2633867785911024
peak_005744,10,848,846,14685,14884,fol_10_00436,14785,1,1.9657391093247765
peak_005749,11,14,13,1,189,fol_11_00004,95,1,1.9907491361140968
peak_005763,11,38,23,25,319,fol_11_00018,172,1,2.175878179337635
peak_005765,11,40,39,44,382,fol_11_00020,213,1,1.9731873531667992
peak_005778,11,56,53,158,491,fol_11_00033,325,1,1.804718360930344
peak_005785,11,63,58,220,361,fol_11_00040,291,1,1.810006663102072
peak_005800,11,80,75,367,750,fol_11_00055,559,1,1.900253307742204
peak_005804,11,84,83,421,814,fol_11_00059,618,1,2.7299576087694555
peak_005806,11,87,84,447,640,fol_11_00061,544,1,5.654234523814833
peak_005807,11,87,88,641,817,fol_11_00062,729,1,3.4088470720204724
peak_005808,11,88,86,448,802,fol_11_00063,625,1,2.3475976496461417
peak_005812,11,91,87,641,832,fol_11_00067,737,1,4.327989713835023
peak_005819,11,98,96,543,902,fol_11_00074,723,1,1.8443037115004488
peak_005822,11,101,99,588,951,fol_11_00077,770,1,1.706826858507499
peak_005824,11,104,101,620,762,fol_11_00079,691,1,2.119240776419673
peak_005825,11,104,100,763,947,fol_11_00080,855,1,2.748268930603919
peak_005826,11,106,101,763,971,fol_11_00081,867,1,2.596114290630919
peak_005838,11,125,124,825,1091,fol_11_00093,958,1,1.754864411280494
peak_005853,11,144,141,959,1151,fol_11_00108,1055,1,5.765262774737093
peak_005855,11,145,142,970,1270,fol_11_00110,1120,1,1.756855369101577
peak_005870,11,161,158,1101,1411,fol_11_00125,1256,1,1.860048329705769
peak_005878,11,169,167,1155,1572,fol_11_00133,1364,1,1.9630055938118305
peak_005880,11,172,169,1175,1388,fol_11_00135,1282,1,1.7954780755683253
peak_005889,11,180,178,1244,1584,fol_11_00144,1414,1,2.9922226599503103
peak_005916,11,214,211,1570,1919,fol_11_00171,1745,1,2.386951210753163
peak_005923,11,222,219,1624,1975,fol_11_00178,1800,1,2.049643699168702
peak_005941,11,244,240,2015,2167,fol_11_00196,2091,1,2.128670811565466
peak_005954,11,259,256,1953,2275,fol_11_00209,2114,1,1.9464723266877983
peak_005955,11,261,259,1968,2293,fol_11_00210,2131,1,2.045544023846797
peak_005957,11,264,257,1988,2298,fol_11_00212,2143,1,3.803808111715423
peak_005997,11,317,312,2392,2699,fol_11_00252,2546,1,2.0874998436315395
peak_006002,11,323,319,2421,2758,fol_11_00257,2590,1,2.2730946925135767
peak_006028,11,352,351,2704,3137,fol_11_00283,2921,1,1.9056750997818983
peak_006030,11,355,354,2726,3182,fol_11_00285,2954,1,1.7870215145828432
peak_006032,11,357,353,2739,3166,fol_11_00287,2953,1,2.097486175925477
peak_006039,11,365,362,2812,3251,fol_11_00294,3032,1,1.7921147272268223
peak_006052,11,381,378,2987,3141,fol_11_00307,3064,1,2.8429410200465983
peak_006053,11,381,380,3142,3416,fol_11_00308,3279,1,2.533375343256086
peak_006054,11,382,377,3002,3169,fol_11_00309,3086,1,2.392752022086297
peak_006057,11,386,383,3068,3265,fol_11_00312,3167,1,3.012727332103361
peak_006078,11,417,416,3307,3698,fol_11_00333,3503,1,1.8683627146069743
peak_006084,11,423,422,3380,3784,fol_11_00339,3582,1,1.876241259234315
peak_006090,11,430,426,3423,3842,fol_11_00345,3633,1,2.0666588110717767
peak_006097,11,439,430,3487,3864,fol_11_00352,3676,1,2.551929794999241
peak_006106,11,452,449,3580,3891,fol_11_00361,3736,1,1.8782883886390256
peak_006114,11,459,457,3659,4163,fol_11_00369,3911,1,1.7880910373405094
peak_006125,11,469,464,3728,4157,fol_11_00380,3943,1,2.6181617838550757
peak_006132,11,477,472,3764,4104,fol_11_00387,3934,1,1.800940577068246
peak_006135,11,480,475,3770,4210,fol_11_00390,3990,1,1.945407429751272
peak_006136,11,481,478,3782,4121,fol_11_00391,3952,1,3.5020694009663225
peak_006137,11,482,479,3787,4300,fol_11_00392,4044,1,1.9001258891676536
peak_006138,11,483,480,3792,4230,fol_11_00393,4011,1,2.103849825234098
peak_006139,11,484,477,3793,4124,fol_11_00394,3959,1,2.084732456515721
peak_006141,11,486,483,3817,4255,fol_11_00396,4036,1,1.8939318180451303
peak_006149,11,494,491,3873,4363,fol_11_00404,4118,1,4.151239635526844
peak_006152,11,497,496,3909,4339,fol_11_00407,4124,1,3.242374733223984
peak_006163,11,509,507,4024,4464,fol_11_00418,4244,1,1.8933801915008408
peak_006189,11,540,537,4279,4547,fol_11_00444,4413,1,1.7686107163714493
peak_006222,11,579,577,4678,4956,fol_11_00477,4817,1,1.8395983161526053
peak_006224,11,582,580,4717,4931,fol_11_00479,4824,1,13.38667348267882
peak_006234,11,592,589,4804,5156,fol_11_00489,4980,1,3.407512097877645
peak_006253,11,616,615,5050,5472,fol_11_00508,5261,1,4.674062994720461
peak_006259,11,624,622,5135,5529,fol_11_00514,5332,1,1.965691546369265
peak_006264,11,630,628,5206,5579,fol_11_00519,5393,1,1.7409196761933756
peak_006267,11,634,633,5267,5534,fol_11_00522,5401,1,4.284548831220444
peak_006272,11,642,641,5337,5684,fol_11_00527,5511,1,2.0065571065166883
peak_006275,11,645,640,5399,5630,fol_11_00530,5515,1,2.471543455111291
peak_006281,11,654,651,5415,5753,fol_11_00536,5584,1,2.004552292504207
peak_006286,11,662,657,5460,5836,fol_11_00541,5648,1,1.7084519111077534
peak_006289,11,666,664,5502,5719,fol_11_00544,5611,1,2.555070032256665
peak_006297,11,674,672,5580,5957,fol_11_00552,5769,1,1.815995062071294
peak_006305,11,685,683,5660,5972,fol_11_00560,5816,1,2.117372982524889
peak_006310,11,693,689,5712,5939,fol_11_00565,5826,1,2.545034447175218
peak_006311,11,695,692,5733,6128,fol_11_00566,5931,1,1.7295131381835882
peak_006356,11,746,743,6210,6572,fol_11_00611,6391,1,1.8523751797100156
peak_006359,11,749,746,6233,6425,fol_11_00614,6329,1,3.608148257765957
peak_006360,11,749,744,6426,6574,fol_11_00615,6500,1,2.0960871746859526
peak_006366,11,756,754,6284,6640,fol_11_00621,6462,1,1.9624501771967664
peak_006369,11,760,755,6295,6592,fol_11_00624,6444,1,2.168079855691508
peak_006372,11,763,760,6316,6608,fol_11_00627,6462,1,2.2806717646977988
peak_006398,11,791,790,6553,6867,fol_11_00653,6710,1,2.453580086443828
peak_006416,11,815,813,6717,7002,fol_11_00671,6860,1,3.323752982194357
peak_006424,11,826,823,6799,7114,fol_11_00679,6957,1,1.7831516684536173
peak_006439,11,842,838,6898,7268,fol_11_00694,7083,1,3.068518838244942
peak_006440,11,843,840,6910,7274,fol_11_00695,7092,1,2.1947017000636
peak_006441,11,845,841,6922,7235,fol_11_00696,7079,1,2.427954612511378
peak_006444,11,848,839,6937,7315,fol_11_00699,7126,1,2.651808992248004
peak_006445,11,849,847,6942,7316,fol_11_00700,7129,1,3.2009902833604507
peak_006466,11,879,881,7501,7646,fol_11_00721,7574,1,1.7925505793678331
peak_006468,11,880,876,7452,7607,fol_11_00723,7530,1,2.0803188515565028
peak_006469,11,881,875,7249,7625,fol_11_00724,7437,1,1.7976358198725897
peak_006470,11,882,877,7259,7684,fol_11_00725,7472,1,1.7408248167344054
peak_006472,11,885,880,7270,7451,fol_11_00727,7361,1,3.7923257964365145
peak_006475,11,887,879,7501,7669,fol_11_00730,7585,1,3.077408564061875
peak_006477,11,889,882,7301,7704,fol_11_00732,7503,1,5.4070444674338125
peak_006478,11,890,886,7303,7632,fol_11_00733,7468,1,2.0929675447107656
peak_006479,11,891,887,7311,7683,fol_11_00734,7497,1,1.8200593951667576
peak_006486,11,900,896,7357,7712,fol_11_00741,7535,1,1.9511450965008903
peak_006487,11,901,897,7366,7749,fol_11_00742,7558,1,1.7177251875138386
peak_006492,11,907,903,7410,7769,fol_11_00747,7590,1,1.889708112673192
peak_006494,11,909,907,7424,7786,fol_11_00749,7605,1,1.945629573549427
peak_006496,11,912,908,7445,7761,fol_11_00751,7603,1,3.495218065133454
peak_006504,11,922,921,7519,7897,fol_11_00759,7708,1,1.7381364577641636
peak_006507,11,925,923,7535,7898,fol_11_00762,7717,1,3.646774503142432
peak_006510,11,928,924,7547,7897,fol_11_00765,7722,1,2.1483763694986906
peak_006517,11,936,935,7619,7983,fol_11_00772,7801,1,2.6050758286885336
peak_006518,11,938,936,7635,7991,fol_11_00773,7813,1,2.417112942787748
peak_006525,11,947,944,7812,8087,fol_11_00780,7950,1,1.762106882729733
peak_006549,11,972,968,7914,8272,fol_11_00804,8093,1,2.2614857197451466
peak_006576,11,1006,1004,8212,8562,fol_11_00831,8387,1,1.7928096195740182
peak_006603,11,1037,1035,8517,8876,fol_11_00858,8697,1,2.437044388910211
peak_006621,11,1062,1061,8795,9075,fol_11_00876,8935,1,2.3699936137466118
peak_006637,11,1079,1077,8941,9231,fol_11_00892,9086,1,3.1018665055514343
peak_006680,11,1133,1129,9401,9798,fol_11_00935,9600,1,1.9353403170340933
peak_006682,11,1135,1133,9425,9817,fol_11_00937,9621,1,2.251332957115036
peak_006689,11,1144,1143,9530,9863,fol_11_00944,9697,1,3.5260818237679183
peak_006726,11,1192,1189,10014,10315,fol_11_00981,10165,1,1.7760869322910526
peak_006733,11,1202,1200,10101,10350,fol_11_00988,10226,1,1.987265135038321
peak_006738,11,1207,1204,10144,10454,fol_11_00993,10299,1,1.9719984791810432
peak_006747,11,1219,1217,10283,10672,fol_11_01002,10478,1,2.066954064007184
peak_006764,11,1239,1236,10445,10799,fol_11_01019,10622,1,2.737153613667558
peak_006770,11,1248,1247,10547,10813,fol_11_01025,10680,1,1.7909256373291436
peak_006786,11,1267,1265,10816,11104,fol_11_01041,10960,1,2.915062848746825
peak_006789,11,1271,1268,10809,10987,fol_11_01044,10898,1,2.6025531890771068
peak_006790,11,1272,1267,10811,11117,fol_11_01045,10964,1,2.3784332218026845
peak_006792,11,1274,1272,10829,11131,fol_11_01047,10980,1,2.039034968071912
peak_006793,11,1276,1274,10852,11147,fol_11_01048,11000,1,2.2591136669643865
peak_006795,11,1279,1276,10885,11162,fol_11_01050,11024,1,1.7203870040542275
peak_006808,11,1297,1296,11089,11362,fol_11_01063,11226,1,1.770599759960348
peak_006817,11,1309,1303,11171,11464,fol_11_01072,11318,1,1.9302567847750756
peak_006818,11,1310,1307,11183,11459,fol_11_01073,11321,1,1.7506330217756063
peak_006828,11,1321,1319,11288,11552,fol_11_01083,11420,1,1.9612498977206163
peak_006834,11,1328,1327,11397,11674,fol_11_01089,11536,1,1.7979744753190834
peak_006838,11,1333,1330,11441,11720,fol_11_01093,11581,1,1.731995293899136
peak_006847,11,1344,1342,11616,11843,fol_11_01102,11730,1,2.2592403756657147
peak_006859,11,1364,1362,11838,12224,fol_11_01114,12031,1,1.950920939261152
peak_006866,11,1373,1370,11905,12278,fol_11_01121,12092,1,2.1923779623068245
peak_006870,11,1377,1375,11935,12239,fol_11_01125,12087,1,2.030967376172116
peak_006873,11,1381,1378,11965,12298,fol_11_01128,12132,1,1.7349933690411934
peak_006899,11,1413,1409,12193,12507,fol_11_01154,12350,1,1.8120300305379229
peak_006902,11,1416,1412,12213,12387,fol_11_01157,12300,1,2.536818169355088
peak_006903,11,1416,1415,12388,12549,fol_11_01158,12469,1,3.6713809232658967
peak_006925,11,1439,1434,12346,12667,fol_11_01180,12507,1,1.857380282864344
peak_006926,11,1440,1439,12362,12686,fol_11_01181,12524,1,2.0597476129792853
peak_006934,11,1447,1443,12579,12750,fol_11_01189,12665,1,2.074386796033122
peak_006936,11,1449,1448,12418,12744,fol_11_01191,12581,1,1.8209122480374416
peak_006939,11,1452,1449,12429,12763,fol_11_01194,12596,1,2.876709042629362
peak_006952,11,1466,1462,12534,12781,fol_11_01207,12658,1,4.190292593301669
peak_006963,11,1476,1473,12635,13002,fol_11_01218,12819,1,1.8062549832506556
peak_006964,11,1477,1474,12638,13019,fol_11_01219,12829,1,1.7488296639032126
peak_006967,11,1480,1476,12663,13020,fol_11_01222,12842,1,1.8430680535114388
peak_006971,11,1484,1482,12690,13083,fol_11_01226,12887,1,1.944680403157785
peak_006980,11,1494,1490,12772,13172,fol_11_01235,12972,1,1.8715507950904149
peak_006981,11,1495,1491,12772,13177,fol_11_01236,12975,1,1.9202138269381144
peak_006999,11,1515,1512,12897,13182,fol_11_01254,13040,1,3.640186171627403
peak_007008,11,1524,1520,12963,13224,fol_11_01263,13094,1,2.632581151627259
peak_007028,11,1549,1547,13203,13470,fol_11_01283,13337,1,3.218149241845081
peak_007029,11,1551,1549,13203,13484,fol_11_01284,13344,1,2.3433533613764985
peak_007032,11,1555,1552,13202,13593,fol_11_01287,13398,1,2.2063010453907395
peak_007048,11,1573,1572,13380,13749,fol_11_01303,13565,1,1.92821872940414
peak_007056,11,1584,1580,13477,13848,fol_11_01311,13663,1,1.703533064302499
peak_007061,11,1592,1591,13566,13934,fol_11_01316,13750,1,1.9188906089699285
peak_007067,11,1600,1596,13623,13999,fol_11_01322,13811,1,2.7761668770774417
peak_007068,11,1602,1597,13639,13994,fol_11_01323,13817,1,1.895182070395424
peak_007074,11,1609,1607,13717,14069,fol_11_01329,13893,1,2.041734924934236
peak_007079,11,1615,1613,13769,13898,fol_11_01334,13834,1,5.065705790153886
peak_007080,11,1615,1614,13899,14100,fol_11_01335,14000,1,1.9445846343462283
peak_007091,11,1631,1630,13940,14283,fol_11_01346,14112,1,1.883353022830184
peak_007097,11,1637,1632,13978,14198,fol_11_01352,14088,1,1.7873267499376624
peak_007133,11,1678,1674,14338,14679,fol_11_01388,14509,1,1.8068939674399875
peak_007138,11,1683,1680,14379,14723,fol_11_01393,14551,1,2.020080739071512
peak_007140,11,1685,1683,14404,14544,fol_11_01395,14474,1,2.48330797995274
peak_007156,11,1702,1699,14534,14817,fol_11_01411,14676,1,2.5600895227740006
peak_007167,11,1715,1711,14646,14905,fol_11_01422,14776,1,1.7644594190652834
peak_007169,11,1718,1712,14665,15024,fol_11_01424,14845,1,2.8367958876203136
peak_007180,11,1730,1728,14794,15116,fol_11_01435,14955,1,1.8131829658341097
peak_007201,11,1751,1749,14986,15277,fol_11_01456,15132,1,2.0864880619610355
peak_007208,11,1761,1757,15076,15277,fol_11_01463,15177,1,1.791986405638311
peak_007217,12,21,17,1,182,fol_12_00005,92,1,1.939045091250564
peak_007227,12,33,31,1,305,fol_12_00015,153,1,3.085925107703592
peak_007234,12,41,40,1,421,fol_12_00022,211,1,1.7952760961311065
peak_007238,12,49,26,2,249,fol_12_00026,126,1,1.836681234462762
peak_007239,12,50,49,2,266,fol_12_00027,134,1,2.4893903386361056
peak_007253,12,66,63,78,458,fol_12_00041,268,1,3.893280869344704
peak_007260,12,75,71,129,502,fol_12_00048,316,1,1.942816117559896
peak_007295,12,113,111,487,620,fol_12_00083,554,1,2.8636991796264564
peak_007296,12,113,109,621,854,fol_12_00084,738,1,1.7909208763130893
peak_007300,12,117,115,519,821,fol_12_00088,670,1,2.007835353028417
peak_007302,12,120,116,534,1036,fol_12_00090,785,1,2.6499031205533616
peak_007355,12,187,183,993,1534,fol_12_00143,1264,1,1.8354386762765664
peak_007357,12,189,188,1011,1341,fol_12_00145,1176,1,1.9282819325319125
peak_007361,12,193,191,1044,1508,fol_12_00149,1276,1,1.873525542706032
peak_007370,12,203,198,1159,1461,fol_12_00158,1310,1,1.779550159216553
peak_007402,12,240,237,1618,1873,fol_12_00190,1746,1,2.319889657063793
peak_007425,12,265,261,1878,2292,fol_12_00213,2085,1,6.643426701371035
peak_007444,12,291,289,2092,2489,fol_12_00232,2291,1,4.044140598553365
peak_007455,12,303,301,2181,2402,fol_12_00243,2292,1,5.57652190290955
peak_007463,12,310,305,2247,2579,fol_12_00251,2413,1,1.8682247876721096
peak_007467,12,313,309,2250,2422,fol_12_00255,2336,1,4.434571779856459
peak_007487,12,336,334,2452,2894,fol_12_00275,2673,1,1.7892590827170547
peak_007491,12,340,337,2483,2816,fol_12_00279,2650,1,1.7535169532148989
peak_007504,12,355,354,2620,2966,fol_12_00292,2793,1,2.0709786322266384
peak_007522,12,376,371,2766,2969,fol_12_00310,2868,1,3.170090549863804
peak_007528,12,381,371,2970,3207,fol_12_00316,3089,1,1.746357265457942
peak_007541,12,392,389,3093,3301,fol_12_00329,3197,1,1.832932339023674
peak_007543,12,393,392,3125,3322,fol_12_00331,3224,1,3.3881439647644696
peak_007562,12,415,413,3054,3419,fol_12_00350,3237,1,1.7783475642655733
peak_007564,12,419,416,3075,3540,fol_12_00352,3308,1,1.716874609882839
peak_007571,12,426,424,3146,3560,fol_12_00359,3353,1,2.106858586398088
peak_007584,12,441,440,3248,3612,fol_12_00372,3430,1,2.3571840946620144
peak_007591,12,450,441,3292,3629,fol_12_00379,3461,1,2.0265165158419043
peak_007600,12,461,457,3367,3707,fol_12_00388,3537,1,2.190785224363772
peak_007604,12,465,463,3398,3748,fol_12_00392,3573,1,2.595594596895993
peak_007607,12,468,465,3412,3756,fol_12_00395,3584,1,2.1206208319457245
peak_007614,12,477,474,3474,3729,fol_12_00402,3602,1,2.8257972007133305
peak_007631,12,494,487,3592,4064,fol_12_00419,3828,1,1.7884137012599095
peak_007635,12,499,490,3615,3964,fol_12_00423,3790,1,1.8669045986149089
peak_007657,12,523,521,3781,4113,fol_12_00445,3947,1,2.433921669973057
peak_007678,12,548,543,3958,4431,fol_12_00466,4195,1,1.7587788036977812
peak_007683,12,553,549,4013,4544,fol_12_00471,4279,1,2.0290200161034755
peak_007732,12,610,606,4508,4977,fol_12_00520,4743,1,1.7383711580311358
peak_007733,12,611,608,4510,4791,fol_12_00521,4651,1,2.450166236754518
peak_007734,12,612,611,4521,4809,fol_12_00522,4665,1,4.6107196289322685
peak_007735,12,613,609,4529,4856,fol_12_00523,4693,1,1.775074717878517
peak_007737,12,615,614,4633,4858,fol_12_00525,4746,1,2.0665314851453025
peak_007752,12,638,637,4735,5228,fol_12_00540,4982,1,1.860027472115363
peak_007769,12,663,659,4934,5217,fol_12_00557,5076,1,2.7222498932062047
peak_007772,12,667,664,4966,5450,fol_12_00560,5208,1,1.9539232773099595
peak_007778,12,673,671,5034,5570,fol_12_00566,5302,1,1.789497757742665
peak_007781,12,677,676,5074,5573,fol_12_00569,5324,1,1.7095265712075352
peak_007788,12,684,683,5183,5435,fol_12_00576,5309,1,2.1044904815244627
peak_007792,12,688,686,5130,5428,fol_12_00580,5279,1,2.0466979681847057
peak_007795,12,691,688,5204,5450,fol_12_00583,5327,1,2.7735406897299755
peak_007797,12,692,693,5565,5720,fol_12_00585,5643,1,2.0599041270486578
peak_007804,12,700,697,5244,5766,fol_12_00592,5505,1,1.9801070435075123
peak_007820,12,718,717,5397,5690,fol_12_00608,5544,1,2.448470221556112
peak_007825,12,723,721,5461,5970,fol_12_00613,5716,1,2.3270469309890536
peak_007835,12,731,726,5843,6047,fol_12_00623,5945,1,1.817398579840557
peak_007840,12,738,734,5599,6107,fol_12_00628,5853,1,1.708123355060735
peak_007857,12,762,761,5941,6166,fol_12_00645,6054,1,2.027155610616888
peak_007859,12,765,756,5847,6196,fol_12_00647,6022,1,2.1392753374319358
peak_007867,12,777,773,5914,6287,fol_12_00655,6101,1,2.043105012209105
peak_007880,12,790,788,6021,6420,fol_12_00668,6221,1,2.6672675341135723
peak_007882,12,792,790,6042,6434,fol_12_00670,6238,1,2.0813655886437736
peak_007889,12,800,796,6101,6615,fol_12_00677,6358,1,2.020327828117275
peak_007890,12,801,794,6105,6611,fol_12_00678,6358,1,2.195715760411738
peak_007898,12,810,806,6158,6667,fol_12_00686,6413,1,2.3139577837884286
peak_007900,12,812,807,6163,6698,fol_12_00688,6431,1,2.681070661088842
peak_007901,12,813,809,6178,6540,fol_12_00689,6359,1,1.904576084157181
peak_007906,12,818,815,6202,6741,fol_12_00694,6472,1,1.733307000726498
peak_007908,12,820,817,6216,6591,fol_12_00696,6404,1,2.3943489902808586
peak_007911,12,824,820,6244,6439,fol_12_00699,6342,1,1.8447197079354631
peak_007913,12,825,824,6258,6439,fol_12_00701,6349,1,2.224285373658695
peak_007915,12,826,822,6259,6748,fol_12_00703,6504,1,1.7580673416736663
peak_007927,12,839,835,6381,6871,fol_12_00715,6626,1,2.0338948433271598
peak_007937,12,850,846,6440,6781,fol_12_00725,6611,1,2.2939651381627204
peak_007954,12,869,866,6575,6948,fol_12_00742,6762,1,1.8408957818041771
peak_007958,12,873,869,6596,6974,fol_12_00746,6785,1,1.875117225764463
peak_007960,12,875,874,6617,6993,fol_12_00748,6805,1,3.272645763283056
peak_007964,12,879,877,6642,7104,fol_12_00752,6873,1,3.078873346419271
peak_007980,12,895,890,6775,7106,fol_12_00768,6941,1,1.9298640428174816
peak_007982,12,897,895,6797,7124,fol_12_00770,6961,1,1.7173667295456418
peak_007986,12,900,897,6813,7144,fol_12_00774,6979,1,1.8707411742578963
peak_007989,12,903,900,6844,7167,fol_12_00777,7006,1,1.897791172939055
peak_007993,12,906,903,6881,7022,fol_12_00781,6952,1,2.4564079296737096
peak_008001,12,917,914,6986,7285,fol_12_00789,7136,1,1.709464528330845
peak_008008,12,928,924,7051,7364,fol_12_00796,7208,1,1.7405059842541593
peak_008010,12,930,927,7059,7252,fol_12_00798,7156,1,2.309128489506238
peak_008022,12,940,937,7129,7665,fol_12_00810,7397,1,2.138102490427469
peak_008026,12,945,942,7166,7759,fol_12_00814,7463,1,2.295430580068724
peak_008036,12,955,951,7251,7803,fol_12_00824,7527,1,1.7963756460891964
peak_008055,12,974,972,7397,7706,fol_12_00843,7552,1,2.673333163020469
peak_008061,12,982,979,7445,8044,fol_12_00849,7745,1,2.0027913376035897
peak_008065,12,986,982,7469,7763,fol_12_00853,7616,1,2.969114865794132
peak_008083,12,1000,993,7583,7726,fol_12_00871,7655,1,1.8646976663964443
peak_008088,12,1004,1001,7616,8164,fol_12_00876,7890,1,1.8673629751548888
peak_008094,12,1010,1006,7660,8020,fol_12_00882,7840,1,2.372302213557283
peak_008109,12,1026,1022,7787,8067,fol_12_00897,7927,1,2.827608196401106
peak_008116,12,1034,1029,7869,8437,fol_12_00904,8153,1,1.9438460572532847
peak_008151,12,1072,1069,8306,8603,fol_12_00939,8455,1,2.074176051870753
peak_008153,12,1075,1071,8349,8848,fol_12_00941,8599,1,1.7138780019552864
peak_008161,12,1084,1080,8433,8660,fol_12_00949,8547,1,2.501285746174698
peak_008166,12,1090,1086,8484,8759,fol_12_00954,8622,1,1.7046862968220489
peak_008170,12,1094,1090,8504,8778,fol_12_00958,8641,1,2.190921759124392
peak_008171,12,1095,1094,8516,8795,fol_12_00959,8656,1,1.780497826298527
peak_008173,12,1097,1095,8535,8813,fol_12_00961,8674,1,1.998467798850094
peak_008181,12,1106,1101,8641,8839,fol_12_00969,8740,1,3.1570295677461244
peak_008185,12,1109,1106,8840,9168,fol_12_00973,9004,1,1.8057690386386145
peak_008193,12,1115,1112,8746,8899,fol_12_00981,8823,1,1.8364241908505423
peak_008196,12,1118,1114,8765,9109,fol_12_00984,8937,1,2.361208599061233
peak_008201,12,1124,1121,8812,9114,fol_12_00989,8963,1,2.15626431530667
peak_008210,12,1133,1130,8897,9437,fol_12_00998,9167,1,1.8002963262205078
peak_008224,12,1149,1147,9038,9611,fol_12_01012,9325,1,2.0676085297255016
peak_008237,12,1164,1162,9175,9323,fol_12_01025,9249,1,5.969955417381155
peak_008238,12,1164,1166,9324,9464,fol_12_01026,9394,1,2.087469843203244
peak_008240,12,1166,1163,9188,9350,fol_12_01028,9269,1,4.419906291202074
peak_008251,12,1181,1179,9497,9827,fol_12_01039,9662,1,1.873592969924353
peak_008290,12,1227,1223,9833,10002,fol_12_01078,9918,1,4.100742833089842
peak_008293,12,1230,1228,9885,10691,fol_12_01081,10288,1,2.7695882281507926
peak_008300,12,1238,1234,9924,10220,fol_12_01088,10072,1,2.015151558262839
peak_008301,12,1239,1237,9933,10765,fol_12_01089,10349,1,2.0046971247875307
peak_008330,12,1275,1273,10260,10549,fol_12_01118,10405,1,5.113123461205489
peak_008347,12,1290,1288,10434,11237,fol_12_01135,10836,1,2.3079230883544883
peak_008356,12,1300,1295,10507,10831,fol_12_01144,10669,1,3.1231954672038738
peak_008357,12,1301,1297,10517,10785,fol_12_01145,10651,1,4.23920541684031
peak_008358,12,1301,1322,10856,11214,fol_12_01146,11035,1,3.9591826471392624
peak_008361,12,1304,1300,10528,10844,fol_12_01149,10686,1,1.901625189905937
peak_008364,12,1306,1297,10786,11319,fol_12_01152,11053,1,1.7845852743263817
peak_008376,12,1321,1319,10675,10979,fol_12_01164,10827,1,1.9541903875078603
peak_008377,12,1322,1310,10856,11197,fol_12_01165,11027,1,2.6321588462568712
peak_008387,12,1335,1333,10819,11039,fol_12_01175,10929,1,1.8874882352836355
peak_008403,12,1353,1348,10939,11278,fol_12_01191,11109,1,1.9912228259823717
peak_008410,12,1361,1357,11005,11336,fol_12_01198,11171,1,2.195603129939662
peak_008422,12,1375,1373,11119,11433,fol_12_01210,11276,1,1.772482846182599
peak_008424,12,1379,1378,11153,11304,fol_12_01212,11229,1,3.3669998497084026
peak_008426,12,1380,1379,11168,11304,fol_12_01214,11236,1,2.7995611625839443
peak_008427,12,1380,1378,11305,11516,fol_12_01215,11411,1,2.496869644085599
peak_008461,12,1417,1415,11468,11999,fol_12_01249,11734,1,6.500358149601652
peak_008470,12,1424,1422,11724,11979,fol_12_01258,11852,1,1.9703777390684936
peak_008485,12,1437,1435,11629,11945,fol_12_01273,11787,1,2.09801653330667
peak_008512,12,1468,1466,11912,12373,fol_12_01300,12143,1,2.233327481328628
peak_008515,12,1471,1469,11929,12305,fol_12_01303,12117,1,2.28365370786574
peak_008523,12,1483,1480,12055,12372,fol_12_01311,12214,1,2.21843684436514
peak_008526,12,1485,1482,12069,12404,fol_12_01314,12237,1,1.9045212516554304
peak_008535,12,1494,1493,12185,12516,fol_12_01323,12351,1,3.257023494798416
peak_008537,12,1496,1494,12205,12539,fol_12_01325,12372,1,1.745007607269212
peak_008541,12,1501,1500,12255,12593,fol_12_01329,12424,1,2.8037472087773825
peak_008631,12,1606,1604,13358,13733,fol_12_01419,13546,1,2.5609434952868315
peak_008633,12,1608,1601,13372,13809,fol_12_01421,13591,1,1.9595055875995235
peak_008638,12,1613,1612,13412,13806,fol_12_01426,13609,1,3.05883460563806
peak_008646,12,1621,1615,13458,13862,fol_12_01434,13660,1,2.5243730841641776
peak_008656,12,1633,1630,13551,13951,fol_12_01444,13751,1,2.387601187091661
peak_008689,12,1668,1666,13833,14204,fol_12_01477,14019,1,2.253036241012215
peak_008692,12,1672,1667,13847,14176,fol_12_01480,14012,1,1.7925762240515886
peak_008698,12,1677,1674,13879,14264,fol_12_01486,14072,1,2.973856295039258
peak_008734,12,1718,1716,14251,14641,fol_12_01522,14446,1,2.099479356579303
peak_008735,12,1719,1713,14254,14643,fol_12_01523,14449,1,1.996591355502312
peak_008752,12,1738,1734,14399,14750,fol_12_01540,14575,1,1.7922348475942702
peak_008753,12,1739,1733,14401,14828,fol_12_01541,14615,1,1.8381467848051547
peak_008754,12,1740,1737,14414,15009,fol_12_01542,14712,1,1.9174765685670971
peak_008760,12,1747,1742,14492,14751,fol_12_01548,14622,1,1.871101887326224
peak_008761,12,1747,1748,14752,14994,fol_12_01549,14873,1,2.0666211765573363
peak_008766,12,1752,1749,14539,14986,fol_12_01554,14763,1,1.7388749523143945
peak_008777,12,1763,1762,14622,14955,fol_12_01565,14789,1,2.0823881176637262
peak_008792,12,1781,1778,14784,15060,fol_12_01580,14922,1,1.951976496111061
peak_008793,12,1783,1779,14796,15063,fol_12_01581,14930,1,2.3861862073783406
peak_008801,12,1788,1784,14864,15113,fol_12_01589,14989,1,3.0984477350970887
peak_008818,12,1806,1799,15033,15444,fol_12_01606,15239,1,2.789440899874604
peak_008822,12,1810,1804,15070,15474,fol_12_01610,15272,1,1.957177818312232
peak_008827,12,1815,1813,15120,15288,fol_12_01615,15204,1,3.078987973096029
peak_008842,12,1829,1825,15274,15527,fol_12_01630,15401,1,3.131936620375232
peak_008872,12,1871,1867,15644,16044,fol_12_01660,15844,1,2.1732176946067616
peak_008883,12,1882,1879,15738,16095,fol_12_01671,15917,1,1.7280771966870487
peak_008921,12,1923,1921,16098,16477,fol_12_01709,16288,1,1.971990810865968
peak_008927,12,1930,1928,16155,16530,fol_12_01715,16343,1,1.9992844991660652
peak_008932,12,1937,1932,16204,16573,fol_12_01720,16389,1,2.280599778807011
peak_008944,12,1952,1953,16318,16591,fol_12_01732,16455,1,1.9017849032310976
peak_008945,12,1953,1948,16321,16580,fol_12_01733,16451,1,4.372253124490057
peak_008949,12,1957,1952,16338,16575,fol_12_01737,16457,1,2.349160841876666
peak_008950,12,1958,1957,16349,16575,fol_12_01738,16462,1,2.435158250128142
peak_008989,12,2003,2001,16765,17074,fol_12_01777,16920,1,1.7405407264896882
peak_009010,12,2024,2010,16913,17197,fol_12_01798,17055,1,1.8247627560181023
peak_009030,12,2046,2045,17143,17443,fol_12_01818,17293,1,1.897262099219276
peak_009035,12,2054,2051,17221,17592,fol_12_01823,17407,1,2.322462884960219
peak_009038,12,2057,2053,17240,17674,fol_12_01826,17457,1,1.956660391702185
peak_009046,12,2065,2062,17330,17613,fol_12_01834,17472,1,1.9904259971973264
peak_009056,12,2076,2074,17406,17825,fol_12_01844,17616,1,1.8991570238570397
peak_009076,12,2098,2094,17577,17911,fol_12_01864,17744,1,2.70710198079324
peak_009086,12,2107,2106,17760,18023,fol_12_01874,17892,1,2.6236745297064297
peak_009114,12,2141,2148,17944,18179,fol_12_01902,18062,1,1.711242580666399
peak_009115,12,2142,2133,17915,18198,fol_12_01903,18057,1,1.769538014014812
peak_009116,12,2143,2141,17927,18095,fol_12_01904,18011,1,2.4147654019946034
peak_009131,12,2159,2155,18027,18336,fol_12_01919,18182,1,1.8618645328732613
peak_009134,12,2162,2160,18051,18422,fol_12_01922,18237,1,1.9864000937636728
peak_009137,12,2165,2161,18066,18401,fol_12_01925,18234,1,2.608617659102343
peak_009138,12,2166,2162,18072,18434,fol_12_01926,18253,1,1.8098659707275768
peak_009139,12,2167,2166,18089,18459,fol_12_01927,18274,1,1.945931765715141
peak_009146,12,2174,2171,18190,18530,fol_12_01934,18360,1,2.2490864805615187
peak_009158,12,2190,2183,18298,18684,fol_12_01946,18491,1,1.848129631076613
peak_009162,12,2194,2192,18336,18683,fol_12_01950,18510,1,1.7758654393460618
peak_009178,12,2211,2208,18437,18766,fol_12_01966,18602,1,2.0774031096345986
peak_009181,12,2214,2212,18457,18817,fol_12_01969,18637,1,1.9478153454225744
peak_009200,12,2235,2234,18614,18913,fol_12_01988,18764,1,1.707188295534772
peak_009216,12,2251,2248,18777,19145,fol_12_02004,18961,1,1.961838685006713
peak_009244,12,2282,2280,19031,19392,fol_12_02032,19212,1,1.914812284247892
peak_009253,12,2292,2291,19139,19497,fol_12_02041,19318,1,1.835985614780718
peak_009262,12,2303,2301,19269,19589,fol_12_02050,19429,1,2.779422129694845
peak_009268,12,2311,2307,19331,19634,fol_12_02056,19483,1,1.9841695049401613
peak_009326,12,2377,2375,19913,20248,fol_12_02114,20081,1,1.9939575244144676
peak_009344,12,2398,2395,20082,20401,fol_12_02132,20242,1,1.713391626297615
peak_009360,12,2415,2412,20214,20527,fol_12_02148,20371,1,2.067226881610115
peak_009370,12,2425,2423,20288,20608,fol_12_02158,20448,1,2.2043659513754013
peak_009372,12,2427,2422,20294,20601,fol_12_02160,20448,1,1.7439042311117892
peak_009389,12,2447,2443,20425,20736,fol_12_02177,20581,1,1.8273685331145584
peak_009394,12,2452,2449,20454,20752,fol_12_02182,20603,1,1.8355021358309989
peak_009404,12,2464,2462,20567,20857,fol_12_02192,20712,1,2.448480972400819
peak_009407,12,2468,2464,20588,20875,fol_12_02195,20732,1,1.9092521971760237
peak_009412,12,2473,2470,20618,20999,fol_12_02200,20809,1,2.418394988864641
peak_009415,12,2477,2479,20760,21039,fol_12_02203,20900,1,3.4085719354585664
peak_009427,12,2494,2489,20756,21096,fol_12_02215,20926,1,1.8899732108523424
peak_009444,12,2515,2512,20941,21246,fol_12_02232,21094,1,1.965564609258622
peak_009446,12,2518,2516,20968,21321,fol_12_02234,21145,1,2.2833618442345003
peak_009450,12,2522,2518,20991,21336,fol_12_02238,21164,1,2.180847862169196
peak_009453,12,2525,2522,21018,21353,fol_12_02241,21186,1,1.7299900536665678
peak_009468,12,2542,2537,21179,21491,fol_12_02256,21335,1,2.261716445305173
peak_009469,12,2543,2542,21197,21507,fol_12_02257,21352,1,2.280500793422088
peak_009479,12,2554,2551,21262,21583,fol_12_02267,21423,1,2.2768015118425757
peak_009486,12,2562,2561,21381,21727,fol_12_02274,21554,1,3.742475052350155
peak_009488,12,2565,2562,21399,21742,fol_12_02276,21571,1,2.237272989645439
peak_009494,12,2571,2569,21449,21781,fol_12_02282,21615,1,1.9481631140874465
peak_009506,12,2587,2586,21638,21950,fol_12_02294,21794,1,1.7751963632397736
peak_009534,12,2626,2620,21993,22261,fol_12_02322,22127,1,2.598291794703198
peak_009554,12,2649,2645,22247,22430,fol_12_02342,22339,1,3.395559224731638
peak_009555,12,2649,2651,22431,22572,fol_12_02343,22502,1,2.5276040855016344
peak_009565,12,2663,2661,22366,22696,fol_12_02353,22531,1,1.8629401960492091
peak_009568,12,2666,2663,22389,22716,fol_12_02356,22553,1,1.8614282227243644
peak_009575,12,2674,2672,22452,22786,fol_12_02363,22619,1,1.7470522919770946
peak_009612,13,11,9,1,134,fol_13_00001,68,1,1.7370594792360707
peak_009613,13,12,10,1,149,fol_13_00002,75,1,3.4528069905890733
peak_009621,13,23,19,1,218,fol_13_00010,110,1,1.8500659397136197
peak_009639,13,47,34,18,397,fol_13_00028,208,1,1.7115176707871416
peak_009656,13,64,60,122,381,fol_13_00045,252,1,1.9116468668831763
peak_009657,13,65,59,122,426,fol_13_00046,274,1,2.0163578903361845
peak_009681,13,92,84,394,707,fol_13_00070,551,1,1.989519587489729
peak_009695,13,112,110,528,934,fol_13_00084,731,1,2.7649358117357985
peak_009697,13,114,112,554,934,fol_13_00086,744,1,1.951992842781897
peak_009704,13,122,121,646,933,fol_13_00093,790,1,2.7266132294947907
peak_009712,13,132,127,742,956,fol_13_00101,849,1,1.7634105674718843
peak_009713,13,132,130,957,1137,fol_13_00102,1047,1,1.7479266552476986
peak_009728,13,149,143,876,1143,fol_13_00117,1010,1,4.197201074485232
peak_009730,13,153,148,903,1196,fol_13_00119,1050,1,2.045396436199261
peak_009740,13,164,162,1009,1437,fol_13_00129,1223,1,2.823097055709852
peak_009745,13,170,165,1033,1447,fol_13_00134,1240,1,2.621582974706112
peak_009751,13,177,175,1137,1346,fol_13_00140,1242,1,1.7499828509254645
peak_009752,13,177,178,1347,1549,fol_13_00141,1448,1,3.4802900374124404
peak_009764,13,188,183,1238,1498,fol_13_00153,1368,1,1.9629649135886047
peak_009769,13,193,189,1286,1677,fol_13_00158,1482,1,2.6938286547238484
peak_009775,13,201,198,1340,1643,fol_13_00164,1492,1,1.7878041618688976
peak_009793,13,220,217,1493,1929,fol_13_00182,1711,1,2.4897988989573485
peak_009795,13,222,220,1513,1950,fol_13_00184,1732,1,2.244058928467476
peak_009802,13,230,228,1581,2033,fol_13_00191,1807,1,4.591016474633167
peak_009805,13,233,230,1610,2047,fol_13_00194,1829,1,2.5091222293031925
peak_009821,13,250,245,1737,2126,fol_13_00210,1932,1,1.7894213141573223
peak_009837,13,265,259,1842,2239,fol_13_00226,2041,1,1.9741627105780104
peak_009838,13,266,262,1846,2148,fol_13_00227,1997,1,2.5951252150988378
peak_009864,13,292,288,2064,2326,fol_13_00253,2195,1,2.1365468641400045
peak_009865,13,292,290,2327,2455,fol_13_00254,2391,1,1.9280523643151304
peak_009876,13,301,299,2140,2530,fol_13_00265,2335,1,2.625707745235561
peak_009877,13,302,300,2143,2539,fol_13_00266,2341,1,1.895439897487568
peak_009884,13,309,306,2218,2511,fol_13_00273,2365,1,4.14946207344285
peak_009895,13,322,317,2388,2631,fol_13_00284,2510,1,3.5161523168106426
peak_009905,13,333,328,2387,2757,fol_13_00294,2572,1,1.8942449881832295
peak_009913,13,341,338,2432,2644,fol_13_00302,2538,1,4.0961566242267375
peak_009924,13,351,347,2532,2809,fol_13_00313,2671,1,1.8970576611835213
peak_009950,13,378,376,2759,3053,fol_13_00339,2906,1,2.226861344152479
peak_009972,13,402,400,2922,3208,fol_13_00361,3065,1,1.905669754994767
peak_009980,13,411,405,2980,3358,fol_13_00369,3169,1,1.821866630724956
peak_009988,13,421,418,3070,3444,fol_13_00377,3257,1,1.7216225881558331
peak_009995,13,430,425,3136,3484,fol_13_00384,3310,1,2.1832366829823644
peak_009996,13,431,430,3147,3503,fol_13_00385,3325,1,1.8034671761896128
peak_010001,13,437,433,3181,3564,fol_13_00390,3373,1,1.93316595636416
peak_010002,13,438,431,3199,3446,fol_13_00391,3323,1,4.297539706839717
peak_010022,13,457,451,3482,3763,fol_13_00411,3623,1,2.21493889584765
peak_010048,13,490,488,3796,4051,fol_13_00437,3924,1,1.7051671352235664
peak_010057,13,501,498,3882,4009,fol_13_00446,3946,1,3.052061493244425
peak_010058,13,501,502,4010,4192,fol_13_00447,4101,1,2.406271370217836
peak_010060,13,504,499,3889,4199,fol_13_00449,4044,1,2.0790065699038918
peak_010062,13,507,501,4010,4212,fol_13_00451,4111,1,2.528977382938192
peak_010064,13,509,507,3922,4226,fol_13_00453,4074,1,2.427253710128788
peak_010070,13,515,513,3996,4283,fol_13_00459,4140,1,2.009310455791124
peak_010072,13,517,516,4020,4301,fol_13_00461,4161,1,2.1697215970209496
peak_010114,13,569,568,4449,4595,fol_13_00503,4522,1,1.986308673739861
peak_010127,13,582,580,4541,4883,fol_13_00516,4712,1,2.3965545132681108
peak_010138,13,594,590,4657,4927,fol_13_00527,4792,1,1.8633437927036791
peak_010141,13,597,594,4680,4945,fol_13_00530,4813,1,1.892620263311836
peak_010149,13,607,606,4803,5092,fol_13_00538,4948,1,3.2272125156219085
peak_010152,13,610,607,4829,5104,fol_13_00541,4967,1,1.7199065396317794
peak_010155,13,613,610,4849,5123,fol_13_00544,4986,1,1.825208645907096
peak_010166,13,625,623,4979,5140,fol_13_00555,5060,1,1.7508820706568808
peak_010170,13,630,625,5141,5273,fol_13_00559,5207,1,3.348989710564529
peak_010189,13,654,649,5505,5660,fol_13_00578,5583,1,1.90173274266955
peak_010192,13,660,655,5394,5641,fol_13_00581,5518,1,1.7608553970122165
peak_010212,13,684,681,5607,5911,fol_13_00601,5759,1,1.747791171193161
peak_010220,13,693,691,5684,5982,fol_13_00609,5833,1,2.195876194154214
peak_010236,13,711,709,5881,6159,fol_13_00625,6020,1,2.524146169756337
peak_010249,13,728,725,6060,6346,fol_13_00638,6203,1,1.8176605844413407
peak_010252,13,731,728,6079,6307,fol_13_00641,6193,1,2.296768314874939
peak_010258,13,738,736,6154,6482,fol_13_00647,6318,1,1.9242480732149023
peak_010261,13,741,738,6175,6501,fol_13_00650,6338,1,2.770057775540316
peak_010287,13,772,767,6517,6790,fol_13_00676,6654,1,3.2258908393417607
peak_010300,13,791,788,6733,6953,fol_13_00689,6843,1,3.4308421756751133
peak_010305,13,796,794,6776,7077,fol_13_00694,6927,1,1.7052710674052434
peak_010307,13,798,795,6798,7044,fol_13_00696,6921,1,2.472378888050215
peak_010351,13,851,847,7303,7607,fol_13_00740,7455,1,2.2594125231344293
peak_010368,13,877,875,7644,7930,fol_13_00757,7787,1,1.8426956542390072
peak_010371,13,882,881,7767,7970,fol_13_00760,7869,1,1.7443388376948357
peak_010376,13,888,884,7711,8020,fol_13_00765,7866,1,3.55072341163393
peak_010378,13,890,888,7801,8036,fol_13_00767,7919,1,2.121199721679481
peak_010397,13,911,907,7884,8127,fol_13_00786,8006,1,1.744734543316312
peak_010414,13,926,924,8032,8381,fol_13_00803,8207,1,2.506520704244523
peak_010415,13,927,925,8034,8333,fol_13_00804,8184,1,1.9873003542607277
peak_010435,13,949,945,8222,8503,fol_13_00824,8363,1,1.8366284619844535
peak_010441,13,955,953,8275,8585,fol_13_00830,8430,1,2.1725025561568514
peak_010443,13,957,954,8310,8570,fol_13_00832,8440,1,1.728056666219682
peak_010459,13,974,973,8458,8730,fol_13_00848,8594,1,2.029922701593172
peak_010463,13,979,974,8486,8746,fol_13_00852,8616,1,2.335599582556517
peak_010475,13,994,991,8630,8935,fol_13_00864,8783,1,2.58043582537798
peak_010480,13,1005,1003,8807,9015,fol_13_00869,8911,1,2.0754202581146184
peak_010482,13,1008,1006,8826,9018,fol_13_00871,8922,1,6.237869342773258
peak_010505,13,1033,1031,9094,9367,fol_13_00894,9231,1,2.155797236531971
peak_010523,13,1055,1054,9382,9628,fol_13_00912,9505,1,1.71415463098783
peak_010555,13,1090,1084,9629,9811,fol_13_00944,9720,1,2.807941836894655
peak_010563,13,1097,1092,9674,10037,fol_13_00952,9856,1,2.1376479225381324
peak_010566,13,1100,1091,9712,10087,fol_13_00955,9900,1,2.1951905480152214
peak_010571,13,1105,1104,9778,10158,fol_13_00960,9968,1,2.667689799870012
peak_010588,13,1124,1122,9989,10304,fol_13_00977,10147,1,2.565789860030447
peak_010590,13,1126,1123,10005,10274,fol_13_00979,10140,1,1.81449161490597
peak_010621,13,1159,1158,10426,10696,fol_13_01010,10561,1,2.358778676290412
peak_010624,13,1162,1160,10447,10777,fol_13_01013,10612,1,1.7908869528473093
peak_010638,13,1182,1181,10622,10899,fol_13_01027,10761,1,2.262358625208206
peak_010645,13,1194,1193,10744,11087,fol_13_01034,10916,1,1.9220261741762297
peak_010653,13,1204,1202,10843,11177,fol_13_01042,11010,1,1.8047887774427005
peak_010669,13,1227,1220,11025,11240,fol_13_01058,11133,1,2.2856718354147056
peak_010671,13,1230,1224,11050,11264,fol_13_01060,11157,1,1.7040376492537077
peak_010681,13,1240,1237,11170,11303,fol_13_01070,11237,1,2.6136713040069663
peak_010683,13,1242,1238,11218,11604,fol_13_01072,11411,1,2.7437663004947197
peak_010686,13,1246,1242,11239,11619,fol_13_01075,11429,1,2.9997294969472104
peak_010689,13,1249,1246,11261,11634,fol_13_01078,11448,1,1.962396240960302
peak_010705,13,1272,1267,11431,11610,fol_13_01094,11521,1,4.783257078478506
peak_010710,13,1278,1277,11494,11832,fol_13_01099,11663,1,1.7050214346351908
peak_010735,13,1309,1306,11747,12068,fol_13_01124,11908,1,3.808649279494981
peak_010761,13,1338,1332,11956,12273,fol_13_01150,12115,1,1.9275444663510175
peak_010763,13,1340,1336,12001,12269,fol_13_01152,12135,1,2.310793358723346
peak_010765,13,1342,1339,11986,12462,fol_13_01154,12224,1,1.9828793261771596
peak_010777,13,1354,1352,12089,12589,fol_13_01166,12339,1,2.059588579310251
peak_010779,13,1357,1351,12097,12422,fol_13_01168,12260,1,1.840879347651887
peak_010784,13,1362,1354,12136,12615,fol_13_01173,12376,1,2.0743284616646664
peak_010791,13,1370,1366,12280,12580,fol_13_01180,12430,1,1.8425531862545133
peak_010839,13,1424,1420,12829,13210,fol_13_01228,13020,1,1.7052269170127845
peak_010860,13,1454,1450,13084,13380,fol_13_01249,13232,1,1.87555810479426
peak_010869,13,1466,1461,13161,13454,fol_13_01258,13308,1,1.7859424850996353
peak_010897,13,1501,1498,13459,13760,fol_13_01286,13610,1,2.190611703111643
peak_010900,13,1504,1497,13475,13780,fol_13_01289,13628,1,3.7306635095776337
peak_010917,13,1521,1517,13627,14062,fol_13_01306,13845,1,1.7234517851162992
peak_010923,13,1527,1526,13720,13982,fol_13_01312,13851,1,2.6823943445457417
peak_010940,13,1546,1545,13884,14262,fol_13_01329,14073,1,2.641063956203422
peak_010948,13,1554,1553,13946,14249,fol_13_01337,14098,1,1.7952406319799716
peak_010957,13,1566,1563,14033,14226,fol_13_01346,14130,1,5.609326583694567
peak_010958,13,1566,1562,14227,14429,fol_13_01347,14328,1,2.03018416594767
peak_010969,13,1580,1581,14362,14503,fol_13_01358,14433,1,1.842921079762937
peak_010975,13,1586,1584,14267,14566,fol_13_01364,14417,1,4.375418220826012
peak_011009,13,1625,1622,14637,14813,fol_13_01398,14725,1,2.4596303033074167
peak_011010,13,1625,1623,14814,14998,fol_13_01399,14906,1,2.01337983139762
peak_011019,13,1636,1631,14713,15002,fol_13_01408,14858,1,2.040921402370694
peak_011031,13,1650,1647,14832,15156,fol_13_01420,14994,1,2.9737413061213904
peak_011032,13,1651,1649,14841,15167,fol_13_01421,15004,1,2.206639779677602
peak_011068,13,1692,1689,15194,15394,fol_13_01457,15294,1,3.0999092728737767
peak_011077,13,1698,1692,15395,15622,fol_13_01466,15509,1,2.4210691984086647
peak_011080,13,1700,1697,15402,15548,fol_13_01469,15475,1,1.8838305139742
peak_011089,13,1709,1707,15332,15713,fol_13_01478,15523,1,1.8353237399289384
peak_011110,13,1731,1729,15532,15890,fol_13_01499,15711,1,2.3095636291362456
peak_011120,13,1744,1742,15616,15956,fol_13_01509,15786,1,2.210895930503241
peak_011123,13,1748,1745,15644,15929,fol_13_01512,15787,1,2.40993496818019
peak_011128,13,1755,1746,15688,16046,fol_13_01517,15867,1,2.44865051245375
peak_011129,13,1756,1751,15693,15978,fol_13_01518,15836,1,1.7267327439174935
peak_011130,13,1757,1752,15696,16030,fol_13_01519,15863,1,2.426936239678453
peak_011131,13,1758,1756,15712,15998,fol_13_01520,15855,1,1.734965323127314
peak_011134,13,1761,1759,15864,16085,fol_13_01523,15975,1,3.185169400243072
peak_011143,13,1770,1768,15805,16146,fol_13_01532,15976,1,3.1155667981452217
peak_011146,13,1773,1771,15825,16121,fol_13_01535,15973,1,2.6729293020982934
peak_011178,13,1815,1813,16369,16544,fol_13_01567,16457,1,2.027216126969658
peak_011196,13,1836,1834,16431,16686,fol_13_01585,16559,1,2.491180357376443
peak_011202,13,1842,1838,16460,16777,fol_13_01591,16619,1,2.3282423832705232
peak_011215,13,1857,1855,16583,16853,fol_13_01604,16718,1,2.625238354321542
peak_011220,13,1865,1861,16711,16838,fol_13_01609,16775,1,2.0418594532835788
peak_011236,13,1886,1884,16917,17269,fol_13_01625,17093,1,2.549633968925704
peak_011245,13,1898,1896,16999,17341,fol_13_01634,17170,1,2.929319707693239
peak_011267,13,1923,1921,17159,17489,fol_13_01656,17324,1,1.8407828706257112
peak_011283,13,1941,1938,17268,17643,fol_13_01672,17456,1,2.142652723996818
peak_011284,13,1942,1940,17309,17634,fol_13_01673,17472,1,2.222904386793157
peak_011287,13,1945,1941,17282,17664,fol_13_01676,17473,1,2.8306144496937824
peak_011288,13,1946,1943,17296,17565,fol_13_01677,17431,1,1.7763427723908027
peak_011324,13,1988,1985,17770,18131,fol_13_01713,17951,1,2.1540956573489702
peak_011326,13,1990,1988,17785,18146,fol_13_01715,17966,1,2.0829627964930726
peak_011334,13,2000,1994,17858,17990,fol_13_01723,17924,1,1.965459215365965
peak_011335,13,2000,1999,17991,18150,fol_13_01724,18071,1,1.7585024756119412
peak_011336,13,2001,2000,17991,18174,fol_13_01725,18083,1,3.796437823197189
peak_011349,13,2018,2015,18137,18311,fol_13_01738,18224,1,3.1361643926712204
peak_011350,13,2019,2018,18151,18421,fol_13_01739,18286,1,3.5754386244296734
peak_011355,13,2025,2020,18223,18442,fol_13_01744,18333,1,2.5209264008240333
peak_011361,13,2033,2031,18295,18643,fol_13_01750,18469,1,2.1072949381950616
peak_011364,13,2037,2034,18317,18597,fol_13_01753,18457,1,1.817851101339435
peak_011366,13,2039,2037,18355,18616,fol_13_01755,18486,1,1.705131318130466
peak_011369,13,2046,2045,18404,18723,fol_13_01758,18564,1,3.00480645649676
peak_011372,13,2049,2046,18425,18592,fol_13_01761,18509,1,2.772361331963148
peak_011381,13,2056,2055,18477,18804,fol_13_01770,18641,1,3.343086468074858
peak_011392,13,2070,2067,18657,18940,fol_13_01781,18799,1,2.462498164369055
peak_011399,13,2077,2076,18748,19021,fol_13_01788,18885,1,2.064275497192958
peak_011401,13,2081,2078,18774,18905,fol_13_01790,18840,1,1.826564564566084
peak_011409,13,2092,2091,18856,19149,fol_13_01798,19003,1,1.9697475095311292
peak_011416,13,2101,2099,18924,19264,fol_13_01805,19094,1,2.024087093577315
peak_011421,13,2106,2101,18947,19080,fol_13_01810,19014,1,3.64876021076022
peak_011422,13,2106,2105,19081,19253,fol_13_01811,19167,1,2.15042980241262
peak_011425,13,2110,2107,18970,19330,fol_13_01814,19150,1,1.873554057777952
peak_011447,13,2133,2131,19197,19513,fol_13_01836,19355,1,1.7713189777856255
peak_011478,13,2166,2164,19463,19841,fol_13_01867,19652,1,1.785878519196006
peak_011490,13,2179,2178,19573,19912,fol_13_01879,19743,1,1.976949939091295
peak_011492,13,2181,2179,19587,19912,fol_13_01881,19750,1,2.2264818600628367
peak_011495,13,2184,2181,19610,19992,fol_13_01884,19801,1,2.269775582655106
peak_011504,13,2195,2190,19703,20094,fol_13_01893,19899,1,1.703217449475296
peak_011510,13,2202,2197,19739,20021,fol_13_01899,19880,1,1.7362761845730268
peak_011514,13,2206,2203,19768,20097,fol_13_01903,19933,1,2.1954460866352576
peak_011519,13,2213,2206,19819,20088,fol_13_01908,19954,1,3.28922877101399
peak_011520,13,2214,2210,19827,20170,fol_13_01909,19999,1,1.8871604774086013
peak_011531,13,2226,2222,19948,20204,fol_13_01920,20076,1,2.296430792474561
peak_011532,13,2227,2225,19948,20291,fol_13_01921,20120,1,3.989497484283372
peak_011535,13,2230,2227,19965,20302,fol_13_01924,20134,1,2.5176200417337022
peak_011537,13,2232,2226,19974,20219,fol_13_01926,20097,1,1.725907970940709
peak_011544,13,2239,2240,20253,20389,fol_13_01933,20321,1,2.09919200927282
peak_011566,13,2261,2254,20351,20624,fol_13_01955,20488,1,2.060580043913411
peak_011597,13,2290,2287,20475,20851,fol_13_01986,20663,1,2.3280026701452208
peak_011604,13,2297,2295,20532,20795,fol_13_01993,20664,1,1.9137276901996128
peak_011605,13,2298,2296,20599,20850,fol_13_01994,20725,1,1.7465740953975422
peak_011613,13,2309,2307,20647,20956,fol_13_02002,20802,1,1.7445077879455038
peak_011623,13,2323,2321,20771,21066,fol_13_02012,20919,1,1.7677550508409745
peak_011632,13,2336,2334,21029,21275,fol_13_02021,21152,1,4.02924660580014
peak_011641,13,2352,2349,21151,21375,fol_13_02030,21263,1,2.518343008091254
peak_011659,13,2377,2374,21346,21732,fol_13_02048,21539,1,6.098882408680437
peak_011680,13,2402,2397,21544,21899,fol_13_02069,21722,1,2.14607232537584
peak_011685,13,2407,2405,21585,21897,fol_13_02074,21741,1,3.54954471834974
peak_011699,13,2423,2421,21711,22018,fol_13_02088,21865,1,2.0430181476395086
peak_011701,13,2426,2423,21742,22037,fol_13_02090,21890,1,2.0080620959427096
peak_011710,13,2434,2433,21834,22172,fol_13_02099,22003,1,1.9340717652358488
peak_011711,13,2435,2434,21849,22202,fol_13_02100,22026,1,2.485767731382092
peak_011713,13,2437,2432,21857,22007,fol_13_02102,21932,1,2.149674453030452
peak_011719,13,2441,2438,21877,22157,fol_13_02108,22017,1,1.8110375823051612
peak_011746,13,2471,2470,22293,22587,fol_13_02135,22440,1,2.131872526694458
peak_011752,13,2481,2478,22361,22797,fol_13_02141,22579,1,1.8200940626361417
peak_011755,13,2484,2479,22370,22739,fol_13_02144,22555,1,1.7600193560538706
peak_011761,13,2490,2487,22475,22813,fol_13_02150,22644,1,3.180185335283966
peak_011766,13,2495,2493,22482,22937,fol_13_02155,22710,1,1.8974277872252607
peak_011769,13,2498,2494,22497,22896,fol_13_02158,22697,1,2.158655295223092
peak_011796,13,2527,2525,22838,23148,fol_13_02185,22993,1,1.7807412786088843
peak_011801,13,2533,2530,22881,23211,fol_13_02190,23046,1,2.348325752221926
peak_011808,13,2541,2537,22967,23302,fol_13_02197,23135,1,2.286865019454299
peak_011846,13,2587,2585,23354,23740,fol_13_02235,23547,1,3.0452403594001822
peak_011853,13,2596,2593,23428,23727,fol_13_02242,23578,1,2.209835590893842
peak_011854,13,2597,2596,23437,23742,fol_13_02243,23590,1,3.014917741959407
peak_011855,13,2598,2597,23448,23758,fol_13_02244,23603,1,2.5527143535288914
peak_011857,13,2600,2592,23458,23687,fol_13_02246,23573,1,3.7816144059628343
peak_011861,13,2604,2601,23478,23823,fol_13_02250,23651,1,2.532532168792696
peak_011870,13,2615,2611,23554,23864,fol_13_02259,23709,1,1.892747365867914
peak_011894,13,2640,2637,23776,24133,fol_13_02283,23955,1,2.479498277906993
peak_011902,13,2650,2645,23873,24205,fol_13_02291,24039,1,2.189054824415004
peak_011903,13,2651,2649,23892,24168,fol_13_02292,24030,1,3.445221335876872
peak_011909,13,2658,2657,24011,24305,fol_13_02298,24158,1,1.7951201321489436
peak_011914,13,2664,2660,24004,24136,fol_13_02303,24070,1,1.7176818980263218
peak_011923,13,2674,2673,24146,24432,fol_13_02312,24289,1,2.2016114264540336
peak_011928,13,2682,2675,24197,24397,fol_13_02317,24297,1,3.41537141071639
peak_011929,13,2684,2679,24208,24357,fol_13_02318,24283,1,2.1341572220180587
peak_011942,13,2704,2701,24398,24764,fol_13_02331,24581,1,1.745240057162281
peak_011955,13,2717,2715,24532,24902,fol_13_02344,24717,1,2.7862684565374267
peak_011960,13,2722,2719,24604,24929,fol_13_02349,24767,1,1.9501239724241652
peak_011968,13,2730,2728,24697,25037,fol_13_02357,24867,1,1.724817348239813
peak_011970,13,2734,2730,24716,25057,fol_13_02359,24887,1,2.1282439507152526
peak_011972,13,2737,2731,24730,25070,fol_13_02361,24900,1,1.9886175127364327
peak_011985,13,2756,2753,24902,25246,fol_13_02374,25074,1,2.2687682250894308
peak_011999,13,2770,2771,25151,25308,fol_13_02388,25230,1,2.6419243447457927
peak_012000,13,2771,2767,25009,25292,fol_13_02389,25151,1,2.341021922359264
peak_012001,13,2772,2770,25151,25321,fol_13_02390,25236,1,3.505322412982858
peak_012006,13,2778,2776,25129,25467,fol_13_02395,25298,1,2.1433985971869163
peak_012016,13,2791,2788,25253,25434,fol_13_02405,25344,1,2.143110991463335
peak_012020,13,2796,2792,25287,25568,fol_13_02409,25428,1,2.456411935894943
peak_012027,13,2803,2800,25339,25542,fol_13_02416,25441,1,2.179373435425959
peak_012064,13,2848,2845,25717,26050,fol_13_02453,25884,1,1.874558371756174
peak_012076,13,2860,2858,25842,26174,fol_13_02465,26008,1,2.367885296378343
peak_012079,13,2863,2861,25867,26212,fol_13_02468,26040,1,1.8996701766079696
peak_012089,13,2878,2877,26121,26345,fol_13_02478,26233,1,2.3822646467032613
peak_012109,13,2900,2898,26237,26571,fol_13_02498,26404,1,2.2839102639537554
peak_012141,14,24,20,30,205,fol_14_00006,118,1,3.167682541405729
peak_012158,14,43,41,210,597,fol_14_00023,404,1,1.7078749835026956
peak_012160,14,45,43,222,617,fol_14_00025,420,1,1.9929311684760789
peak_012173,14,59,57,317,733,fol_14_00038,525,1,2.4403763008142585
peak_012174,14,60,59,333,752,fol_14_00039,543,1,2.1299442314994184
peak_012181,14,67,65,410,556,fol_14_00046,483,1,1.8533794781171864
peak_012195,14,80,78,518,960,fol_14_00060,739,1,1.953770491852898
peak_012215,14,101,100,723,1069,fol_14_00080,896,1,2.365642313211888
peak_012227,14,119,117,889,1158,fol_14_00092,1024,1,1.8132624104045885
peak_012240,14,132,130,1004,1326,fol_14_00105,1165,1,1.9001626392229924
peak_012249,14,143,140,1069,1362,fol_14_00114,1216,1,1.7717856797162268
peak_012253,14,147,145,1089,1425,fol_14_00118,1257,1,2.7604828871228464
peak_012255,14,149,146,1103,1356,fol_14_00120,1230,1,2.252968726437952
peak_012257,14,151,148,1111,1478,fol_14_00122,1295,1,4.901351252018362
peak_012259,14,153,151,1126,1494,fol_14_00124,1310,1,2.3370565858791426
peak_012261,14,155,153,1154,1506,fol_14_00126,1330,1,2.0035836738189694
peak_012265,14,160,159,1208,1536,fol_14_00130,1372,1,2.0188683612668443
peak_012268,14,164,160,1233,1554,fol_14_00133,1394,1,2.674433413151436
peak_012278,14,178,174,1342,1626,fol_14_00143,1484,1,1.8717487512669848
peak_012279,14,179,178,1353,1626,fol_14_00144,1490,1,2.6408200489542204
peak_012297,14,200,197,1504,1844,fol_14_00162,1674,1,2.6998618687946805
peak_012298,14,201,199,1508,1836,fol_14_00163,1672,1,2.194343693197105
peak_012299,14,202,201,1526,1853,fol_14_00164,1690,1,1.981925656177095
peak_012301,14,204,202,1551,1874,fol_14_00166,1713,1,1.7695818792231337
peak_012309,14,212,210,1626,1947,fol_14_00174,1787,1,1.7546674336862862
peak_012311,14,214,212,1644,1965,fol_14_00176,1805,1,1.9918857730908397
peak_012316,14,220,217,1689,2018,fol_14_00181,1854,1,2.145293507557057
peak_012318,14,222,220,1708,2037,fol_14_00183,1873,1,2.835475695537962
peak_012321,14,226,222,1731,2055,fol_14_00186,1893,1,1.7710493334920656
peak_012326,14,233,230,1789,2108,fol_14_00191,1949,1,1.905113742914009
peak_012327,14,235,232,1798,2180,fol_14_00192,1989,1,3.2248557743360813
peak_012329,14,237,233,1809,2126,fol_14_00194,1968,1,1.837681259839149
peak_012330,14,238,237,1825,2144,fol_14_00195,1985,1,2.31313375849955
peak_012342,14,251,248,1966,2139,fol_14_00207,2053,1,3.931600130392917
peak_012344,14,254,252,2002,2299,fol_14_00209,2151,1,1.9118146680586705
peak_012357,14,267,264,2157,2468,fol_14_00222,2313,1,2.338666184513076
peak_012371,14,283,282,2289,2611,fol_14_00236,2450,1,1.9200143057519865
peak_012376,14,289,288,2350,2640,fol_14_00241,2495,1,1.9895256474568896
peak_012383,14,298,296,2414,2708,fol_14_00248,2561,1,1.8068308806470896
peak_012425,14,352,351,3010,3170,fol_14_00290,3090,1,3.5571802159592347
peak_012441,14,369,367,3215,3435,fol_14_00306,3325,1,1.7439439918058233
peak_012464,14,401,399,3376,3740,fol_14_00329,3558,1,1.7724823651677002
peak_012467,14,405,401,3416,3774,fol_14_00332,3595,1,1.8805672021114093
peak_012470,14,408,407,3453,3852,fol_14_00335,3653,1,3.5959980488026115
peak_012478,14,417,414,3533,3797,fol_14_00343,3665,1,2.148521816767736
peak_012488,14,432,425,3701,3955,fol_14_00353,3828,1,2.268731313967886
peak_012496,14,443,440,3819,4089,fol_14_00361,3954,1,1.9691929931153256
peak_012498,14,446,444,3835,4076,fol_14_00363,3956,1,2.038302382781876
peak_012504,14,452,450,3880,4098,fol_14_00369,3989,1,3.3866228331782158
peak_012513,14,462,459,3953,4127,fol_14_00378,4040,1,2.0108709254593804
peak_012514,14,462,458,4128,4263,fol_14_00379,4196,1,2.0224182054836324
peak_012521,14,469,468,4004,4291,fol_14_00386,4148,1,1.776695443525036
peak_012522,14,470,469,4025,4310,fol_14_00387,4168,1,1.7578548368460478
peak_012527,14,476,473,4071,4201,fol_14_00392,4136,1,2.195833808458672
peak_012530,14,479,476,4094,4345,fol_14_00395,4220,1,1.8211319458476027
peak_012532,14,481,479,4112,4362,fol_14_00397,4237,1,2.023059795622379
peak_012538,14,491,488,4186,4566,fol_14_00403,4376,1,1.9868909026366908
peak_012545,14,498,495,4255,4388,fol_14_00410,4322,1,4.800693069034793
peak_012551,14,504,502,4315,4629,fol_14_00416,4472,1,1.8262382320151955
peak_012554,14,508,504,4343,4647,fol_14_00419,4495,1,1.898438532547764
peak_012581,14,543,542,4633,4990,fol_14_00446,4812,1,2.045637796572953
peak_012585,14,550,547,4673,4881,fol_14_00450,4777,1,7.074584796528604
peak_012588,14,551,550,4882,5042,fol_14_00453,4962,1,2.036435577699537
peak_012589,14,552,548,4692,4945,fol_14_00454,4819,1,1.8052361642728565
peak_012593,14,557,556,4727,5100,fol_14_00458,4914,1,2.2446288784925703
peak_012596,14,560,557,4748,5116,fol_14_00461,4932,1,2.631500032848541
peak_012606,14,571,568,4864,5183,fol_14_00471,5024,1,1.8376375427805265
peak_012607,14,573,569,4879,5171,fol_14_00472,5025,1,2.003860921015742
peak_012610,14,576,573,4898,5189,fol_14_00475,5044,1,2.493223530072489
peak_012615,14,581,578,4941,5140,fol_14_00480,5041,1,2.8609268572759827
peak_012622,14,589,586,5050,5345,fol_14_00487,5198,1,2.327437424436324
peak_012624,14,592,590,5124,5398,fol_14_00489,5261,1,1.785379806769504
peak_012642,14,618,614,5547,5800,fol_14_00507,5674,1,1.712695374300068
peak_012661,14,648,647,5849,6193,fol_14_00526,6021,1,1.731035532153161
peak_012666,14,656,654,5912,6270,fol_14_00531,6091,1,2.3663570120642023
peak_012669,14,659,656,5929,6280,fol_14_00534,6105,1,1.753190292766608
peak_012673,14,664,661,5968,6425,fol_14_00538,6197,1,1.7937313999810127
peak_012716,14,719,715,6538,6878,fol_14_00581,6708,1,2.1972898934215195
peak_012743,14,752,750,6924,7291,fol_14_00608,7108,1,1.8458265352960104
peak_012744,14,753,751,6942,7082,fol_14_00609,7012,1,1.758200918108607
peak_012782,14,807,804,7361,7704,fol_14_00647,7533,1,1.9792245241851136
peak_012789,14,815,812,7426,7791,fol_14_00654,7609,1,2.077437199250108
peak_012811,14,840,838,7627,7971,fol_14_00676,7799,1,1.832332455457127
peak_012812,14,841,839,7641,7999,fol_14_00677,7820,1,1.7271312775428351
peak_012815,14,844,841,7659,8018,fol_14_00680,7839,1,2.0715037948533195
peak_012822,14,850,847,7701,8059,fol_14_00687,7880,1,1.8422623319406544
peak_012834,14,863,858,7782,8137,fol_14_00699,7960,1,1.8054379791066435
peak_012838,14,867,866,7841,8222,fol_14_00703,8032,1,1.9845258894219089
peak_012844,14,873,871,7924,8272,fol_14_00709,8098,1,1.7872357810233426
peak_012857,14,886,882,8067,8419,fol_14_00722,8243,1,1.7785634368619023
peak_012878,14,908,906,8262,8619,fol_14_00743,8441,1,1.9241946703408015
peak_012883,14,913,911,8363,8733,fol_14_00748,8548,1,3.095527698606511
peak_012892,14,922,920,8449,8792,fol_14_00757,8621,1,1.9687657037834536
peak_012894,14,924,921,8478,8816,fol_14_00759,8647,1,2.491004248612687
peak_012911,14,948,946,8779,9109,fol_14_00776,8944,1,3.871749606828317
peak_012934,14,976,974,9035,9396,fol_14_00799,9216,1,2.352610405562731
peak_012952,14,995,993,9213,9557,fol_14_00817,9385,1,1.8368085174519184
peak_012969,14,1012,1008,9387,9557,fol_14_00834,9472,1,1.7314227246780056
peak_012976,14,1018,1016,9429,9806,fol_14_00841,9618,1,1.7193973960878872
peak_012979,14,1021,1018,9442,9826,fol_14_00844,9634,1,2.230877748775452
peak_012988,14,1031,1028,9520,9911,fol_14_00853,9716,1,2.715528210750601
peak_012990,14,1033,1031,9534,9734,fol_14_00855,9634,1,4.899351296131985
peak_012991,14,1033,1032,9735,9892,fol_14_00856,9814,1,1.8371388905792436
peak_012993,14,1035,1023,9550,9732,fol_14_00858,9641,1,2.2771936648573137
peak_013000,14,1040,1037,9609,9913,fol_14_00865,9761,1,1.8708174410413176
peak_013003,14,1043,1041,9648,9843,fol_14_00868,9746,1,2.9170553118719624
peak_013008,14,1051,1049,9756,10071,fol_14_00873,9914,1,2.5737079273027903
peak_013033,14,1085,1081,10034,10336,fol_14_00898,10185,1,3.459744510768048
peak_013053,14,1108,1104,10237,10650,fol_14_00918,10444,1,1.7791928869337426
peak_013056,14,1112,1103,10278,10534,fol_14_00921,10406,1,2.265778070169195
peak_013058,14,1114,1111,10293,10694,fol_14_00923,10494,1,1.7307892792926372
peak_013067,14,1124,1123,10402,10826,fol_14_00932,10614,1,2.0306966162778206
peak_013070,14,1127,1124,10426,10846,fol_14_00935,10636,1,1.7998404018209802
peak_013084,14,1142,1140,10541,10964,fol_14_00949,10753,1,2.198303848630283
peak_013085,14,1143,1141,10550,10983,fol_14_00950,10767,1,1.7495877063470695
peak_013092,14,1150,1147,10615,11044,fol_14_00957,10830,1,2.273034980915445
peak_013103,14,1165,1160,10760,11154,fol_14_00968,10957,1,2.073584104152084
peak_013104,14,1166,1165,10815,11173,fol_14_00969,10994,1,2.382173741428556
peak_013106,14,1169,1162,10815,10969,fol_14_00971,10892,1,2.190613161026013
peak_013108,14,1170,1166,10815,11189,fol_14_00973,11002,1,1.7873261614492872
peak_013114,14,1178,1176,10931,11334,fol_14_00979,11133,1,2.095154074223549
peak_013124,14,1192,1189,11057,11333,fol_14_00989,11195,1,1.7744298555567464
peak_013130,14,1198,1195,11111,11514,fol_14_00995,11313,1,1.9291496887195967
peak_013152,14,1224,1220,11406,11782,fol_14_01017,11594,1,1.7507596847228213
peak_013154,14,1226,1225,11432,11827,fol_14_01019,11630,1,1.7350918889626548
peak_013168,14,1242,1240,11614,11959,fol_14_01033,11787,1,1.9431802643812264
peak_013172,14,1247,1242,11642,11972,fol_14_01037,11807,1,1.931826962299116
peak_013173,14,1249,1247,11660,12005,fol_14_01038,11833,1,1.7968939631722474
peak_013179,14,1256,1253,11714,12062,fol_14_01044,11888,1,2.2555351942358826
peak_013185,14,1263,1257,11778,12110,fol_14_01050,11944,1,1.8885239918842327
peak_013199,14,1279,1277,11892,12158,fol_14_01064,12025,1,2.006350022681495
peak_013200,14,1281,1278,11908,12226,fol_14_01065,12067,1,2.408882852541665
peak_013221,14,1306,1303,12111,12406,fol_14_01086,12259,1,2.2106621285318595
peak_013224,14,1310,1305,12169,12420,fol_14_01089,12295,1,2.347172891442103
peak_013231,14,1318,1312,12222,12519,fol_14_01096,12371,1,1.990610115710839
peak_013235,14,1323,1321,12251,12550,fol_14_01100,12401,1,4.78295963196089
peak_013247,14,1336,1335,12404,12690,fol_14_01112,12547,1,1.824398491098076
peak_013262,14,1352,1347,12598,12898,fol_14_01127,12748,1,1.7569668792671678
peak_013269,14,1359,1358,12675,12945,fol_14_01134,12810,1,1.7388381268099302
peak_013281,14,1372,1369,12871,13031,fol_14_01146,12951,1,2.215046302679865
peak_013282,14,1373,1370,12801,13057,fol_14_01147,12929,1,2.277897641975829
peak_013309,14,1406,1403,13091,13395,fol_14_01174,13243,1,1.908219235512122
peak_013316,14,1413,1410,13174,13394,fol_14_01181,13284,1,4.062662059898641
peak_013324,14,1421,1419,13244,13499,fol_14_01189,13372,1,1.96384587785159
peak_013333,14,1432,1429,13353,13593,fol_14_01198,13473,1,4.071431617565407
peak_013361,14,1458,1453,13596,13878,fol_14_01226,13737,1,1.8037433160965344
peak_013363,14,1460,1458,13623,13898,fol_14_01228,13761,1,1.8515326345891456
peak_013378,14,1482,1480,13877,14167,fol_14_01243,14022,1,2.1449647458083225
peak_013386,14,1494,1491,13970,14291,fol_14_01251,14131,1,1.7338920730454015
peak_013387,14,1495,1494,13980,14319,fol_14_01252,14150,1,2.438005888964131
peak_013388,14,1497,1495,14007,14335,fol_14_01253,14171,1,2.0746426376537377
peak_013389,14,1498,1497,14017,14359,fol_14_01254,14188,1,3.738088019940455
peak_013413,14,1526,1523,14346,14578,fol_14_01278,14462,1,2.4515371811426725
peak_013456,14,1574,1571,14869,15170,fol_14_01321,15020,1,1.7726153902374204
peak_013469,14,1589,1587,14994,15281,fol_14_01334,15138,1,2.225446779934845
peak_013483,14,1603,1600,15155,15409,fol_14_01348,15282,1,1.7101702118652244
peak_013490,14,1611,1607,15206,15426,fol_14_01355,15316,1,2.4221316610775205
peak_013527,14,1657,1655,15728,16044,fol_14_01392,15886,1,3.093696209325981
peak_013556,14,1695,1694,16136,16437,fol_14_01421,16287,1,2.824373950537394
peak_013557,14,1696,1692,16137,16425,fol_14_01422,16281,1,2.661577264221273
peak_013565,14,1705,1701,16241,16522,fol_14_01430,16382,1,1.7300067435611242
peak_013584,14,1729,1725,16554,16794,fol_14_01449,16674,1,2.039425839793773
peak_013596,14,1743,1741,16682,16955,fol_14_01461,16819,1,2.4851892800424573
peak_013599,14,1747,1743,16702,16965,fol_14_01464,16834,1,1.9754692337887008
peak_013600,14,1749,1744,16712,16884,fol_14_01465,16798,1,1.831235672058076
peak_013602,14,1750,1744,16885,17026,fol_14_01467,16956,1,2.1716481276088317
peak_013611,14,1759,1755,16823,17111,fol_14_01476,16967,1,3.0122600716415717
peak_013612,14,1760,1759,16935,17125,fol_14_01477,17030,1,1.8023818419455209
peak_013635,14,1787,1785,17174,17397,fol_14_01500,17286,1,3.352983818499184
peak_013636,14,1788,1786,17130,17400,fol_14_01501,17265,1,1.747708094320717
peak_013645,14,1797,1793,17246,17373,fol_14_01510,17310,1,2.1601931365781533
peak_013652,14,1805,1800,17308,17575,fol_14_01517,17442,1,2.0890078470552997
peak_013653,14,1806,1798,17330,17603,fol_14_01518,17467,1,1.777673784788359
peak_013686,14,1846,1843,17749,18009,fol_14_01551,17879,1,1.88679310443736
peak_013692,14,1855,1853,17855,18112,fol_14_01557,17984,1,2.612869677329894
peak_013715,14,1883,1880,18178,18455,fol_14_01580,18317,1,2.1041381800752483
peak_013729,14,1897,1896,18347,18593,fol_14_01594,18470,1,4.496294281767744
peak_013733,14,1904,1901,18409,18763,fol_14_01598,18586,1,2.624789523385018
peak_013742,14,1915,1910,18500,18770,fol_14_01607,18635,1,5.099412665772095
peak_013745,14,1919,1915,18525,18722,fol_14_01610,18624,1,1.805436275771422
peak_013761,14,1940,1937,18737,19048,fol_14_01626,18893,1,1.834285358756053
peak_013762,14,1941,1940,18755,19067,fol_14_01627,18911,1,2.543091313549158
peak_013764,14,1944,1943,18781,19114,fol_14_01629,18948,1,2.238202601312312
peak_013767,14,1947,1945,18811,19115,fol_14_01632,18963,1,2.082704115207513
peak_013773,14,1955,1952,18917,19168,fol_14_01638,19043,1,2.2240337791129807
peak_013786,14,1974,1972,19358,19494,fol_14_01651,19426,1,1.90621277261726
peak_013789,14,1978,1976,19243,19514,fol_14_01654,19379,1,2.049062669115938
peak_013796,14,1986,1983,19314,19563,fol_14_01661,19439,1,2.056044527516232
peak_013804,14,1995,1994,19409,19730,fol_14_01669,19570,1,2.536785915307656
peak_013825,14,2020,2018,19692,20034,fol_14_01690,19863,1,1.8585907066057703
peak_013829,14,2026,2023,19757,19951,fol_14_01694,19854,1,4.3584954527444895
peak_013851,14,2059,2056,20191,20484,fol_14_01716,20338,1,1.7947597726461608
peak_013856,14,2064,2059,20244,20498,fol_14_01721,20371,1,1.9771386017488832
peak_013866,14,2076,2074,20391,20679,fol_14_01731,20535,1,1.9763352086820252
peak_013869,14,2079,2076,20417,20698,fol_14_01734,20558,1,2.0402882391810047
peak_013870,14,2080,2079,20437,20715,fol_14_01735,20576,1,1.9927044333970911
peak_013891,14,2105,2095,20630,20919,fol_14_01756,20775,1,1.793631611954483
peak_013892,14,2106,2102,20638,20951,fol_14_01757,20795,1,2.699611984452891
peak_013900,14,2115,2113,20720,21017,fol_14_01765,20869,1,2.3043512734391665
peak_013913,14,2129,2127,20851,21166,fol_14_01778,21009,1,1.988904004413228
peak_013923,14,2138,2135,20906,21216,fol_14_01788,21061,1,2.498114726230176
peak_013926,14,2141,2139,20938,21260,fol_14_01791,21099,1,2.228931938050674
peak_013966,14,2191,2189,21413,21687,fol_14_01831,21550,1,2.138789387161151
peak_014009,14,2242,2239,21899,22110,fol_14_01874,22005,1,2.080286973948064
peak_014014,14,2250,2246,21944,22177,fol_14_01879,22061,1,2.1851259588240963
peak_014022,14,2260,2257,22058,22322,fol_14_01887,22190,1,2.0498507872566467
peak_014043,14,2282,2279,22352,22633,fol_14_01908,22493,1,2.1138956218232066
peak_014044,14,2283,2280,22354,22609,fol_14_01909,22482,1,2.13257646734109
peak_014056,14,2302,2296,22569,22862,fol_14_01921,22716,1,1.7293814497241826
peak_014063,14,2310,2307,22642,22912,fol_14_01928,22777,1,1.9272514067324864
peak_014085,14,2344,2341,23033,23361,fol_14_01950,23197,1,2.212844705318848
peak_014090,14,2355,2351,23127,23453,fol_14_01955,23290,1,1.8603186848445303
peak_014097,14,2363,2357,23178,23470,fol_14_01962,23324,1,1.7662056235254704
peak_014098,14,2364,2360,23179,23486,fol_14_01963,23333,1,2.5674653429389984
peak_014111,14,2377,2373,23292,23585,fol_14_01976,23439,1,3.345003353460166
peak_014114,14,2381,2377,23315,23599,fol_14_01979,23457,1,4.762056950714467
peak_014119,14,2387,2384,23359,23745,fol_14_01984,23552,1,2.732790185348166
peak_014122,14,2391,2390,23388,23766,fol_14_01987,23577,1,1.9561554090972
peak_014131,14,2402,2397,23508,23718,fol_14_01996,23613,1,5.041527322180922
peak_014146,14,2415,2412,23605,23929,fol_14_02011,23767,1,2.009804417158538
peak_014147,14,2416,2414,23608,24025,fol_14_02012,23817,1,2.611129684579643
peak_014152,14,2421,2417,23643,23996,fol_14_02017,23820,1,1.7546514598916243
peak_014164,14,2432,2429,23734,24122,fol_14_02029,23928,1,2.2592697769118577
peak_014179,14,2448,2447,23842,24137,fol_14_02044,23990,1,1.9364255936997237
peak_014191,14,2460,2452,23942,24305,fol_14_02056,24124,1,1.998428451579338
peak_014202,14,2473,2470,24069,24419,fol_14_02067,24244,1,1.748306999900796
peak_014203,14,2474,2473,24087,24441,fol_14_02068,24264,1,2.191113047963065
peak_014204,14,2476,2474,24107,24243,fol_14_02069,24175,1,3.615973633419289
peak_014220,14,2493,2489,24249,24584,fol_14_02085,24417,1,2.133480229937473
peak_014230,14,2507,2505,24368,24703,fol_14_02095,24536,1,2.2223730335856637
peak_014235,14,2514,2513,24446,24767,fol_14_02100,24607,1,2.101496774595042
peak_014244,14,2526,2524,24558,24958,fol_14_02109,24758,1,2.332208789593254
peak_014259,14,2542,2538,24708,24851,fol_14_02124,24780,1,3.022675761295821
peak_014262,14,2545,2543,24732,25111,fol_14_02127,24922,1,2.0130211946255425
peak_014267,14,2551,2548,24765,25062,fol_14_02132,24914,1,3.0432405168618155
peak_014284,14,2566,2564,24873,25256,fol_14_02149,25065,1,1.748671346823078
peak_014286,14,2568,2566,24892,25282,fol_14_02151,25087,1,1.757366297442137
peak_014288,14,2570,2565,24912,25149,fol_14_02153,25031,1,1.760161544332561
peak_014301,14,2584,2580,25025,25411,fol_14_02166,25218,1,1.74932581028906
peak_014304,14,2587,2586,25068,25308,fol_14_02169,25188,1,2.352472048737656
peak_014312,14,2596,2591,25136,25534,fol_14_02177,25335,1,2.5935609864332307
peak_014319,14,2605,2602,25220,25487,fol_14_02184,25354,1,1.9367948852440888
peak_014332,14,2618,2617,25389,25708,fol_14_02197,25549,1,2.0221749764358585
peak_014335,14,2621,2620,25372,25768,fol_14_02200,25570,1,2.25637343836535
peak_014346,14,2635,2633,25476,25756,fol_14_02211,25616,1,2.0511502217890376
peak_014349,14,2638,2635,25498,25776,fol_14_02214,25637,1,2.1391692351482003
peak_014355,14,2645,2639,25541,25887,fol_14_02220,25714,1,2.649859827307319
peak_014360,14,2650,2648,25592,25917,fol_14_02225,25755,1,2.1878936415473555
peak_014363,14,2653,2649,25604,25912,fol_14_02228,25758,1,3.7018325382193495
peak_014371,14,2662,2659,25650,25956,fol_14_02236,25803,1,2.437113489605013
peak_014375,14,2666,2663,25687,26020,fol_14_02240,25854,1,2.822838501473976
peak_014378,14,2669,2667,25810,26059,fol_14_02243,25935,1,2.3901581658467643
peak_014397,14,2692,2690,25988,26338,fol_14_02262,26163,1,2.0790387364527474
peak_014406,14,2701,2698,26087,26312,fol_14_02271,26200,1,1.8176730546613515
peak_014412,14,2709,2707,26179,26461,fol_14_02277,26320,1,4.465107874725429
peak_014418,14,2717,2712,26248,26562,fol_14_02283,26405,1,2.151159734222538
peak_014419,14,2718,2713,26251,26547,fol_14_02284,26399,1,1.8158507938079511
peak_014420,14,2719,2715,26255,26442,fol_14_02285,26349,1,3.9840328387061943
peak_014426,14,2726,2723,26337,26600,fol_14_02291,26469,1,1.7722325978698557
peak_014446,14,2758,2756,26696,26991,fol_14_02311,26844,1,4.878888326476869
peak_014450,14,2763,2762,26734,27030,fol_14_02315,26882,1,2.068308086468642
peak_014453,14,2767,2765,26765,27080,fol_14_02318,26923,1,1.7394095306421082
peak_014455,14,2769,2767,26793,27102,fol_14_02320,26948,1,2.3727838749255685
peak_014456,14,2771,2769,26814,27117,fol_14_02321,26966,1,1.9444868946693608
peak_014459,14,2774,2773,26837,27207,fol_14_02324,27022,1,4.088693655835061
peak_014473,14,2790,2789,27019,27325,fol_14_02338,27172,1,2.4278052190269888
peak_014480,14,2798,2797,27040,27396,fol_14_02345,27218,1,2.936365092732036
peak_014501,14,2822,2820,27261,27420,fol_14_02366,27341,1,1.8426841098214544
peak_014506,15,8,26,3,197,fol_15_00002,100,1,1.7709425402315753
peak_014509,15,14,12,1,268,fol_15_00005,135,1,2.422675965310874
peak_014513,15,21,11,2,224,fol_15_00009,113,1,2.148858482071035
peak_014519,15,31,29,40,412,fol_15_00015,226,1,2.12396419978224
peak_014526,15,39,38,141,529,fol_15_00022,335,1,2.707788671364845
peak_014529,15,42,40,190,568,fol_15_00025,379,1,2.378336853313216
peak_014531,15,45,44,257,529,fol_15_00027,393,1,2.3211282887544438
peak_014536,15,51,50,351,645,fol_15_00032,498,1,2.279073036903208
peak_014538,15,54,53,395,698,fol_15_00034,547,1,2.150833616456107
peak_014540,15,57,55,461,656,fol_15_00036,559,1,1.90436367962481
peak_014549,15,70,69,625,759,fol_15_00045,692,1,2.8257673143048843
peak_014551,15,74,70,760,1000,fol_15_00047,880,1,2.7184658025874144
peak_014559,15,92,91,1408,1722,fol_15_00055,1565,1,2.177154705105101
peak_014562,15,96,94,1449,1772,fol_15_00058,1611,1,3.2371614882935624
peak_014565,15,100,99,1547,1859,fol_15_00061,1703,1,2.2429816592819862
peak_014578,15,132,130,2338,2693,fol_15_00074,2516,1,3.773533656245091
peak_014584,15,148,147,2644,3019,fol_15_00080,2832,1,1.833633536854113
peak_014586,15,150,148,2681,3030,fol_15_00082,2856,1,2.069089126854293
peak_014588,15,153,150,2707,3055,fol_15_00084,2881,1,1.8941104546451877
peak_014624,15,204,203,3541,3857,fol_15_00120,3699,1,1.763724661664129
peak_014635,15,218,215,3680,3982,fol_15_00131,3831,1,1.9699832249025868
peak_014637,15,221,219,3718,4033,fol_15_00133,3876,1,2.084631461144606
peak_014643,15,228,227,3864,4153,fol_15_00139,4009,1,1.8083027168600163
peak_014650,15,239,237,4068,4352,fol_15_00146,4210,1,2.0970237697994216
peak_014653,15,246,245,4155,4360,fol_15_00149,4258,1,1.900428244180432
peak_014685,15,301,299,5489,5689,fol_15_00181,5589,1,2.8834842920514108
peak_014694,15,317,316,5938,6151,fol_15_00190,6045,1,2.079082065634201
peak_014699,15,331,328,6117,6418,fol_15_00195,6268,1,2.175750297189725
peak_014701,15,333,332,6163,6482,fol_15_00197,6323,1,2.380710696454866
peak_014704,15,336,333,6239,6498,fol_15_00200,6369,1,2.2675788096888
peak_014718,15,356,351,6673,6941,fol_15_00214,6807,1,2.151909724501847
peak_014719,15,357,356,6742,6874,fol_15_00215,6808,1,5.088767493696182
peak_014728,15,376,373,7164,7338,fol_15_00224,7251,1,1.8818593652904567
peak_014729,15,377,376,7167,7423,fol_15_00225,7295,1,1.927072899257727
peak_014731,15,379,378,7303,7471,fol_15_00227,7387,1,2.1326388547403554
peak_014738,15,390,389,7425,7654,fol_15_00234,7540,1,1.964857283122
peak_014739,15,396,394,7825,8010,fol_15_00235,7918,1,1.7457073119940336
peak_014742,15,399,398,7873,8129,fol_15_00238,8001,1,2.0779787905398197
peak_014745,15,407,406,8198,8553,fol_15_00241,8376,1,2.2799632360674096
peak_014751,15,416,415,8340,8752,fol_15_00247,8546,1,2.243367745388603
peak_014752,15,418,416,8466,8772,fol_15_00248,8619,1,1.9234617846563744
peak_014754,15,422,420,8426,8785,fol_15_00250,8606,1,2.135730307509097
peak_014758,15,427,424,8468,8838,fol_15_00254,8653,1,2.4716652592389026
peak_014763,15,438,436,8637,9015,fol_15_00259,8826,1,2.3113628990935395
peak_014768,15,447,444,8741,9114,fol_15_00264,8928,1,3.60312408240424
peak_014787,15,475,473,9202,9471,fol_15_00283,9337,1,3.0959857830979143
peak_014788,15,476,474,9209,9521,fol_15_00284,9365,1,2.284634943804258
peak_014791,15,480,478,9265,9570,fol_15_00287,9418,1,1.882286986451452
peak_014798,15,489,488,9378,9633,fol_15_00294,9506,1,1.928083201451533
peak_014806,15,499,498,9608,9919,fol_15_00302,9764,1,1.7528603559120517
peak_014815,15,519,518,9837,10176,fol_15_00311,10007,1,2.764381051473915
peak_014823,15,531,529,9973,10281,fol_15_00319,10127,1,1.895408248213848
peak_014853,15,576,573,11048,11272,fol_15_00349,11160,1,4.448023029107036
peak_014859,15,588,587,11300,11603,fol_15_00355,11452,1,1.9474506458405296
peak_014861,15,592,591,11359,11638,fol_15_00357,11499,1,1.8534986906615756
peak_014866,15,599,596,11502,11826,fol_15_00362,11664,1,2.309591051964037
peak_014867,15,600,598,11519,11792,fol_15_00363,11656,1,1.7791899924260364
peak_014870,15,604,603,11623,11899,fol_15_00366,11761,1,1.947936137428524
peak_014875,15,614,613,11832,12074,fol_15_00371,11953,1,2.863856734213949
peak_014877,15,618,617,11929,12152,fol_15_00373,12041,1,4.62393780997854
peak_014896,15,655,654,12754,13039,fol_15_00392,12897,1,1.8973560517182744
peak_014901,15,662,660,12886,13122,fol_15_00397,13004,1,5.539479030558815
peak_014911,15,675,674,13206,13461,fol_15_00407,13334,1,1.9505133714661536
peak_014935,15,710,709,13746,14075,fol_15_00431,13911,1,1.8830267367668336
peak_014945,15,732,730,14344,14498,fol_15_00441,14421,1,2.3385515000965507
peak_014946,15,733,732,14358,14629,fol_15_00442,14494,1,2.770318281010643
peak_014956,15,745,742,14534,14805,fol_15_00452,14670,1,1.8155454784730465
peak_014959,15,749,746,14572,14832,fol_15_00455,14702,1,2.306583355787856
peak_014961,15,751,750,14596,14878,fol_15_00457,14737,1,2.211317980283646
peak_014970,15,778,777,15239,15561,fol_15_00466,15400,1,1.7037734362229695
peak_014982,15,802,800,15812,16120,fol_15_00478,15966,1,1.8120875995149472
peak_014987,15,813,811,15927,16304,fol_15_00483,16116,1,2.4295748851820336
peak_014990,15,816,815,16061,16320,fol_15_00486,16191,1,2.3697434110438738
peak_014994,15,822,821,16121,16426,fol_15_00490,16274,1,1.8247513964965572
peak_015016,15,855,853,16787,17059,fol_15_00512,16923,1,2.848808761055103
peak_015017,15,856,850,16787,17083,fol_15_00513,16935,1,2.038681768859861
peak_015030,15,874,873,17151,17384,fol_15_00526,17268,1,4.594138108132663
peak_015031,15,876,875,17181,17425,fol_15_00527,17303,1,2.0672059385275072
peak_015040,15,890,889,17410,17817,fol_15_00536,17614,1,2.15984191506134
peak_015049,15,905,903,17687,17859,fol_15_00545,17773,1,4.23830816322494
peak_015053,15,912,911,17815,18079,fol_15_00549,17947,1,2.188779031649616
peak_015054,15,913,909,17834,18089,fol_15_00550,17962,1,1.8969272680300824
peak_015056,15,916,914,17909,18089,fol_15_00552,17999,1,1.7210469167884046
peak_015062,16,15,14,268,652,fol_16_00002,460,1,2.0600335025453744
peak_015066,16,22,21,395,765,fol_16_00006,580,1,1.7952475751208226
peak_015068,16,26,25,449,760,fol_16_00008,605,1,5.023462506972608
peak_015071,16,30,26,507,760,fol_16_00011,634,1,2.007684890281535
peak_015078,16,40,38,708,847,fol_16_00018,778,1,1.9382486735757607
peak_015079,16,40,36,848,1022,fol_16_00019,935,1,1.819248407228084
peak_015098,16,64,62,1258,1484,fol_16_00038,1371,1,2.0024785586830074
peak_015110,16,88,87,1759,1977,fol_16_00050,1868,1,4.075288215778172
peak_015123,16,107,105,1990,2363,fol_16_00063,2177,1,2.3181487805212457
peak_015130,16,116,115,2336,2511,fol_16_00070,2424,1,2.054760421490571
peak_015133,16,119,118,2300,2585,fol_16_00073,2443,1,2.382439664013619
peak_015147,16,153,152,3156,3488,fol_16_00087,3322,1,4.891931405128223
peak_015149,16,159,157,3312,3476,fol_16_00089,3394,1,2.175556448915396
peak_015159,16,182,180,4165,4407,fol_16_00099,4286,1,2.343754678417325
peak_015162,16,188,187,4288,4570,fol_16_00102,4429,1,2.568151549266524
peak_015172,16,205,204,4985,5171,fol_16_00112,5078,1,1.881062920529149
peak_015186,16,229,228,5653,5917,fol_16_00126,5785,1,2.416474775281906
peak_015192,16,241,238,5962,6090,fol_16_00132,6026,1,2.607708160603176
peak_015204,16,262,260,6211,6637,fol_16_00144,6424,1,1.7093955940621726
peak_015218,16,289,288,6991,7329,fol_16_00158,7160,1,1.7214371486317168
peak_015234,16,313,311,7274,7615,fol_16_00174,7445,1,2.126168303564321
peak_015237,16,321,320,7430,7752,fol_16_00177,7591,1,2.37850920487142
peak_015240,16,325,324,7488,7805,fol_16_00180,7647,1,1.951470281394289
peak_015250,16,345,343,8087,8524,fol_16_00190,8306,1,2.049011257422868
peak_015262,16,363,362,8508,8852,fol_16_00202,8680,1,2.1396355696721936
peak_015277,16,386,383,8935,9301,fol_16_00217,9118,1,1.7448443943727043
peak_015280,16,390,389,9006,9404,fol_16_00220,9205,1,2.0529779395651686
peak_015282,16,393,392,9047,9445,fol_16_00222,9246,1,1.7965006897541222
peak_015286,16,397,394,9081,9505,fol_16_00226,9293,1,2.025296875813832
peak_015289,16,402,400,9238,9575,fol_16_00229,9407,1,1.7993617143551126
peak_015291,16,405,402,9307,9597,fol_16_00231,9452,1,1.7866061948580254
peak_015322,16,461,460,10768,11026,fol_16_00262,10897,1,2.004325549802126
peak_015325,16,466,462,10854,11075,fol_16_00265,10965,1,5.174923736734471
peak_015338,16,491,490,11710,11889,fol_16_00278,11800,1,2.5498841634046614
peak_015341,16,496,495,11947,12203,fol_16_00281,12075,1,1.8628438992860168
peak_015353,16,516,514,12552,12929,fol_16_00293,12741,1,2.1586732973094738
peak_015364,16,532,530,12856,13104,fol_16_00304,12980,1,2.9299076857525925
peak_015367,16,537,536,13026,13295,fol_16_00307,13161,1,1.913972490266767
peak_015395,16,601,599,14535,14861,fol_16_00335,14698,1,2.882847724742138
peak_015414,16,628,625,14969,15345,fol_16_00354,15157,1,1.831120654210103
peak_015417,16,633,632,15059,15356,fol_16_00357,15208,1,1.831578826911182
peak_015422,16,643,640,15263,15501,fol_16_00362,15382,1,5.048030324214604
peak_015430,16,665,661,15877,16057,fol_16_00370,15967,1,3.160465816555269
peak_015438,16,678,674,16090,16240,fol_16_00378,16165,1,1.9646824888241612
peak_015443,16,693,692,16472,16725,fol_16_00383,16599,1,2.0348712981617063
peak_015453,16,722,721,17236,17619,fol_16_00393,17428,1,3.077814239347402
peak_015459,16,732,730,17371,17749,fol_16_00399,17560,1,3.4572798797800086
peak_015463,16,741,740,17584,17963,fol_16_00403,17774,1,1.8074081971663416
peak_015464,16,744,743,17629,17811,fol_16_00404,17720,1,5.786802432746613
peak_015473,16,763,761,18214,18491,fol_16_00413,18353,1,1.856631237353252
peak_015477,16,767,765,18308,18440,fol_16_00417,18374,1,1.8315067250114587
peak_015486,16,780,778,18495,18702,fol_16_00426,18599,1,2.2380455608440366
peak_015515,16,842,840,19968,20131,fol_16_00455,20050,1,4.2094858913243325
peak_015516,16,842,841,20132,20295,fol_16_00456,20214,1,3.728551510906494
peak_015524,16,849,847,20114,20370,fol_16_00464,20242,1,2.4934760865091348
peak_015531,16,861,859,20364,20640,fol_16_00471,20502,1,3.416892775910978
peak_015535,16,866,864,20410,20679,fol_16_00475,20545,1,3.404916467214808
peak_015537,16,869,868,20464,20710,fol_16_00477,20587,1,1.9116720368740785
peak_015539,16,871,870,20486,20614,fol_16_00479,20550,1,2.438924330156696
peak_015543,16,877,876,20624,20842,fol_16_00483,20733,1,1.975237328028642
peak_015555,16,891,889,20850,21285,fol_16_00495,21068,1,3.07182712738055
peak_015560,16,897,894,20952,21328,fol_16_00500,21140,1,2.084291823048675
peak_015563,16,901,899,20997,21245,fol_16_00503,21121,1,2.770085368269119
peak_015567,16,919,917,21639,22040,fol_16_00507,21840,1,1.7774573674926877
peak_015568,16,921,919,21655,22060,fol_16_00508,21858,1,2.3434886188187263
peak_015581,16,953,950,22541,22827,fol_16_00521,22684,1,2.1193453157688418
peak_015582,16,954,951,22547,22822,fol_16_00522,22685,1,2.001499386951378
peak_015588,16,963,962,22667,22844,fol_16_00528,22756,1,3.068640767639875
peak_015591,16,968,967,22751,23170,fol_16_00531,22961,1,1.8706220105652225
peak_015601,16,979,977,23013,23192,fol_16_00541,23103,1,3.162090542156336
peak_015608,16,990,989,23360,23636,fol_16_00548,23498,1,1.725085062755009
peak_015617,17,15,22,2,264,fol_17_00003,133,1,2.0134183529457994
peak_015621,17,22,13,2,245,fol_17_00007,124,1,2.057379998128813
peak_015622,17,23,16,2,309,fol_17_00008,156,1,2.0892446010391765
peak_015646,17,56,53,444,734,fol_17_00032,589,1,2.799617796926156
peak_015650,17,66,64,911,1221,fol_17_00036,1066,1,2.134193540841136
peak_015673,17,106,105,1881,2059,fol_17_00059,1970,1,2.2612211378156424
peak_015674,17,107,106,1905,2185,fol_17_00060,2045,1,1.7669180354761416
peak_015681,17,118,114,2117,2341,fol_17_00067,2229,1,3.619949107360225
peak_015685,17,129,127,2461,2749,fol_17_00071,2605,1,2.7838098825983635
peak_015700,17,151,146,2905,3218,fol_17_00086,3062,1,2.042225698137101
peak_015711,17,169,167,3375,3662,fol_17_00097,3519,1,1.8106002860435055
peak_015716,17,175,174,3444,3735,fol_17_00102,3590,1,2.181437575949516
peak_015719,17,179,177,3475,3773,fol_17_00105,3624,1,2.27169645073681
peak_015727,17,193,192,3778,4178,fol_17_00113,3978,1,1.8239443423272736
peak_015733,17,201,199,3872,4181,fol_17_00119,4027,1,1.820573278211027
peak_015734,17,202,200,3896,4260,fol_17_00120,4078,1,1.9140924919618076
peak_015751,17,224,223,4360,4598,fol_17_00137,4479,1,2.3747499369476373
peak_015753,17,230,229,4561,4973,fol_17_00139,4767,1,2.050973681295264
peak_015754,17,231,230,4574,4931,fol_17_00140,4753,1,6.705201793532583
peak_015760,17,247,245,4957,5267,fol_17_00146,5112,1,2.123489147838884
peak_015761,17,248,247,4972,5284,fol_17_00147,5128,1,3.896315998960589
peak_015767,17,259,258,5354,5534,fol_17_00153,5444,1,1.7413370854363133
peak_015773,17,271,269,5476,5784,fol_17_00159,5630,1,1.8262389530736205
peak_015779,17,277,275,5683,5977,fol_17_00165,5830,1,1.9152998541280524
peak_015788,17,294,292,6271,6521,fol_17_00174,6396,1,2.821143065080438
peak_015800,17,311,309,6612,6865,fol_17_00186,6739,1,4.291935550740583
peak_015810,17,337,335,7765,8011,fol_17_00196,7888,1,1.7778250274885778
peak_015828,17,361,357,8190,8386,fol_17_00214,8288,1,1.988682717201667
peak_015839,17,376,372,8503,8750,fol_17_00225,8627,1,3.4476000191051765
peak_015854,17,400,399,9031,9346,fol_17_00240,9189,1,2.055826800516937
peak_015857,17,408,406,9129,9422,fol_17_00243,9276,1,1.9482918991385336
peak_015860,17,412,408,9156,9445,fol_17_00246,9301,1,1.85223317715018
peak_015866,17,419,418,9260,9595,fol_17_00252,9428,1,2.4440600137389983
peak_015868,17,421,420,9300,9569,fol_17_00254,9435,1,2.032444097995387
peak_015871,17,424,423,9338,9708,fol_17_00257,9523,1,2.269375108160479
peak_015873,17,427,425,9377,9691,fol_17_00259,9534,1,1.9901652657026587
peak_015878,17,433,431,9461,9775,fol_17_00264,9618,1,3.107914423179967
peak_015887,17,449,446,9993,10128,fol_17_00273,10061,1,3.108435315241357
peak_015889,17,450,448,10002,10265,fol_17_00275,10134,1,2.3227707426132
peak_015890,17,451,450,10017,10279,fol_17_00276,10148,1,1.7824144640662338
peak_015891,17,452,446,10129,10275,fol_17_00277,10202,1,1.9454292474212145
peak_015899,17,467,466,10437,10583,fol_17_00285,10510,1,1.9604382743317283
peak_015904,17,471,470,10462,10762,fol_17_00290,10612,1,3.116069984253212
peak_015908,17,477,476,10632,10818,fol_17_00294,10725,1,2.63553300466659
peak_015912,17,482,481,10926,11123,fol_17_00298,11025,1,4.741775172667687
peak_015917,17,491,489,11146,11283,fol_17_00303,11215,1,4.52051424761357
peak_015918,17,492,490,11158,11376,fol_17_00304,11267,1,1.984554970171787
peak_015919,17,496,494,11200,11371,fol_17_00305,11286,1,2.624955130093225
peak_015939,17,538,535,12497,12771,fol_17_00325,12634,1,1.7136600112220584
peak_015946,17,547,546,12765,13161,fol_17_00332,12963,1,1.7689796859061873
peak_015953,17,559,557,12918,13314,fol_17_00339,13116,1,1.833392305289398
peak_015956,17,563,559,12951,13333,fol_17_00342,13142,1,1.78757367290348
peak_015957,17,564,561,12954,13386,fol_17_00343,13170,1,4.371836740758317
peak_015964,17,575,571,13179,13499,fol_17_00350,13339,1,2.2008865689215877
peak_015988,17,617,615,14082,14425,fol_17_00374,14254,1,1.706021108822554
peak_015990,17,620,618,14125,14478,fol_17_00376,14302,1,2.2392899731624034
peak_016002,17,638,637,14501,14766,fol_17_00388,14634,1,2.93910951863256
peak_016003,17,639,638,14527,14779,fol_17_00389,14653,1,1.7758548358116084
peak_016005,17,642,641,14566,14705,fol_17_00391,14636,1,2.18253982837408
peak_016006,17,645,643,14613,14861,fol_17_00392,14737,1,1.7468318943969836
peak_016011,17,652,651,14762,15047,fol_17_00397,14905,1,1.985138107644193
peak_016022,17,677,675,15803,16067,fol_17_00408,15935,1,1.943673604870677
peak_016025,17,685,683,16024,16241,fol_17_00411,16133,1,1.7234009247787727
peak_016032,17,697,694,16115,16427,fol_17_00418,16271,1,2.167115730925957
peak_016056,17,749,748,17341,17545,fol_17_00442,17443,1,1.966301046155143
peak_016057,17,752,750,17658,17787,fol_17_00443,17723,1,2.967500620198879
peak_016060,17,762,764,17936,18095,fol_17_00446,18016,1,2.160020060365848
peak_016068,17,770,769,17830,18199,fol_17_00454,18015,1,2.0896848420202963
peak_016069,17,772,765,17842,18150,fol_17_00455,17996,1,2.004002759152947
peak_016076,17,779,778,17946,18341,fol_17_00462,18144,1,2.818075620327848
peak_016078,17,781,780,17993,18326,fol_17_00464,18160,1,2.0552871586675803
peak_016106,17,823,820,18678,18926,fol_17_00492,18802,1,1.9695666807661556
peak_016112,17,831,828,18746,19052,fol_17_00498,18899,1,2.376640905037513
peak_016119,17,838,837,18850,19177,fol_17_00505,19014,1,1.9591383082761125
peak_016122,17,841,838,18871,19196,fol_17_00508,19034,1,1.799599536479271
peak_016123,17,842,841,18895,19216,fol_17_00509,19056,1,1.9420626067020956
peak_016128,17,850,848,19024,19345,fol_17_00514,19185,1,1.803788842679624
peak_016133,17,859,856,19219,19508,fol_17_00519,19364,1,2.284442942402212
peak_016141,17,867,865,19397,19686,fol_17_00527,19542,1,1.7934346730089488
peak_016150,17,882,881,19683,19887,fol_17_00536,19785,1,2.489969403707525
peak_016159,17,900,899,20277,20526,fol_17_00545,20402,1,1.78642684048029
peak_016176,17,937,936,21205,21494,fol_17_00562,21350,1,2.2496995034763625
peak_016210,18,49,46,1074,1348,fol_18_00017,1211,1,2.2408403992431767
peak_016217,18,58,57,1323,1530,fol_18_00024,1427,1,2.5484673604822605
peak_016223,18,66,65,1457,1726,fol_18_00030,1592,1,5.682825500564944
peak_016239,18,95,93,2100,2425,fol_18_00046,2263,1,1.988913551342104
peak_016248,18,109,107,2467,2712,fol_18_00055,2590,1,2.700040723933015
peak_016264,18,129,127,2729,3061,fol_18_00071,2895,1,2.1422199640910047
peak_016267,18,132,130,2777,3075,fol_18_00074,2926,1,1.7895328201577
peak_016270,18,137,135,2868,3191,fol_18_00077,3030,1,2.360771382142203
peak_016271,18,138,137,2888,3203,fol_18_00078,3046,1,2.4350881322621403
peak_016286,18,160,157,3388,3662,fol_18_00093,3525,1,3.105721174236284
peak_016295,18,174,173,3841,4085,fol_18_00102,3963,1,2.122243305595924
peak_016316,18,216,210,4889,5153,fol_18_00123,5021,1,2.9719493540601967
peak_016341,18,248,245,5427,5689,fol_18_00148,5558,1,2.023063995020792
peak_016346,18,254,253,5541,5844,fol_18_00153,5693,1,2.5437542994280755
peak_016353,18,264,262,5715,6014,fol_18_00160,5865,1,3.545131074896458
peak_016356,18,267,266,5850,6112,fol_18_00163,5981,1,2.40867662806292
peak_016367,18,283,281,6232,6525,fol_18_00174,6379,1,3.14206758699972
peak_016369,18,285,284,6267,6517,fol_18_00176,6392,1,1.8243639193781047
peak_016393,18,326,324,7520,7748,fol_18_00200,7634,1,1.8535731321664
peak_016418,18,363,361,8192,8509,fol_18_00225,8351,1,2.500145454385664
peak_016422,18,369,368,8276,8557,fol_18_00229,8417,1,1.8262650220038104
peak_016436,18,401,400,9282,9561,fol_18_00243,9422,1,1.7817102097767703
peak_016442,18,412,411,9480,9765,fol_18_00249,9623,1,2.2568371875279207
peak_016446,18,417,415,9557,9836,fol_18_00253,9697,1,1.9355245856954333
peak_016447,18,418,417,9574,9855,fol_18_00254,9715,1,2.414907997957969
peak_016457,18,441,440,10302,10460,fol_18_00264,10381,1,3.585948980330396
peak_016467,18,468,466,11125,11368,fol_18_00274,11247,1,3.920428242214849
peak_016469,18,471,468,11144,11396,fol_18_00276,11270,1,2.1388245295871675
peak_016474,18,476,475,11247,11474,fol_18_00281,11361,1,3.056174711658046
peak_016482,18,495,492,11941,12201,fol_18_00289,12071,1,2.310019888134364
peak_016501,18,533,530,12683,12974,fol_18_00308,12829,1,2.496470902070488
peak_016502,18,534,532,12690,13101,fol_18_00309,12896,1,2.019044292347058
peak_016516,18,558,556,13350,13535,fol_18_00323,13443,1,2.050470029195496
peak_016532,18,582,581,13869,14112,fol_18_00339,13991,1,1.8942394378533047
peak_016535,18,589,588,14089,14348,fol_18_00342,14219,1,2.0664210887651597
peak_016547,19,14,13,185,395,fol_19_00005,290,1,5.148474307213139
peak_016560,19,36,35,784,1045,fol_19_00018,915,1,1.8611898568322007
peak_016570,19,51,45,1235,1512,fol_19_00028,1374,1,2.76610779704446
peak_016582,19,75,73,1794,2071,fol_19_00040,1933,1,2.043930344352935
peak_016584,19,78,75,1819,2088,fol_19_00042,1954,1,1.8422559098885436
peak_016591,19,89,87,2001,2359,fol_19_00049,2180,1,2.14599905883359
peak_016598,19,102,101,2475,2704,fol_19_00056,2590,1,3.061801467785454
peak_016602,19,111,109,2801,2969,fol_19_00060,2885,1,4.327993613814558
peak_016604,19,115,113,2751,3022,fol_19_00062,2887,1,2.4530910453454493
peak_016610,19,123,121,2932,3241,fol_19_00068,3087,1,3.490563663552518
peak_016620,19,134,132,3171,3450,fol_19_00078,3311,1,2.472228863669512
peak_016632,19,153,147,3524,3670,fol_19_00090,3597,1,2.8571216994554494
peak_016633,19,154,152,3501,3828,fol_19_00091,3665,1,3.226616140355968
peak_016647,19,177,175,3926,4120,fol_19_00105,4023,1,8.851620961212532
peak_016648,19,178,176,3940,4218,fol_19_00106,4079,1,2.4685704214666173
peak_016651,19,180,179,3990,4272,fol_19_00109,4131,1,1.9462002783779973
peak_016653,19,182,180,4019,4291,fol_19_00111,4155,1,2.14427168558864
peak_016681,19,235,234,5312,5631,fol_19_00139,5472,1,2.6561069690346604
peak_016686,19,240,239,5364,5643,fol_19_00144,5504,1,2.7061739147439363
peak_016703,19,265,263,5920,6096,fol_19_00161,6008,1,1.8263765199382196
peak_016713,19,281,280,6212,6562,fol_19_00171,6387,1,1.827928729047088
peak_016740,19,325,324,7430,7697,fol_19_00198,7564,1,1.9009579594748796
peak_016757,19,351,349,7870,8165,fol_19_00215,8018,1,1.8768839661803205
peak_016763,19,357,355,8016,8284,fol_19_00221,8150,1,1.84435541795716
peak_016765,19,359,356,8027,8161,fol_19_00223,8094,1,1.879631017600939
peak_016774,19,376,375,8578,8797,fol_19_00232,8688,1,2.382227968941034
peak_016820,19,456,455,10857,11254,fol_19_00278,11056,1,2.147333020590381
peak_016823,19,463,459,10921,11346,fol_19_00281,11134,1,2.109965249822954
peak_016824,19,464,462,10922,11265,fol_19_00282,11094,1,1.7416006639570885
peak_016825,19,466,464,10942,11331,fol_19_00283,11137,1,2.2393435723384187
peak_016835,19,483,481,11483,11791,fol_19_00293,11637,1,2.2714203629570795
peak_016858,19,524,520,12590,12838,fol_19_00316,12714,1,2.588020250440894
peak_016860,19,526,525,12648,12944,fol_19_00318,12796,1,1.8929277144851904
peak_016866,19,533,532,12754,13019,fol_19_00324,12887,1,2.145227606488755
peak_016880,19,554,551,13229,13549,fol_19_00338,13389,1,1.7921191118514452
peak_016909,19,597,595,14355,14662,fol_19_00367,14509,1,2.443995522686693
peak_016912,19,602,601,14423,14699,fol_19_00370,14561,1,2.0793829413316263
peak_016925,19,623,621,14754,15043,fol_19_00383,14899,1,2.159847159946298
peak_016935,19,634,633,14969,15234,fol_19_00393,15102,1,2.0269712148715477
peak_016949,19,660,659,15631,15891,fol_19_00407,15761,1,3.513894648070384
peak_016953,19,668,670,15805,16182,fol_19_00411,15994,1,2.268515330538266
peak_016955,19,670,666,15805,16169,fol_19_00413,15987,1,4.301073547456265
peak_016956,19,671,668,15820,16202,fol_19_00414,16011,1,2.378040940926569
peak_016979,19,706,705,16804,17051,fol_19_00437,16928,1,2.492505951097692
peak_016986,19,718,716,17107,17269,fol_19_00444,17188,1,2.3792573559473187
peak_016987,19,719,716,17270,17477,fol_19_00445,17374,1,4.703734855867041
peak_016996,19,736,734,17477,17823,fol_19_00454,17650,1,2.230045218250784
peak_016998,19,737,739,17669,17865,fol_19_00456,17767,1,2.200905230852425
peak_017000,19,739,736,17494,17852,fol_19_00458,17673,1,2.537474607548314
peak_017003,19,743,742,17560,17951,fol_19_00461,17756,1,1.944219179885896
peak_017011,19,759,758,18482,18751,fol_19_00469,18617,1,1.9900768620065532
peak_017013,19,762,757,18514,18789,fol_19_00471,18652,1,1.843025920413269
peak_017014,19,763,760,18522,18771,fol_19_00472,18647,1,7.879646438614817
peak_017016,19,765,762,18642,18772,fol_19_00474,18707,1,2.143422958617998
peak_017034,19,790,789,19093,19426,fol_19_00492,19260,1,1.7548827696105542
peak_017048,19,807,804,19256,19615,fol_19_00506,19436,1,2.308040340922225
peak_017052,19,811,809,19347,19667,fol_19_00510,19507,1,1.887998841662604
peak_017063,19,826,823,19506,19765,fol_19_00521,19636,1,1.909974265134932
peak_017109,19,908,907,21814,22203,fol_19_00567,22009,1,2.011152206606913
peak_017110,19,910,908,21834,22215,fol_19_00568,22025,1,4.080051230857792
peak_017111,19,911,910,21851,22233,fol_19_00569,22042,1,2.107953682195586
peak_017118,19,926,925,22235,22527,fol_19_00576,22381,1,2.161502519984844
peak_017120,19,931,930,22332,22465,fol_19_00578,22399,1,2.0331583744130897
peak_017123,19,935,933,22382,22623,fol_19_00581,22503,1,1.81284061449498
peak_017126,19,938,937,22440,22723,fol_19_00584,22582,1,2.142595389781592
peak_017148,19,968,967,23155,23301,fol_19_00606,23228,1,3.824799295242298
peak_017155,19,980,979,23389,23642,fol_19_00613,23516,1,2.06488291238611
peak_017161,19,993,990,23854,24030,fol_19_00619,23942,1,2.2230210832351087
peak_017168,20,19,11,24,308,fol_20_00006,166,1,1.8683783877253888
peak_017231,20,121,120,2147,2474,fol_20_00069,2311,1,2.858309499502117
peak_017276,20,186,185,3372,3680,fol_20_00114,3526,1,1.9529094094733543
peak_017295,20,220,218,3968,4307,fol_20_00133,4138,1,4.182587095010349
peak_017298,20,223,222,4028,4364,fol_20_00136,4196,1,2.973210959848224
peak_017319,20,258,257,4754,5106,fol_20_00157,4930,1,2.1654736427153134
peak_017320,20,259,258,4767,5122,fol_20_00158,4945,1,2.9089243516014105
peak_017329,20,272,270,4944,5292,fol_20_00167,5118,1,2.42033482831331
peak_017335,20,282,278,5092,5441,fol_20_00173,5267,1,1.7772940910187571
peak_017336,20,283,280,5092,5503,fol_20_00174,5298,1,1.883034090973324
peak_017346,20,293,292,5299,5573,fol_20_00184,5436,1,2.242344384643976
peak_017349,20,296,293,5313,5593,fol_20_00187,5453,1,2.5108868332041503
peak_017360,20,311,310,5783,6076,fol_20_00198,5930,1,2.0526668930166654
peak_017381,20,365,364,7248,7483,fol_20_00219,7366,1,2.865763664215735
peak_017389,20,375,374,7383,7680,fol_20_00227,7532,1,2.076126111116318
peak_017399,20,390,389,7727,8031,fol_20_00237,7879,1,1.8264517389800832
peak_017402,20,394,393,7838,8151,fol_20_00240,7995,1,1.969963114652436
peak_017405,20,402,399,8012,8260,fol_20_00243,8136,1,4.337341126699468
peak_017407,20,407,406,8151,8427,fol_20_00245,8289,1,1.9216482042195997
peak_017410,20,410,409,8311,8465,fol_20_00248,8388,1,2.335569086264768
peak_017413,20,413,410,8311,8482,fol_20_00251,8397,1,1.97824583366823
peak_017420,20,425,423,8476,8672,fol_20_00258,8574,1,1.865672906701192
peak_017430,20,440,439,8780,9052,fol_20_00268,8916,1,2.026376521516483
peak_017433,20,444,443,8830,9112,fol_20_00271,8971,1,2.33288896305307
peak_017439,20,452,451,9055,9354,fol_20_00277,9205,1,1.7451455495543249
peak_017443,20,469,466,9517,9759,fol_20_00281,9638,1,2.0531944654010537
peak_017460,20,500,498,10113,10442,fol_20_00298,10278,1,1.9359587184787352
peak_017463,20,507,506,10265,10623,fol_20_00301,10444,1,1.730994951342861
peak_017465,20,510,508,10320,10684,fol_20_00303,10502,1,1.831914684373307
peak_017468,20,513,512,10380,10745,fol_20_00306,10563,1,2.6912569085466385
peak_017471,20,516,515,10442,10818,fol_20_00309,10630,1,2.5019653355806235
peak_017472,20,519,516,10514,10836,fol_20_00310,10675,1,1.9180802720524728
peak_017512,20,577,576,11648,11942,fol_20_00350,11795,1,1.9888434963547563
peak_017515,20,580,579,11747,12025,fol_20_00353,11886,1,2.102720679126903
peak_017526,20,599,597,12075,12351,fol_20_00364,12213,1,1.8449979897051785
peak_017530,20,602,600,12156,12449,fol_20_00368,12303,1,2.481851277219139
peak_017547,20,638,635,13240,13479,fol_20_00385,13360,1,1.9934338661645088
peak_017560,20,657,656,13756,14055,fol_20_00398,13906,1,4.311979427747663
peak_017589,20,707,701,14616,14984,fol_20_00427,14800,1,5.365569124606122
peak_017593,20,711,712,14908,15059,fol_20_00431,14984,1,2.374164502156757
peak_017595,20,714,711,14908,15077,fol_20_00433,14993,1,2.020206393923617
peak_017602,20,725,722,15037,15210,fol_20_00440,15124,1,4.875621226550125
peak_017605,20,729,727,15078,15505,fol_20_00443,15292,1,2.4959703789683365
peak_017629,20,771,767,15987,16220,fol_20_00467,16104,1,1.8016818620845407
peak_017656,20,819,816,16929,17239,fol_20_00494,17084,1,1.7283189366072744
peak_017664,20,829,827,17040,17351,fol_20_00502,17196,1,2.717626217835375
peak_017668,20,834,832,17078,17394,fol_20_00506,17236,1,2.920645304773074
peak_017691,20,869,867,18141,18382,fol_20_00529,18262,1,1.9853823706813083
peak_017696,20,876,874,18222,18477,fol_20_00534,18350,1,1.7947650544047462
peak_017703,20,887,882,18418,18643,fol_20_00541,18531,1,4.01752704234015
peak_017706,20,893,890,18467,18856,fol_20_00544,18662,1,2.389549496053771
peak_017707,20,895,893,18539,18873,fol_20_00545,18706,1,3.4671013366022447
peak_017718,20,913,912,18848,19166,fol_20_00556,19007,1,2.848760599251875
peak_017724,20,922,919,19105,19325,fol_20_00562,19215,1,1.9051554404930349
peak_017727,20,925,923,19074,19339,fol_20_00565,19207,1,2.1263683546382985
peak_017734,20,937,936,19415,19714,fol_20_00572,19565,1,2.096595266478018
peak_017743,20,953,951,19871,20162,fol_20_00581,20017,1,1.787442488167364
peak_017775,20,997,992,20699,20954,fol_20_00613,20827,1,3.1046264121489275
peak_017792,20,1018,1016,21110,21243,fol_20_00630,21177,1,2.103092344420505
peak_017800,20,1031,1029,21495,21666,fol_20_00638,21581,1,2.871470124217202
peak_017812,20,1060,1058,22227,22481,fol_20_00650,22354,1,1.731472276890679
peak_017814,20,1063,1062,22313,22576,fol_20_00652,22445,1,1.7968588733702453
peak_017837,20,1101,1099,23372,23645,fol_20_00675,23509,1,1.916094720987496
peak_017842,20,1108,1104,23431,23580,fol_20_00680,23506,1,2.511076303645096
peak_017852,20,1120,1119,23776,24047,fol_20_00690,23912,1,1.9643639825067687
peak_017853,20,1122,1120,23791,24063,fol_20_00691,23927,1,2.320620523672867
peak_017891,20,1181,1179,24860,25219,fol_20_00729,25040,1,2.385268488451923
peak_017898,20,1191,1189,24997,25232,fol_20_00736,25115,1,3.0727461374741423
peak_017909,21,20,19,177,469,fol_21_00007,323,1,1.9257099911546447
peak_017921,21,51,50,1084,1414,fol_21_00019,1249,1,1.7824022271127329
peak_017936,21,74,70,1419,1701,fol_21_00034,1560,1,1.8022985172205304
peak_017941,21,85,83,1701,2005,fol_21_00039,1853,1,1.9662758020929223
peak_017945,21,94,92,1878,2217,fol_21_00043,2048,1,2.015313790796359
peak_017950,21,101,98,1984,2320,fol_21_00048,2152,1,1.7151348518726397
peak_017952,21,104,103,2012,2315,fol_21_00050,2164,1,3.4506071379938774
peak_017954,21,106,105,2065,2431,fol_21_00052,2248,1,1.702691760170859
peak_017959,21,111,110,2177,2475,fol_21_00057,2326,1,2.4750365983233897
peak_017965,21,118,117,2315,2569,fol_21_00063,2442,1,2.259061177138926
peak_017980,21,139,138,2678,2986,fol_21_00078,2832,1,2.8106681393046635
peak_017999,21,165,166,3380,3529,fol_21_00097,3455,1,2.986592416272462
peak_018002,21,167,165,3380,3546,fol_21_00100,3463,1,1.9070010691074644
peak_018010,21,179,178,3555,3857,fol_21_00108,3706,1,1.8260105846279004
peak_018015,21,188,186,3662,3985,fol_21_00113,3824,1,1.9512070201326857
peak_018032,21,212,208,4038,4299,fol_21_00130,4169,1,1.8603085508708532
peak_018034,21,214,212,4059,4313,fol_21_00132,4186,1,2.0178659311064697
peak_018035,21,215,213,4063,4392,fol_21_00133,4228,1,1.8602509337466608
peak_018036,21,216,215,4086,4410,fol_21_00134,4248,1,1.912568917852573
peak_018040,21,220,218,4160,4463,fol_21_00138,4312,1,3.318095158575608
peak_018047,21,231,228,4299,4587,fol_21_00145,4443,1,1.990110718515178
peak_018061,21,250,248,4650,4955,fol_21_00159,4803,1,1.768541651176453
peak_018062,21,251,250,4696,4988,fol_21_00160,4842,1,2.4570715867256925
peak_018066,21,257,254,4871,5120,fol_21_00164,4996,1,3.8936319514335658
peak_018070,21,266,262,5188,5338,fol_21_00168,5263,1,5.984602099420204
peak_018082,21,286,284,5841,6015,fol_21_00180,5928,1,2.8398000015027725
peak_018090,21,298,297,6087,6371,fol_21_00188,6229,1,1.7709611125051636
peak_018092,21,302,300,6231,6481,fol_21_00190,6356,1,1.7058503858616136
peak_018103,21,325,322,6912,7095,fol_21_00201,7004,1,2.14044590577399
peak_018114,21,343,342,7430,7694,fol_21_00212,7562,1,1.9718725909401749
peak_018154,21,404,401,8781,9084,fol_21_00252,8933,1,2.4287278890787065
peak_018156,21,408,406,8839,9128,fol_21_00254,8984,1,2.2161566597523907
peak_018177,21,448,447,10157,10343,fol_21_00275,10250,1,4.452941514025417
peak_018211,21,501,499,11308,11535,fol_21_00309,11422,1,2.0356158357497134
peak_018231,21,524,523,11668,11912,fol_21_00329,11790,1,2.450083095006605
peak_018234,21,528,525,11726,11914,fol_21_00332,11820,1,1.770844080128196
peak_018237,21,531,529,11773,12036,fol_21_00335,11905,1,1.7236545621322137
peak_018248,21,543,541,12035,12220,fol_21_00346,12128,1,2.277802334658821
peak_018277,21,588,584,12711,12992,fol_21_00375,12852,1,3.1196281780084725
peak_018278,21,589,585,12716,12978,fol_21_00376,12847,1,4.3587816970549405
peak_018283,21,593,589,12979,13122,fol_21_00381,13051,1,1.812282013175716
peak_018295,21,609,608,13121,13426,fol_21_00393,13274,1,2.221327079388877
peak_018300,21,625,623,13502,13884,fol_21_00398,13693,1,3.2002725448078144
peak_018318,21,654,653,14327,14494,fol_21_00416,14411,1,3.609777054343412
peak_018329,21,673,672,14733,15025,fol_21_00427,14879,1,2.0738307789460078
peak_018336,21,683,681,14894,15174,fol_21_00434,15034,1,2.8372298676745134
peak_018379,21,740,738,16157,16465,fol_21_00477,16311,1,1.776023766032903
peak_018382,21,743,742,16242,16502,fol_21_00480,16372,1,2.3788496657109066
peak_018386,21,748,747,16371,16616,fol_21_00484,16494,1,2.2738506564292846
peak_018395,21,771,769,17203,17418,fol_21_00493,17311,1,2.2049194199057065
peak_018403,21,789,788,17954,18208,fol_21_00501,18081,1,2.934740026558675
peak_018416,21,810,808,18375,18647,fol_21_00514,18511,1,3.81958328093075
peak_018428,21,835,833,18996,19275,fol_21_00526,19136,1,2.6068929718742657
peak_018465,21,893,892,20407,20730,fol_21_00563,20569,1,2.000435177531048
peak_018466,21,894,893,20428,20747,fol_21_00564,20588,1,2.0823435131569656
peak_018467,21,895,894,20464,20766,fol_21_00565,20615,1,2.0314334073439464
peak_018470,21,899,898,20605,20773,fol_21_00568,20689,1,2.9417018944324105
peak_018473,21,904,903,20689,20977,fol_21_00571,20833,1,3.2237769796581923
peak_018479,21,911,910,20860,21147,fol_21_00577,21004,1,2.326328264559929
peak_018483,21,915,914,20909,21184,fol_21_00581,21047,1,2.004921944273913
peak_018488,21,927,922,21396,21699,fol_21_00586,21548,1,2.13256169093553
peak_018493,21,933,931,21476,21747,fol_21_00591,21612,1,2.4429172852449588
peak_018499,21,942,941,21747,22010,fol_21_00597,21879,1,4.799810521029818
peak_018504,21,954,952,21999,22401,fol_21_00602,22200,1,3.231888043073232
peak_018529,21,1005,1003,23212,23606,fol_21_00627,23409,1,1.7089970036715836
peak_018552,21,1045,1043,24100,24348,fol_21_00650,24224,1,1.7548030015693772
peak_018553,21,1046,1041,24126,24424,fol_21_00651,24275,1,2.829210198474777
peak_018563,21,1062,1061,24747,25047,fol_21_00661,24897,1,1.832124966657099
peak_018575,22,34,31,576,808,fol_22_00010,692,1,2.60275686797732
peak_018577,22,36,35,627,937,fol_22_00012,782,1,2.166803001615979
peak_018589,22,57,54,1054,1367,fol_22_00024,1211,1,2.544797349196098
peak_018593,22,64,61,1160,1475,fol_22_00028,1318,1,1.7231087164222063
peak_018604,22,83,81,1416,1819,fol_22_00039,1618,1,2.6787831836320795
peak_018613,22,94,89,1786,1983,fol_22_00048,1885,1,2.314012101240249
peak_018642,22,145,142,3146,3390,fol_22_00077,3268,1,1.8156273425379663
peak_018647,22,150,148,3230,3487,fol_22_00082,3359,1,1.9349448760742345
peak_018651,22,155,153,3331,3460,fol_22_00086,3396,1,2.4854024224990607
peak_018679,22,197,196,4115,4496,fol_22_00114,4306,1,2.353169955621457
peak_018691,22,211,208,4263,4644,fol_22_00126,4454,1,3.173089596322094
peak_018697,22,217,216,4350,4683,fol_22_00132,4517,1,2.888706311857677
peak_018703,22,226,224,4452,4779,fol_22_00138,4616,1,1.923271380707483
peak_018705,22,228,226,4468,4805,fol_22_00140,4637,1,2.766487697434945
peak_018715,22,242,240,4650,4960,fol_22_00150,4805,1,2.2230285569342696
peak_018727,22,258,256,5003,5330,fol_22_00162,5167,1,2.4807350657258844
peak_018728,22,259,258,5024,5349,fol_22_00163,5187,1,1.7113777799412826
peak_018731,22,264,263,5108,5413,fol_22_00166,5261,1,1.798579981980217
peak_018744,22,281,279,5297,5620,fol_22_00179,5459,1,2.395002259736481
peak_018746,22,286,283,5339,5664,fol_22_00181,5502,1,1.7603689182637552
peak_018759,22,306,301,5880,6160,fol_22_00194,6020,1,2.401113628182137
peak_018763,22,313,310,5986,6124,fol_22_00198,6055,1,2.8784634298862457
peak_018769,22,320,319,6168,6526,fol_22_00204,6347,1,2.3255021007706214
peak_018774,22,328,324,6247,6563,fol_22_00209,6405,1,2.0910470173894224
peak_018777,22,332,330,6307,6603,fol_22_00212,6455,1,2.12206808589544
peak_018780,22,339,337,6384,6790,fol_22_00215,6587,1,2.945466393783069
peak_018792,22,354,353,6582,6887,fol_22_00227,6735,1,2.3768456824774864
peak_018805,22,374,372,6961,7319,fol_22_00240,7140,1,2.801879277929378
peak_018818,22,392,390,7258,7539,fol_22_00253,7399,1,2.367905950408741
peak_018837,22,428,427,8375,8661,fol_22_00272,8518,1,1.7688712695825537
peak_018840,22,437,434,8530,8833,fol_22_00275,8682,1,3.932085922192078
peak_018841,22,439,437,8553,8848,fol_22_00276,8701,1,1.7119892401504164
peak_018854,22,456,454,8809,9120,fol_22_00289,8965,1,2.688431690825833
peak_018886,22,501,499,9750,10044,fol_22_00321,9897,1,1.8709939139012133
peak_018891,22,508,506,9880,10268,fol_22_00326,10074,1,2.505173732280363
peak_018893,22,514,512,10087,10346,fol_22_00328,10217,1,2.283359201645255
peak_018895,22,517,515,10111,10345,fol_22_00330,10228,1,2.3147321496176314
peak_018898,22,522,520,10169,10473,fol_22_00333,10321,1,1.9049190621414989
peak_018911,22,537,536,10369,10698,fol_22_00346,10534,1,1.799704323274833
peak_018917,22,546,544,10559,10858,fol_22_00352,10709,1,2.44232766342369
peak_018919,22,550,548,10631,10940,fol_22_00354,10786,1,1.8943968700901368
peak_018920,22,552,550,10649,10958,fol_22_00355,10804,1,1.8341395851555584
peak_018930,22,567,564,10976,11286,fol_22_00365,11131,1,1.9012663390725584
peak_018934,22,572,571,11070,11371,fol_22_00369,11221,1,1.780492438933682
peak_018938,22,577,575,11159,11469,fol_22_00373,11314,1,2.6544528745999347
peak_018941,22,582,579,11202,11502,fol_22_00376,11352,1,2.1927048224755947
peak_018943,22,584,583,11268,11541,fol_22_00378,11405,1,1.705051843426845
peak_018948,22,594,592,11404,11816,fol_22_00383,11610,1,1.8154436114854908
peak_018963,22,621,620,12165,12556,fol_22_00398,12361,1,2.051541090162982
peak_018965,22,623,621,12183,12575,fol_22_00400,12379,1,3.0299441965103213
peak_018966,22,625,623,12199,12592,fol_22_00401,12396,1,3.39636951293094
peak_018970,22,630,627,12249,12624,fol_22_00405,12437,1,3.0554983100375948
peak_018971,22,632,631,12275,12633,fol_22_00406,12454,1,3.203210529705282
peak_018973,22,634,633,12292,12671,fol_22_00408,12482,1,1.9114107397759763
peak_018977,22,638,636,12335,12712,fol_22_00412,12524,1,2.0024362815228613
peak_018984,22,647,646,12472,12792,fol_22_00419,12632,1,2.9783677075659667
peak_018992,22,657,653,12776,12988,fol_22_00427,12882,1,2.289883269431937
peak_018995,22,662,661,12771,13103,fol_22_00430,12937,1,1.772722323108789
peak_018998,22,668,666,12854,13185,fol_22_00433,13020,1,3.160344414374096
peak_019003,22,673,671,12958,13275,fol_22_00438,13117,1,1.7301827897483737
peak_019024,23,33,29,335,556,fol_23_00014,446,1,1.8855421928540448
peak_019031,23,43,41,438,734,fol_23_00021,586,1,1.9869188206586383
peak_019043,23,57,56,758,1047,fol_23_00033,903,1,2.004500515936492
peak_019051,23,74,71,1117,1421,fol_23_00041,1269,1,1.7464286471527717
peak_019054,23,79,77,1204,1524,fol_23_00044,1364,1,1.7695112721218769
peak_019055,23,80,79,1230,1544,fol_23_00045,1387,1,2.502621388552257
peak_019070,23,106,103,1972,2143,fol_23_00060,2058,1,2.0045389716097386
peak_019071,23,107,105,1977,2253,fol_23_00061,2115,1,1.7101186899358054
peak_019092,23,139,137,2572,2897,fol_23_00082,2735,1,2.8628813680852643
peak_019093,23,140,139,2590,2913,fol_23_00083,2752,1,2.2276728621387982
peak_019094,23,141,138,2606,2876,fol_23_00084,2741,1,1.96298486149125
peak_019095,23,142,140,2610,2929,fol_23_00085,2770,1,2.399781845878461
peak_019100,23,150,148,2754,3023,fol_23_00090,2889,1,1.816505783091093
peak_019104,23,155,151,2826,2977,fol_23_00094,2902,1,1.820565568644208
peak_019118,23,172,171,3147,3459,fol_23_00108,3303,1,2.255608652934802
peak_019132,23,187,185,3408,3746,fol_23_00122,3577,1,3.199478597568344
peak_019133,23,188,187,3469,3767,fol_23_00123,3618,1,2.38220911529952
peak_019142,23,202,200,3674,4073,fol_23_00132,3874,1,1.7196119013090558
peak_019154,23,222,216,3979,4366,fol_23_00144,4173,1,2.378781364673487
peak_019156,23,225,222,4013,4395,fol_23_00146,4204,1,1.8041487232096505
peak_019168,23,241,240,4245,4595,fol_23_00158,4420,1,1.9836870252520569
peak_019170,23,243,241,4255,4613,fol_23_00160,4434,1,4.703252456146664
peak_019171,23,244,243,4275,4623,fol_23_00161,4449,1,1.8959936155814257
peak_019173,23,247,246,4323,4677,fol_23_00163,4500,1,2.0745800011858724
peak_019176,23,251,249,4375,4726,fol_23_00166,4551,1,2.528027124604898
peak_019180,23,256,253,4438,4757,fol_23_00170,4598,1,2.0936844225531948
peak_019185,23,261,260,4535,4875,fol_23_00175,4705,1,2.022195302404575
peak_019205,23,297,294,5368,5677,fol_23_00195,5523,1,3.882156351071425
peak_019207,23,299,298,5402,5658,fol_23_00197,5530,1,3.075161239149166
peak_019213,23,303,301,5461,5595,fol_23_00203,5528,1,1.818742700208456
peak_019247,23,357,355,6641,6916,fol_23_00237,6779,1,2.3685546008475327
peak_019253,23,367,362,6977,7114,fol_23_00243,7046,1,1.8640919321214784
peak_019274,23,398,396,7297,7652,fol_23_00264,7475,1,1.8209111296333864
peak_019285,23,417,414,7629,7957,fol_23_00275,7793,1,2.032442854435062
peak_019288,23,421,417,7658,7975,fol_23_00278,7817,1,2.2671967736501557
peak_019297,23,433,431,8028,8209,fol_23_00287,8119,1,5.212951021202931
peak_019305,23,446,444,8200,8468,fol_23_00295,8334,1,1.9564483683570075
peak_019308,23,452,451,8296,8613,fol_23_00298,8455,1,2.0931956772244456
peak_019310,23,454,453,8330,8652,fol_23_00300,8491,1,2.1384429902191173
peak_019318,23,467,465,8487,8638,fol_23_00308,8563,1,1.7269353342787634
peak_019322,23,471,470,8537,8831,fol_23_00312,8684,1,4.210589964604545
peak_019329,23,480,478,8734,9058,fol_23_00319,8896,1,1.800317529127773
peak_019332,23,485,484,8824,9080,fol_23_00322,8952,1,2.4941068090181435
peak_019336,23,491,488,8900,9188,fol_23_00326,9044,1,2.0521133753469365
peak_019340,23,495,492,8948,9185,fol_23_00330,9067,1,1.786198434924761
peak_019346,23,502,500,9051,9321,fol_23_00336,9186,1,1.73851004302932
peak_019354,23,521,516,9479,9819,fol_23_00344,9649,1,1.931292085346808
peak_019355,23,523,519,9488,9785,fol_23_00345,9637,1,1.7439731384344408
peak_019387,23,579,578,10810,11121,fol_23_00377,10966,1,1.7159477658595097
peak_019388,23,580,579,10840,11140,fol_23_00378,10990,1,1.973846572715324
peak_019390,23,582,581,10892,11200,fol_23_00380,11046,1,2.195151793971577
peak_019414,23,613,610,11481,11805,fol_23_00404,11643,1,2.1819760699398416
peak_019416,23,618,617,11655,12014,fol_23_00406,11835,1,2.220716265371607
peak_019417,23,619,618,11670,12031,fol_23_00407,11851,1,2.156517637470856
peak_019433,23,649,648,12261,12655,fol_23_00423,12458,1,2.103944827350246
peak_019460,23,688,686,12838,13201,fol_23_00450,13020,1,1.7732906731126736
peak_019464,23,693,691,12927,13277,fol_23_00454,13102,1,2.2899863235383067
peak_019466,23,698,695,12971,13368,fol_23_00456,13170,1,1.975224503497614
peak_019468,23,700,699,13010,13332,fol_23_00458,13171,1,1.9251892678275244
peak_019483,23,720,718,13268,13600,fol_23_00473,13434,1,1.8536282940995883
peak_019489,23,726,724,13344,13762,fol_23_00479,13553,1,1.7982562304962817
peak_019491,23,728,725,13355,13659,fol_23_00481,13507,1,3.035899297205729
peak_019492,23,729,728,13380,13601,fol_23_00482,13491,1,2.8106746821366078
peak_019503,23,745,740,13538,13941,fol_23_00493,13740,1,1.714928189608948
peak_019513,23,766,765,14034,14329,fol_23_00503,14182,1,2.962925911527187
peak_019517,23,772,769,14039,14426,fol_23_00507,14233,1,1.8036652727886573
peak_019531,23,805,803,14680,15054,fol_23_00521,14867,1,1.9877057762711663
peak_019534,23,808,807,14729,15100,fol_23_00524,14915,1,2.9871578222015898
peak_019537,23,814,812,14810,15120,fol_23_00527,14965,1,2.1403752534476053
peak_019539,23,818,817,14875,15285,fol_23_00529,15080,1,3.8505143349213102
peak_019540,23,819,818,14885,15302,fol_23_00530,15094,1,5.3696863305941465
peak_019546,23,829,826,15007,15418,fol_23_00536,15213,1,1.907733462174425
peak_019548,23,832,830,15052,15486,fol_23_00538,15269,1,1.949192022667957
peak_019549,23,833,832,15069,15507,fol_23_00539,15288,1,2.103620135844237
peak_019559,23,848,844,15345,15753,fol_23_00549,15549,1,1.7116880028166226
peak_019560,23,849,848,15357,15777,fol_23_00550,15567,1,1.8748486420211328
peak_019561,23,852,849,15370,15789,fol_23_00551,15580,1,1.9613363675317184
peak_019562,23,853,850,15382,15656,fol_23_00552,15519,1,1.7310596469865602
peak_019565,23,858,857,15439,15921,fol_23_00555,15680,1,2.2408929102278026
peak_019568,23,861,858,15459,15938,fol_23_00558,15699,1,2.2443421941163617
peak_019570,23,863,860,15496,15911,fol_23_00560,15704,1,1.983305822367737
peak_019575,23,868,866,15555,15949,fol_23_00565,15752,1,1.8897828461639572
peak_019602,23,908,907,16314,16622,fol_23_00592,16468,1,3.052402030326736
peak_019603,23,910,909,16339,16597,fol_23_00593,16468,1,2.778073176041511
peak_019605,23,912,911,16361,16652,fol_23_00595,16507,1,1.7038629796666838
peak_019608,23,918,916,16446,16751,fol_23_00598,16599,1,2.818519151404645
peak_019610,23,921,919,16489,16783,fol_23_00600,16636,1,2.202580233381793
peak_019611,23,923,921,16504,16800,fol_23_00601,16652,1,2.4006872085468016
peak_019616,23,930,927,16575,16897,fol_23_00606,16736,1,2.5138601150685704
peak_019623,23,939,938,16708,17041,fol_23_00613,16875,1,2.411542148505316
peak_019624,23,940,939,16728,17058,fol_23_00614,16893,1,1.7349210643881388
peak_019633,23,952,950,16859,17182,fol_23_00623,17021,1,2.088078574846749
peak_019634,23,953,947,16986,17200,fol_23_00624,17093,1,1.7245608337161265
peak_019635,23,954,951,16922,17113,fol_23_00625,17018,1,1.7287528970885926
peak_019644,23,964,963,17051,17366,fol_23_00634,17209,1,1.8632311870749625
peak_019645,23,965,964,17200,17392,fol_23_00635,17296,1,2.0398600173245454
peak_019646,23,966,965,17200,17411,fol_23_00636,17306,1,2.992631489203658
peak_019655,23,976,975,17284,17596,fol_23_00645,17440,1,2.254946293088174
peak_019659,23,982,981,17400,17685,fol_23_00649,17543,1,2.205572583965488
peak_019660,23,983,982,17400,17709,fol_23_00650,17555,1,3.2579910276803945
peak_019667,23,994,992,17463,17811,fol_23_00657,17637,1,1.952820508034719
peak_019690,23,1019,1018,17813,18132,fol_23_00680,17973,1,1.8059981032433223
peak_019696,23,1027,1023,17896,18211,fol_23_00686,18054,1,1.857798133686265
peak_019706,23,1044,1043,18187,18482,fol_23_00696,18335,1,1.8234823270613063
peak_019708,23,1050,1051,18525,18738,fol_23_00698,18632,1,2.199852184765422
peak_019716,23,1064,1062,18670,19070,fol_23_00706,18870,1,1.7914087114271813
peak_019719,23,1067,1070,18802,19052,fol_23_00709,18927,1,1.727774299933695
peak_019721,23,1069,1067,18802,19073,fol_23_00711,18938,1,1.9868170233682296
peak_019722,23,1070,1066,18786,19036,fol_23_00712,18911,1,2.119033528351436
peak_019739,23,1097,1095,19408,19667,fol_23_00729,19538,1,1.7637978186674443
peak_019757,23,1133,1132,20520,20768,fol_23_00747,20644,1,3.2439051840890354
peak_019762,23,1147,1144,20678,21019,fol_23_00752,20849,1,5.404600201016184
peak_019770,23,1156,1155,20870,21218,fol_23_00760,21044,1,1.7455607303612644
peak_019773,23,1161,1160,20919,21358,fol_23_00763,21139,1,1.9122871821980407
peak_019774,23,1162,1159,20928,21276,fol_23_00764,21102,1,2.1041544840568567
peak_019778,23,1165,1162,20943,21296,fol_23_00768,21120,1,2.656680499653859
peak_019781,23,1170,1167,20986,21245,fol_23_00771,21116,1,2.2229295407544707
peak_019788,23,1177,1176,21351,21601,fol_23_00778,21476,1,1.8527958290931397
peak_019793,23,1190,1189,21489,21675,fol_23_00783,21582,1,5.017287450968339
peak_019797,23,1195,1194,21595,21790,fol_23_00787,21693,1,7.065487906017672
peak_019807,23,1207,1205,21785,22079,fol_23_00797,21932,1,1.856029223287636
peak_019808,23,1208,1207,21799,22097,fol_23_00798,21948,1,2.6134943825414108
peak_019810,23,1210,1208,21810,22114,fol_23_00800,21962,1,3.054708484113422
peak_019811,23,1211,1209,21830,22196,fol_23_00801,22013,1,2.1324883891523503
peak_019813,23,1214,1212,21870,22239,fol_23_00803,22055,1,5.27793485382865
peak_019814,23,1215,1214,21887,22248,fol_23_00804,22068,1,2.686736864381651
peak_019815,23,1216,1215,21906,22262,fol_23_00805,22084,1,2.0100579215735936
peak_019817,23,1219,1217,21963,22316,fol_23_00807,22140,1,1.7791112968726923
peak_019819,23,1221,1220,22021,22375,fol_23_00809,22198,1,1.9726084379465896
peak_019820,23,1226,1224,22161,22390,fol_23_00810,22276,1,1.805210080939244
peak_019830,23,1240,1237,22267,22532,fol_23_00820,22400,1,1.7284633434434205
peak_019833,23,1244,1242,22319,22637,fol_23_00823,22478,1,2.5283489332726963
peak_019840,23,1254,1251,22445,22802,fol_23_00830,22624,1,1.8365378061937443
peak_019845,23,1261,1259,22538,22913,fol_23_00835,22726,1,3.4395432395085805
peak_019851,23,1267,1264,22642,22866,fol_23_00841,22754,1,5.099031748067318
peak_019860,23,1279,1278,22994,23280,fol_23_00850,23137,1,2.0485584773979792
peak_019869,23,1304,1302,23690,23892,fol_23_00859,23791,1,1.781965015411034
peak_019871,23,1308,1306,23737,23919,fol_23_00861,23828,1,2.6079536662877825
peak_019910,24,80,78,1477,1810,fol_24_00038,1644,1,2.021636478965504
peak_019912,24,84,82,1502,1841,fol_24_00040,1672,1,2.705875680191817
peak_019915,24,88,84,1526,1856,fol_24_00043,1691,1,1.837946969013991
peak_019931,24,109,107,1820,2045,fol_24_00059,1933,1,1.742131365235242
peak_019955,24,140,138,2419,2615,fol_24_00083,2517,1,1.7563921484813738
peak_019992,24,210,209,4438,4807,fol_24_00120,4623,1,1.7654132956607125
peak_019999,24,223,221,4538,4936,fol_24_00127,4737,1,1.8788547681155583
peak_020001,24,225,223,4553,4955,fol_24_00129,4754,1,2.962704411809339
peak_020018,24,242,237,4759,5082,fol_24_00146,4921,1,2.0150476788113285
peak_020078,24,339,338,7040,7381,fol_24_00206,7211,1,2.095384399666529
peak_020080,24,342,341,7089,7478,fol_24_00208,7284,1,2.033059114642583
peak_020090,24,360,356,7282,7670,fol_24_00218,7476,1,2.2116771089061555
peak_020092,24,362,360,7308,7685,fol_24_00220,7497,1,1.9703045649383184
peak_020105,24,382,379,7564,7940,fol_24_00233,7752,1,1.834010184175901
peak_020113,24,391,390,7677,8016,fol_24_00241,7847,1,3.0942599527634727
peak_020143,24,433,430,8415,8684,fol_24_00271,8550,1,1.823102069121268
peak_020151,24,445,442,8636,8941,fol_24_00279,8789,1,2.9222610125636743
peak_020159,24,454,447,8733,9002,fol_24_00287,8868,1,2.7411310778660547
peak_020170,24,469,467,8907,9260,fol_24_00298,9084,1,2.333479588736119
peak_020176,24,477,473,9011,9328,fol_24_00304,9170,1,2.682304103385485
peak_020187,24,490,487,9173,9514,fol_24_00315,9344,1,2.330943628330889
peak_020189,24,492,491,9203,9541,fol_24_00317,9372,1,3.004717261403267
peak_020191,24,496,494,9227,9582,fol_24_00319,9405,1,1.8724405309420784
peak_020205,24,511,509,9489,9807,fol_24_00333,9648,1,1.9771851069888264
peak_020216,24,526,524,9698,10022,fol_24_00344,9860,1,3.0132476830288115
peak_020222,24,535,534,9794,10127,fol_24_00350,9961,1,1.853722422137064
peak_020228,24,543,542,9929,10206,fol_24_00356,10068,1,1.8934828740522345
peak_020233,24,551,549,10149,10365,fol_24_00361,10257,1,2.076531513644713
peak_020236,24,555,552,10250,10561,fol_24_00364,10406,1,5.745246316613305
peak_020272,24,616,615,11575,11843,fol_24_00400,11709,1,3.53925405544659
peak_020279,24,628,625,11776,12068,fol_24_00407,11922,1,1.991408699326283
peak_020284,24,636,632,11889,12146,fol_24_00412,12018,1,2.156990638360129
peak_020318,24,682,679,12735,13009,fol_24_00446,12872,1,1.74880150299869
peak_020320,24,685,683,12763,13061,fol_24_00448,12912,1,1.818789900250554
peak_020339,24,716,713,13429,13774,fol_24_00467,13602,1,1.7935144654411772
peak_020340,24,717,716,13449,13797,fol_24_00468,13623,1,2.2450371593148786
peak_020341,24,719,717,13468,13814,fol_24_00469,13641,1,1.86934101793684
peak_020345,24,723,722,13511,13857,fol_24_00473,13684,1,2.004991806443805
peak_020351,24,729,727,13612,13965,fol_24_00479,13789,1,2.510077902694796
peak_020352,24,730,728,13615,14008,fol_24_00480,13812,1,2.013080295219894
peak_020376,24,765,763,14320,14654,fol_24_00504,14487,1,1.9068288381584413
peak_020377,24,766,765,14335,14674,fol_24_00505,14505,1,2.378382085783975
peak_020380,24,772,769,14419,14712,fol_24_00508,14566,1,2.132516926474324
peak_020381,24,773,772,14438,14782,fol_24_00509,14610,1,1.7784300932214578
peak_020392,24,788,786,14626,14954,fol_24_00520,14790,1,2.221877575071444
peak_020395,24,792,790,14692,15005,fol_24_00523,14849,1,1.726768183836692
peak_020398,24,796,794,14734,15025,fol_24_00526,14880,1,2.5370307673287447
peak_020404,24,804,801,14807,15114,fol_24_00532,14961,1,2.037903993956235
peak_020417,24,819,816,15083,15339,fol_24_00545,15211,1,1.8774767712224167
peak_020418,24,820,817,15085,15345,fol_24_00546,15215,1,1.9295947486735487
peak_020428,24,837,836,15549,15846,fol_24_00556,15698,1,1.864862148717428
peak_020430,24,841,839,15593,15889,fol_24_00558,15741,1,2.1601536471397
peak_020438,24,852,851,15726,16021,fol_24_00566,15874,1,1.8352734085232232
peak_020440,24,855,852,15744,16038,fol_24_00568,15891,1,2.4186255982680245
peak_020453,24,870,868,15993,16281,fol_24_00581,16137,1,1.775233891951669
peak_020458,24,876,871,16062,16354,fol_24_00586,16208,1,1.8082226853833696
peak_020464,24,884,881,16149,16405,fol_24_00592,16277,1,1.9149224714080617
peak_020466,24,886,883,16167,16443,fol_24_00594,16305,1,1.827305717151086
peak_020487,24,910,908,16601,16848,fol_24_00615,16725,1,3.211078114675869
peak_020490,24,918,917,16780,17031,fol_24_00618,16906,1,3.502989973563155
peak_020493,24,922,919,16887,17109,fol_24_00621,16998,1,1.8258658626529825
peak_020501,24,933,930,17064,17454,fol_24_00629,17259,1,2.3376546771180946
peak_020505,24,940,938,17215,17537,fol_24_00633,17376,1,1.85311755262606
peak_020521,24,958,956,17551,17867,fol_24_00649,17709,1,2.179754944905248
peak_020522,24,959,958,17566,17884,fol_24_00650,17725,1,1.995679749814718
peak_020538,24,982,981,17973,18271,fol_24_00666,18122,1,3.11224188165394
peak_020540,24,985,984,18053,18363,fol_24_00668,18208,1,1.8678573125795048
peak_020541,24,986,985,18073,18382,fol_24_00669,18228,1,2.487614534344579
peak_020548,24,997,998,18342,18534,fol_24_00676,18438,1,2.267967971012069
peak_020549,24,998,995,18224,18517,fol_24_00677,18371,1,2.0164577542737376
peak_020551,24,1000,997,18342,18551,fol_24_00679,18447,1,1.798486812149372
peak_020563,24,1020,1017,18691,18945,fol_24_00691,18818,1,2.229901968561425
peak_020575,24,1039,1038,18950,19243,fol_24_00703,19097,1,3.1006858307735303
peak_020579,24,1046,1045,19056,19380,fol_24_00707,19218,1,1.7756160688431604
peak_020589,24,1062,1060,19368,19666,fol_24_00717,19517,1,1.8031246939301648
peak_020597,24,1074,1070,19611,19903,fol_24_00725,19757,1,2.335125310076745
peak_020604,24,1085,1083,19915,20151,fol_24_00732,20033,1,4.60936934729229
peak_020627,24,1112,1111,20434,20714,fol_24_00755,20574,1,2.965220455574298
peak_020633,24,1122,1121,20596,20948,fol_24_00761,20772,1,1.795277121947206
peak_020635,24,1125,1123,20645,20895,fol_24_00763,20770,1,1.749820175216768
peak_020636,24,1126,1128,20688,20984,fol_24_00764,20836,1,1.998855242076214
peak_020638,24,1128,1122,20688,20967,fol_24_00766,20828,1,2.4085400539496664
peak_020639,24,1129,1127,20760,21048,fol_24_00767,20904,1,1.8349022320225743
peak_020641,24,1131,1129,20802,21074,fol_24_00769,20938,1,2.135729311227714
peak_020643,24,1134,1131,20829,21093,fol_24_00771,20961,1,3.690164699906978
peak_020647,24,1138,1136,20917,21172,fol_24_00775,21045,1,2.778476020837856
peak_020649,24,1140,1137,20946,21149,fol_24_00777,21048,1,3.849475850714132
peak_020657,24,1152,1151,21370,21569,fol_24_00785,21470,1,4.37937459176481
peak_020680,24,1195,1194,22265,22590,fol_24_00808,22428,1,5.074895968398051
peak_020682,24,1196,1192,22483,22631,fol_24_00810,22557,1,2.480401876832794
peak_020690,24,1205,1202,22355,22669,fol_24_00818,22512,1,1.7960297935478573
peak_020698,24,1216,1214,22502,22708,fol_24_00826,22605,1,5.008429939811323
peak_020700,24,1218,1216,22519,22798,fol_24_00828,22659,1,2.1518316588495576
peak_020702,24,1221,1220,22556,22843,fol_24_00830,22700,1,2.7286326052591465
peak_020712,24,1236,1235,22876,23177,fol_24_00840,23027,1,1.8237347420444512
peak_020732,24,1266,1264,23451,23728,fol_24_00860,23590,1,1.7176721655220648
peak_020733,24,1267,1262,23527,23684,fol_24_00861,23606,1,1.7465799525422594
peak_020797,25,69,44,88,488,fol_25_00045,288,1,1.90971281407539
peak_020831,25,108,103,433,942,fol_25_00079,688,1,3.556985907308797
peak_020835,25,111,106,471,937,fol_25_00083,704,1,2.384753062135548
peak_020862,25,145,140,836,1552,fol_25_00110,1194,1,1.7993636656316394
peak_020892,25,182,176,1237,1968,fol_25_00140,1603,1,2.145323732679555
peak_020896,25,186,181,1270,2341,fol_25_00144,1806,1,2.659993730791352
peak_020924,25,228,224,1674,2484,fol_25_00172,2079,1,1.8220399229173376
peak_020948,25,263,259,2094,3484,fol_25_00196,2789,1,1.8352668303588144
peak_020997,25,320,317,2679,3792,fol_25_00245,3236,1,2.04236496378609
peak_021043,25,371,361,3163,3733,fol_25_00291,3448,1,6.951205203105783
peak_021062,25,390,387,3439,4958,fol_25_00310,4199,1,3.2676007668120786
peak_021064,25,392,388,3450,3795,fol_25_00312,3623,1,2.3050921716639947
peak_021065,25,393,389,3469,4830,fol_25_00313,4150,1,1.7950938117953137
peak_021068,25,397,393,3503,4862,fol_25_00316,4183,1,1.749080389903427
peak_021130,25,476,474,4463,4809,fol_25_00378,4636,1,1.8059633004418263
peak_021163,25,515,505,4924,5921,fol_25_00411,5423,1,1.88012428683808
peak_021222,25,579,575,5636,6559,fol_25_00470,6098,1,1.8105378685354392
peak_021241,25,599,594,5884,6371,fol_25_00489,6128,1,1.869477563689247
peak_021274,25,634,630,6261,6704,fol_25_00522,6483,1,2.294156113026955
peak_021293,25,656,649,6485,6846,fol_25_00541,6666,1,3.230816322668232
peak_021326,25,692,688,6857,7312,fol_25_00574,7085,1,2.088642033134272
peak_021341,25,709,707,7041,7530,fol_25_00589,7286,1,3.3128210658218906
peak_021364,25,733,728,7294,7510,fol_25_00612,7402,1,3.4216450238234626
peak_021376,25,743,731,7399,8562,fol_25_00624,7981,1,9.714088978583058
peak_021380,25,747,743,7436,8731,fol_25_00628,8084,1,1.894604041038052
peak_021385,25,754,749,7490,8126,fol_25_00633,7808,1,2.171358657237899
peak_021398,25,769,766,7647,8321,fol_25_00646,7984,1,2.401491072416514
peak_021437,25,812,809,8079,8714,fol_25_00685,8397,1,2.27082711695054
peak_021453,25,826,822,8231,8820,fol_25_00701,8526,1,1.85598709749625
peak_021477,25,848,845,8480,8857,fol_25_00725,8669,1,2.006735451698787
peak_021480,25,851,849,8509,8776,fol_25_00728,8643,1,2.6757650661716945
peak_021482,25,853,848,8516,8879,fol_25_00730,8698,1,1.843088142232892
peak_021493,25,865,862,8629,9727,fol_25_00741,9178,1,2.069665592606722
peak_021502,25,874,872,8792,9409,fol_25_00750,9101,1,1.8335081216238764
peak_021508,25,881,879,8777,8957,fol_25_00756,8867,1,3.2294389712634666
peak_021516,25,887,879,8958,9163,fol_25_00764,9061,1,2.4034392422092337
peak_021532,25,907,904,9035,9421,fol_25_00780,9228,1,1.8686076165819163
peak_021538,25,914,913,9116,9496,fol_25_00786,9306,1,2.637906534147461
peak_021541,25,918,912,9131,10040,fol_25_00789,9586,1,1.8806742448502245
peak_021569,25,948,946,9468,9812,fol_25_00817,9640,1,2.634985022152985
peak_021574,25,953,949,9561,10303,fol_25_00822,9932,1,2.0018488472030507
peak_021586,25,967,964,9768,10083,fol_25_00834,9926,1,5.438835074977302
peak_021618,25,1001,994,10107,12213,fol_25_00866,11160,1,3.952239196091128
peak_021627,25,1010,1006,10236,10541,fol_25_00875,10389,1,2.1600254318636685
peak_021628,25,1011,1005,10240,12336,fol_25_00876,11288,1,2.352302391527077
peak_021649,25,1034,1025,10454,11280,fol_25_00897,10867,1,51.94183831163242
peak_021655,25,1040,1038,10526,10890,fol_25_00903,10708,1,1.861911796398154
peak_021682,25,1074,1072,10888,11110,fol_25_00930,10999,1,2.0233606062411558
peak_021690,25,1084,1080,10994,11822,fol_25_00938,11408,1,1.7102616895836047
peak_021704,25,1097,1094,11114,11447,fol_25_00952,11281,1,1.9998708331757271
peak_021708,25,1100,1096,11136,12169,fol_25_00956,11653,1,2.099855327640804
peak_021709,25,1101,1098,11139,11747,fol_25_00957,11443,1,14.787585490264526
peak_021719,25,1112,1110,11272,11613,fol_25_00967,11443,1,1.828699868000028
peak_021722,25,1116,1111,11314,12051,fol_25_00970,11683,1,3.430369466822552
peak_021732,25,1124,1123,11410,12387,fol_25_00980,11899,1,2.25973564771348
peak_021763,25,1168,1164,11957,12295,fol_25_01011,12126,1,1.896235059192408
peak_021764,25,1169,1166,11963,12887,fol_25_01012,12425,1,2.711409495454953
peak_021773,25,1178,1174,12063,12448,fol_25_01021,12256,1,1.7401118901097357
peak_021788,25,1194,1193,12282,12641,fol_25_01036,12462,1,2.1463993556260994
peak_021794,25,1202,1197,12347,12616,fol_25_01042,12482,1,1.710875122665741
peak_021802,25,1210,1209,12445,12826,fol_25_01050,12636,1,2.3044595443971083
peak_021805,25,1213,1210,12469,12849,fol_25_01053,12659,1,1.7407418963669006
peak_021828,25,1241,1237,12911,13209,fol_25_01076,13060,1,1.8123060343242796
peak_021830,25,1243,1241,12925,13229,fol_25_01078,13077,1,4.003146211428279
peak_021836,25,1249,1247,12936,13837,fol_25_01084,13387,1,2.007440566588224
peak_021840,25,1254,1253,13005,13390,fol_25_01088,13198,1,1.7999468965398069
peak_021856,25,1273,1270,13217,13566,fol_25_01104,13392,1,1.831356119540996
peak_021868,25,1288,1285,13347,13712,fol_25_01116,13530,1,1.7390165689049215
peak_021910,25,1341,1337,13899,14223,fol_25_01158,14061,1,3.277364915052412
peak_021930,25,1371,1367,14177,15370,fol_25_01178,14774,1,1.746599016998419
peak_021932,25,1374,1373,14204,14602,fol_25_01180,14403,1,2.811860287225905
peak_021941,25,1380,1371,14634,14839,fol_25_01189,14737,1,15.314015236656353
peak_021943,25,1381,1379,14269,14649,fol_25_01191,14459,1,1.841220790411026
peak_021945,25,1384,1378,14300,14860,fol_25_01193,14580,1,2.514747329728399
peak_021947,25,1385,1382,14306,14701,fol_25_01195,14504,1,3.471305847138119
peak_021956,25,1391,1389,14371,14747,fol_25_01204,14559,1,1.9844072447400247
peak_021958,25,1394,1391,14387,14764,fol_25_01206,14576,1,2.950286307027178
peak_021970,25,1411,1410,14573,14898,fol_25_01218,14736,1,1.7448340033209009
peak_021979,25,1421,1418,14677,14995,fol_25_01227,14836,1,2.0088780920984783
peak_021985,25,1434,1430,14809,15833,fol_25_01233,15321,1,2.193326931191419
peak_021998,25,1451,1448,14980,16063,fol_25_01246,15522,1,2.799350319354329
peak_022013,25,1471,1469,15210,15549,fol_25_01261,15380,1,2.5876801958267794
peak_022017,25,1476,1475,15259,15586,fol_25_01265,15423,1,1.9451437900701156
peak_022027,25,1491,1490,15490,15730,fol_25_01275,15610,1,2.1228538916066046
peak_022043,25,1516,1514,15775,16166,fol_25_01291,15971,1,1.7341890707227825
peak_022051,25,1533,1482,16277,16631,fol_25_01299,16454,1,3.1167847736686904
peak_022058,25,1540,1538,16025,16425,fol_25_01306,16225,1,2.641157938976222
peak_022071,25,1555,1553,16183,16554,fol_25_01319,16369,1,2.0731953036015494
peak_022076,25,1562,1561,16261,16633,fol_25_01324,16447,1,3.0520811893810347
peak_022086,25,1577,1575,16399,16760,fol_25_01334,16580,1,2.451305577152204
peak_022088,25,1580,1577,16426,16778,fol_25_01336,16602,1,2.685095353831194
peak_022099,25,1598,1593,16583,16932,fol_25_01347,16758,1,5.048522996498124
peak_022100,25,1599,1597,16591,16953,fol_25_01348,16772,1,3.052426185393332
peak_022106,25,1607,1603,16694,17603,fol_25_01354,17149,1,2.00390667145806
peak_022113,25,1616,1611,16753,17666,fol_25_01361,17210,1,1.7612839208269848
peak_022135,25,1643,1635,16992,17937,fol_25_01383,17465,1,1.998851447723176
peak_022152,25,1662,1658,17161,17530,fol_25_01400,17346,1,1.7727141274511011
peak_022159,25,1668,1663,17210,18490,fol_25_01407,17850,1,1.907700914308318
peak_022163,25,1673,1668,17244,18530,fol_25_01411,17887,1,1.8818650768161744
peak_022164,25,1674,1671,17247,17622,fol_25_01412,17435,1,2.6382372725095293
peak_022174,25,1687,1684,17421,17731,fol_25_01422,17576,1,2.0534216843229083
peak_022193,25,1710,1707,17633,18676,fol_25_01441,18155,1,1.7535243894643644
peak_022200,25,1718,1715,17710,18052,fol_25_01448,17881,1,2.5602981106804936
peak_022201,25,1719,1716,17717,18106,fol_25_01449,17912,1,2.4765670327197498
peak_022202,25,1720,1713,17721,18613,fol_25_01450,18167,1,2.26624970280733
peak_022204,25,1722,1718,17736,18069,fol_25_01452,17903,1,2.169027158519271
peak_022214,25,1736,1732,17848,18180,fol_25_01462,18014,1,1.9821622288537708
peak_022222,25,1747,1743,17987,19128,fol_25_01470,18558,1,1.8650881334185367
peak_022244,25,1771,1767,18205,18478,fol_25_01492,18342,1,2.105400354234652
peak_022245,25,1771,1768,18479,19163,fol_25_01493,18821,1,3.187352787410536
peak_022262,25,1791,1785,18474,19183,fol_25_01510,18829,1,4.395873270626534
peak_022263,25,1794,1796,18510,19704,fol_25_01511,19107,1,2.310739680125935
peak_022291,25,1829,1827,18871,19290,fol_25_01539,19081,1,2.4986779980465634
peak_022302,25,1843,1839,18988,20012,fol_25_01550,19500,1,5.365117938007175
peak_022312,25,1858,1857,19140,19563,fol_25_01560,19352,1,2.2899652079394617
peak_022340,25,1892,1891,19444,19855,fol_25_01588,19650,1,1.7692277555716351
peak_022367,25,1925,1923,19776,20166,fol_25_01615,19971,1,1.7958263959653396
peak_022372,25,1931,1929,19837,20254,fol_25_01620,20046,1,2.5378289259934848
peak_022380,25,1941,1939,19942,20423,fol_25_01628,20183,1,2.1582960925653234
peak_022392,25,1953,1950,20056,20488,fol_25_01640,20272,1,2.100220942863245
peak_022404,25,1967,1964,20202,20645,fol_25_01652,20424,1,1.8076839423003213
peak_022408,25,1973,1967,20228,20666,fol_25_01656,20447,1,1.8625981209842672
peak_022420,25,1986,1984,20364,20811,fol_25_01668,20588,1,2.0659166728933807
peak_022422,25,1987,1974,20692,21153,fol_25_01670,20923,1,1.8874552953159331
peak_022438,25,2007,2004,20593,21009,fol_25_01686,20801,1,2.087753661570616
peak_022463,25,2043,2041,20981,21769,fol_25_01711,21375,1,3.164743681311311
peak_022509,25,2101,2098,21592,22042,fol_25_01757,21817,1,1.720103988916348
peak_022512,25,2105,2103,21629,22034,fol_25_01760,21832,1,1.8329322854997991
peak_022516,25,2112,2108,21707,21951,fol_25_01764,21829,1,3.660625145967616
peak_022528,25,2124,2120,21825,22536,fol_25_01776,22181,1,1.912012960735341
peak_022530,25,2127,2123,21963,22284,fol_25_01778,22124,1,1.8710450645494927
peak_022541,25,2145,2141,22047,22753,fol_25_01789,22400,1,1.7531665911058891
peak_022542,25,2146,2143,22062,22484,fol_25_01790,22273,1,2.096768628932859
peak_022544,25,2148,2144,22075,22752,fol_25_01792,22414,1,1.8234904839944188
peak_022546,25,2151,2146,22090,22503,fol_25_01794,22297,1,2.1533229917028565
peak_022562,25,2177,2174,22348,22772,fol_25_01810,22560,1,1.8091863143116576
peak_022581,25,2201,2198,22564,22949,fol_25_01829,22757,1,3.5279760993465
peak_022583,25,2204,2200,22584,22955,fol_25_01831,22770,1,1.855924944673924
peak_022584,25,2205,2201,22607,22962,fol_25_01832,22785,1,2.1644394280572308
peak_022622,25,2255,2249,23034,23827,fol_25_01870,23431,1,2.1478020150086183
peak_022638,25,2272,2268,23193,24013,fol_25_01886,23603,1,2.876776159332461
peak_022643,25,2278,2275,23257,24091,fol_25_01891,23674,1,1.7395553229290803
peak_022667,25,2308,2302,23531,24265,fol_25_01915,23898,1,1.999047967265092
peak_022676,25,2318,2317,23637,23971,fol_25_01924,23804,1,1.7387047097457655
peak_022704,25,2348,2347,23934,24276,fol_25_01952,24105,1,1.9962747054321677
peak_022718,25,2366,2363,24138,24577,fol_25_01966,24358,1,2.354363376972373
peak_022733,25,2383,2382,24315,24745,fol_25_01981,24530,1,2.1297909858433752
peak_022747,25,2402,2399,24569,24892,fol_25_01995,24731,1,4.9769898732757785
peak_022756,25,2413,2410,24600,24995,fol_25_02004,24798,1,2.9438484926406807
peak_022757,25,2414,2409,24608,25008,fol_25_02005,24808,1,1.791384741937513
peak_022778,25,2438,2432,24835,25630,fol_25_02026,25233,1,2.378239050367366
peak_022779,25,2438,2420,25631,26081,fol_25_02027,25856,1,1.7107477973476235
peak_022780,25,2440,2438,24859,25630,fol_25_02028,25245,1,1.85722383202067
peak_022781,25,2440,2432,25631,26171,fol_25_02029,25901,1,2.1257260536593923
peak_022784,25,2444,2440,24888,26206,fol_25_02032,25547,1,1.836554263725312
peak_022845,25,2521,2519,25691,27368,fol_25_02093,26530,1,2.008829351213424
peak_022866,25,2548,2545,26001,26431,fol_25_02114,26216,1,2.7322297828658817
peak_022873,25,2556,2554,26079,26485,fol_25_02121,26282,1,1.8116788324551465
peak_022874,25,2558,2555,26089,26441,fol_25_02122,26265,1,2.732035909142632
peak_022901,25,2595,2587,26560,28021,fol_25_02149,27291,1,2.124269250944287
peak_022910,25,2606,2599,26657,28064,fol_25_02158,27361,1,2.0714784502314108
peak_022914,25,2611,2606,26709,28091,fol_25_02162,27400,1,1.7348056877396016
peak_022925,25,2625,2623,26862,27321,fol_25_02173,27092,1,3.0742729675492284
peak_022933,25,2636,2630,26971,28387,fol_25_02181,27679,1,1.9584600080707668
peak_022945,25,2649,2644,27111,28570,fol_25_02193,27841,1,1.8505269312018608
peak_022954,25,2663,2656,27269,28268,fol_25_02202,27769,1,2.164763197698206
peak_022962,25,2669,2656,28269,28532,fol_25_02210,28401,1,2.9258098800386905
peak_022963,25,2669,2663,28533,28671,fol_25_02211,28602,1,1.8778916609351264
peak_022971,25,2677,2675,27452,28016,fol_25_02219,27734,1,2.7403126243760743
peak_022998,25,2706,2703,27773,28495,fol_25_02246,28134,1,2.402425833259704
peak_023020,25,2730,2724,28042,28760,fol_25_02268,28401,1,2.555189617546905
peak_023021,25,2730,2704,28761,29012,fol_25_02269,28887,1,2.748292579871342
peak_023024,25,2733,2728,28077,29066,fol_25_02272,28572,1,3.0634978831120567
peak_023046,25,2758,2752,28406,29460,fol_25_02294,28933,1,2.576752205605408
peak_023057,25,2770,2768,28511,29028,fol_25_02305,28770,1,5.708129426074004
peak_023063,25,2778,2779,28623,29460,fol_25_02311,29042,1,1.7618533698934578
peak_023077,25,2794,2784,28765,28983,fol_25_02325,28874,1,1.7309795146379805
peak_023081,25,2797,2795,28798,29460,fol_25_02329,29129,1,2.4619534256473607
peak_023136,26,42,40,1,491,fol_26_00021,246,1,1.8140568188760096
peak_023148,26,62,60,3,819,fol_26_00033,411,1,4.065133377935956
peak_023198,26,125,120,403,1225,fol_26_00083,814,1,1.9286135037416183
peak_023200,26,126,116,509,983,fol_26_00085,746,1,1.7795631904555562
peak_023202,26,128,127,457,987,fol_26_00087,722,1,1.9199934656721147
peak_023216,26,143,142,679,1168,fol_26_00101,924,1,1.989995493201156
peak_023240,26,169,164,831,2043,fol_26_00125,1437,1,2.136384174150187
peak_023270,26,207,201,1201,2249,fol_26_00155,1725,1,2.533153817695236
peak_023273,26,210,203,1270,2187,fol_26_00158,1729,1,2.03458189493237
peak_023274,26,211,208,1272,1461,fol_26_00159,1367,1,1.81148230870246
peak_023278,26,215,212,1307,1897,fol_26_00163,1602,1,2.0652260015923285
peak_023282,26,219,213,1349,1532,fol_26_00167,1441,1,2.4344648398224225
peak_023283,26,219,213,1556,1843,fol_26_00168,1700,1,2.2565364379170645
peak_023294,26,231,228,1520,2126,fol_26_00179,1823,1,3.94500743816276
peak_023316,26,257,256,1865,2462,fol_26_00201,2164,1,2.1589506302706822
peak_023336,26,288,283,2216,2891,fol_26_00221,2554,1,1.981749957340978
peak_023358,26,318,317,2554,3043,fol_26_00243,2799,1,1.8592561421283311
peak_023360,26,322,320,2605,3321,fol_26_00245,2963,1,2.062576586636816
peak_023367,26,330,326,2676,4202,fol_26_00252,3439,1,2.086844075446295
peak_023443,26,432,428,3843,4673,fol_26_00328,4258,1,1.834438628289433
peak_023458,26,447,496,4457,5049,fol_26_00343,4753,1,9.093839140525708
peak_023478,26,466,462,4153,4383,fol_26_00363,4268,1,2.0619568142951645
peak_023480,26,468,467,4196,5006,fol_26_00365,4601,1,2.60647414402594
peak_023485,26,475,471,4240,4769,fol_26_00370,4505,1,2.142456428853416
peak_023513,26,514,511,4633,4809,fol_26_00398,4721,1,1.8966684898064128
peak_023520,26,520,518,4701,5184,fol_26_00405,4943,1,2.327055504062156
peak_023524,26,523,522,4730,5064,fol_26_00409,4897,1,1.806117020461274
peak_023529,26,526,496,5125,5262,fol_26_00414,5194,1,38.12728103740185
peak_023576,26,583,580,5435,5998,fol_26_00461,5717,1,2.63933018150793
peak_023580,26,589,587,5533,5675,fol_26_00465,5604,1,1.790297171436359
peak_023585,26,592,585,5553,5728,fol_26_00470,5641,1,2.607410405519588
peak_023590,26,596,590,5611,5951,fol_26_00475,5781,1,2.918344463122611
peak_023601,26,604,602,5694,6142,fol_26_00486,5918,1,1.8274308107805548
peak_023613,26,618,615,5843,6297,fol_26_00498,6070,1,6.029613401384966
peak_023642,26,645,642,6136,6505,fol_26_00527,6321,1,4.278978421945818
peak_023644,26,646,643,6138,6557,fol_26_00529,6348,1,1.7147725183298423
peak_023648,26,652,645,6189,6354,fol_26_00533,6272,1,2.5644369291962272
peak_023655,26,655,642,6506,6864,fol_26_00540,6685,1,1.8999912053942725
peak_023660,26,661,658,6287,6723,fol_26_00545,6505,1,2.2114194566083545
peak_023682,26,686,688,6562,6698,fol_26_00567,6630,1,1.8875622719792204
peak_023685,26,688,682,6562,6953,fol_26_00570,6758,1,2.412610752901489
peak_023696,26,702,698,6668,7275,fol_26_00581,6972,1,1.717976866522044
peak_023697,26,703,700,6687,7371,fol_26_00582,7029,1,2.037879655268992
peak_023698,26,704,702,6694,7303,fol_26_00583,6999,1,3.2120213664901893
peak_023720,26,736,733,7052,7483,fol_26_00605,7268,1,1.767147144829259
peak_023754,26,780,778,7509,7959,fol_26_00639,7734,1,1.7501424946979611
peak_023824,26,887,884,8580,8996,fol_26_00709,8788,1,1.7091427881078154
peak_023847,26,911,907,8826,9839,fol_26_00732,9333,1,1.7098182119408254
peak_023850,26,914,912,8859,9255,fol_26_00735,9057,1,1.7259222046142717
peak_023859,26,923,919,8949,9964,fol_26_00744,9457,1,2.509770421138142
peak_023864,26,931,927,9123,9404,fol_26_00749,9264,1,2.9344124053107903
peak_023871,26,942,939,9141,10075,fol_26_00756,9608,1,1.7255120363519163
peak_023876,26,950,946,9207,10118,fol_26_00761,9663,1,2.038796617738009
peak_023878,26,952,951,9232,9652,fol_26_00763,9442,1,2.3916375076535896
peak_023891,26,967,964,9366,9818,fol_26_00776,9592,1,1.860684835981773
peak_023906,26,986,979,9581,9988,fol_26_00791,9785,1,10.877419000698143
peak_023909,26,987,984,9591,10010,fol_26_00794,9801,1,1.8837243522388876
peak_023915,26,993,989,9625,10099,fol_26_00800,9862,1,1.763465190568604
peak_023924,26,1002,998,9702,10061,fol_26_00809,9882,1,4.924051658663861
peak_023961,26,1052,1050,10194,10586,fol_26_00846,10390,1,1.776045166528014
peak_024009,26,1101,1097,10704,11620,fol_26_00894,11162,1,1.7315758706813484
peak_024013,26,1106,1102,10790,11663,fol_26_00898,11227,1,2.044122252630208
peak_024039,26,1132,1129,11089,11411,fol_26_00924,11250,1,1.7382196655621138
peak_024054,26,1149,1145,11297,12131,fol_26_00939,11714,1,3.5323047349628234
peak_024059,26,1155,1149,11350,11969,fol_26_00944,11660,1,4.420008816554295
peak_024060,26,1155,1139,11970,12136,fol_26_00945,12053,1,1.913628694993921
peak_024088,26,1193,1188,11726,12546,fol_26_00973,12136,1,1.7838399906220588
peak_024099,26,1210,1204,11894,12596,fol_26_00984,12245,1,2.595455257181905
peak_024126,26,1240,1238,12522,12665,fol_26_01011,12594,1,1.808971525919604
peak_024155,26,1275,1269,12530,13144,fol_26_01040,12837,1,1.730519373920721
peak_024156,26,1275,1276,13145,13290,fol_26_01041,13218,1,2.323405863650525
peak_024174,26,1293,1290,12714,13158,fol_26_01059,12936,1,2.2457776323855216
peak_024190,26,1305,1303,12833,13276,fol_26_01075,13055,1,2.0534515004295293
peak_024218,26,1344,1337,13265,13905,fol_26_01103,13585,1,2.5176916404295584
peak_024220,26,1348,1342,13243,13447,fol_26_01105,13345,1,1.758333307244928
peak_024222,26,1349,1344,13249,13928,fol_26_01107,13589,1,3.074062449530039
peak_024235,26,1362,1359,13386,13782,fol_26_01120,13584,1,1.7187531490740844
peak_024254,26,1385,1382,13624,14037,fol_26_01139,13831,1,2.6043174578046067
peak_024259,26,1391,1388,13680,14084,fol_26_01144,13882,1,1.977693263090778
peak_024263,26,1396,1393,13728,14128,fol_26_01148,13928,1,1.842481117637285
peak_024280,26,1416,1415,13951,14471,fol_26_01165,14211,1,2.7676584177949826
peak_024288,26,1423,1421,14043,14233,fol_26_01173,14138,1,2.062783085552044
peak_024336,26,1481,1478,14611,15000,fol_26_01221,14806,1,2.1413066927351965
peak_024365,26,1517,1516,15120,15535,fol_26_01250,15328,1,2.0339420336735423
peak_024368,26,1522,1520,15160,15573,fol_26_01253,15367,1,1.8970610994851576
peak_024396,26,1551,1548,15552,15920,fol_26_01281,15736,1,2.002148066774873
peak_024402,26,1557,1556,15661,16001,fol_26_01287,15831,1,1.8165180860693628
peak_024414,26,1571,1570,15836,16175,fol_26_01299,16006,1,2.391760939192969
peak_024421,26,1581,1580,15956,16380,fol_26_01306,16168,1,1.9122931707861524
peak_024435,26,1598,1595,16082,16515,fol_26_01320,16299,1,2.4244540808635
peak_024455,26,1619,1617,16260,16665,fol_26_01340,16463,1,3.0353433399303564
peak_024474,26,1649,1644,16571,17000,fol_26_01359,16786,1,1.7651757117178852
peak_024477,26,1653,1652,16621,17311,fol_26_01362,16966,1,1.9991600380315293
peak_024497,26,1677,1675,16919,17368,fol_26_01382,17144,1,1.8753642398249808
peak_024519,26,1697,1695,17096,17565,fol_26_01404,17331,1,2.7171291708871417
peak_024527,26,1707,1705,17191,17621,fol_26_01412,17406,1,1.947318031840767
peak_024533,26,1714,1711,17259,17725,fol_26_01418,17492,1,1.730315024742846
peak_024560,26,1749,1746,17712,18130,fol_26_01445,17921,1,1.879311979046682
peak_024563,26,1753,1749,17733,18142,fol_26_01448,17938,1,1.815336792476574
peak_024581,26,1772,1768,17953,18365,fol_26_01466,18159,1,2.166670061225079
peak_024584,26,1775,1773,17977,18399,fol_26_01469,18188,1,1.7034430348464205
peak_024609,26,1803,1799,18251,19173,fol_26_01494,18712,1,1.8852046684091144
peak_024621,26,1813,1807,18379,18514,fol_26_01506,18447,1,1.794616436197522
peak_024622,26,1813,1810,18515,18771,fol_26_01507,18643,1,35.904420138420974
peak_024646,26,1834,1830,18542,18950,fol_26_01531,18746,1,1.7577528645883738
peak_024663,26,1852,1847,18732,18929,fol_26_01548,18831,1,2.959217949650773
peak_024668,26,1856,1852,18752,18929,fol_26_01553,18841,1,1.939577320661583
peak_024669,26,1856,1847,18930,19130,fol_26_01554,19030,1,7.6230628983571345
peak_024672,26,1859,1857,18784,19165,fol_26_01557,18975,1,3.519360333391487
peak_024703,26,1894,1868,19228,19600,fol_26_01588,19414,1,1.868472060955544
peak_024721,26,1912,1910,19369,19498,fol_26_01606,19434,1,2.600886211953193
peak_024722,26,1912,1907,19499,19755,fol_26_01607,19627,1,2.39536266032092
peak_024752,26,1945,1943,19802,20322,fol_26_01637,20062,1,2.268371575626096
peak_024778,26,1976,1973,20138,20508,fol_26_01663,20323,1,2.1085715716381634
peak_024790,26,1991,1992,20455,20725,fol_26_01675,20590,1,3.137115700679072
peak_024795,26,1996,1972,20456,20674,fol_26_01680,20565,1,1.728160904283636
peak_024799,26,2001,1997,20392,20771,fol_26_01684,20582,1,1.7660496916636963
peak_024820,26,2021,2016,20638,21030,fol_26_01705,20834,1,1.724010119800339
peak_024831,26,2033,2031,20797,21158,fol_26_01716,20978,1,1.7344027127274242
peak_024835,26,2037,2033,20813,21158,fol_26_01720,20986,1,2.962337979220722
peak_024837,26,2039,2037,20824,21236,fol_26_01722,21030,1,2.2253957425792144
peak_024849,26,2055,2050,20980,21438,fol_26_01734,21209,1,1.726714100726035
peak_024850,26,2056,2055,21014,21481,fol_26_01735,21248,1,1.9250981608254452
peak_024854,26,2060,2057,21047,21478,fol_26_01739,21263,1,1.7077422093813064
peak_024858,26,2066,2062,21106,21549,fol_26_01743,21328,1,1.7451262016240188
peak_024869,26,2081,2085,21345,21809,fol_26_01754,21577,1,2.905214856607522
peak_024872,26,2085,2078,21345,21789,fol_26_01757,21567,1,2.2407234936599045
peak_024879,26,2095,2081,21511,21829,fol_26_01764,21670,1,3.481553572135267
peak_024889,26,2105,2100,21502,21703,fol_26_01774,21603,1,5.158524722281277
peak_024892,26,2110,2105,21547,21703,fol_26_01777,21625,1,2.605669891003503
peak_024902,26,2123,2120,21641,22101,fol_26_01787,21871,1,3.6610613830738834
peak_024903,26,2125,2123,21665,22113,fol_26_01788,21889,1,1.9354929776649523
peak_024919,26,2143,2140,22057,22283,fol_26_01804,22170,1,3.199305831403428
peak_024924,26,2150,2147,21963,22414,fol_26_01809,22189,1,1.7589010995690182
peak_024941,26,2169,2165,22113,22355,fol_26_01826,22234,1,1.8788079393756136
peak_024949,26,2177,2173,22209,22363,fol_26_01834,22286,1,2.767083908141504
peak_024953,26,2183,2181,22273,22718,fol_26_01838,22496,1,1.830544410190484
peak_024955,26,2185,2183,22291,22743,fol_26_01840,22517,1,1.8206548072427968
peak_024970,26,2205,2202,22534,23015,fol_26_01855,22775,1,1.7199523509504573
peak_024976,26,2213,2212,22907,23034,fol_26_01861,22971,1,2.4805705189294445
peak_024994,26,2235,2232,22915,23354,fol_26_01879,23135,1,1.845725525878508
peak_024999,26,2242,2238,22967,23404,fol_26_01884,23186,1,2.277406670880355
peak_025007,26,2253,2250,23134,23507,fol_26_01892,23321,1,2.246646955434741
peak_025014,26,2261,2257,23149,23591,fol_26_01899,23370,1,2.038092002156311
peak_025019,26,2267,2264,23198,23631,fol_26_01904,23415,1,1.9167640202456055
peak_025031,26,2282,2281,23337,23814,fol_26_01916,23576,1,2.676461729642281
peak_025034,26,2287,2283,23370,23814,fol_26_01919,23592,1,2.278464925548951
peak_025035,26,2288,2286,23394,23565,fol_26_01920,23480,1,6.530414278514353
peak_025036,26,2288,2289,23566,23717,fol_26_01921,23642,1,3.2291351198507434
peak_025044,26,2296,2295,23512,23959,fol_26_01929,23736,1,1.7542878160766813
peak_025055,26,2311,2310,23642,24101,fol_26_01940,23872,1,2.056982219277561
peak_025065,26,2327,2325,23794,24098,fol_26_01950,23946,1,2.030339324355769
peak_025072,26,2338,2336,23896,24420,fol_26_01957,24158,1,1.83465905457395
peak_025111,26,2388,2389,24444,24658,fol_26_01996,24551,1,4.259684568494305
peak_025112,26,2389,2385,24317,24635,fol_26_01997,24476,1,1.951641044263149
peak_025122,26,2405,2404,24504,24807,fol_26_02007,24656,1,4.305211117390436
peak_025135,26,2422,2424,25086,25238,fol_26_02020,25162,1,1.8326743956596705
peak_025147,26,2434,2428,24883,25319,fol_26_02032,25101,1,2.319499793379948
peak_025152,26,2440,2438,24901,25500,fol_26_02037,25201,1,2.1714548195293686
peak_025162,26,2457,2452,25109,25385,fol_26_02047,25247,1,1.782518508974135
peak_025169,26,2466,2463,25203,25776,fol_26_02054,25490,1,2.041426966522468
peak_025176,26,2474,2471,25288,25866,fol_26_02061,25577,1,1.830208851437123
peak_025183,26,2484,2489,25427,25759,fol_26_02068,25593,1,2.105775589664101
peak_025184,26,2484,2486,25760,25952,fol_26_02069,25856,1,1.8524854439603184
peak_025188,26,2489,2486,25427,25759,fol_26_02073,25593,1,1.8439459897682984
peak_025195,26,2494,2490,25478,25683,fol_26_02080,25581,1,2.012899855143952
peak_025197,26,2496,2493,25517,25722,fol_26_02082,25620,1,2.039988626079407
peak_025217,26,2521,2520,25835,26340,fol_26_02102,26088,1,1.8204737834047573
peak_025242,26,2565,2563,26588,26777,fol_26_02127,26683,1,1.949714762148448
peak_025265,26,2593,2589,26764,27350,fol_26_02150,27057,1,1.8192723930277
peak_025271,26,2600,2598,26836,27035,fol_26_02156,26936,1,2.3589718758244302
peak_025279,26,2608,2603,26884,27546,fol_26_02164,27215,1,1.9290315799621705
peak_025286,26,2616,2615,27011,27711,fol_26_02171,27361,1,3.582521535202586
peak_025290,26,2621,2617,27028,27209,fol_26_02175,27119,1,2.081480113764762
peak_025294,26,2628,2623,27088,27788,fol_26_02179,27438,1,2.133184521570239
peak_025299,26,2635,2631,27149,27691,fol_26_02184,27420,1,1.834077547649433
peak_025301,26,2638,2636,27201,27901,fol_26_02186,27551,1,2.396254192649616
peak_025317,26,2657,2655,27484,28014,fol_26_02202,27749,1,2.112510091493441
peak_025322,26,2667,2665,27566,27805,fol_26_02207,27686,1,1.72971601951499
peak_025327,26,2673,2671,27652,28014,fol_26_02212,27833,1,2.730757990231373
peak_025330,26,2678,2677,27714,27856,fol_26_02215,27785,1,2.2725582647201765
peak_025334,26,2683,2680,27752,28014,fol_26_02219,27883,1,2.272197359280747
peak_025335,26,2684,2682,27754,28014,fol_26_02220,27884,1,2.326258040882049
peak_025337,26,2687,2684,27784,28014,fol_26_02222,27899,1,1.898364463016829
peak_025341,26,2691,2687,27810,28014,fol_26_02226,27912,1,2.073847733665039
peak_025384,27,72,69,494,688,fol_27_00038,591,1,1.7660685567446088
peak_025386,27,76,72,494,741,fol_27_00040,618,1,4.543366480188064
peak_025388,27,80,79,538,884,fol_27_00042,711,1,2.382758235123275
peak_025439,27,156,155,1274,1519,fol_27_00093,1397,1,1.8048921630389831
peak_025465,27,190,189,1819,2168,fol_27_00119,1994,1,1.7798170670237357
peak_025472,27,200,199,1961,2320,fol_27_00126,2141,1,2.2356443143243845
peak_025487,27,222,219,2244,2622,fol_27_00141,2433,1,2.156198612190188
peak_025491,27,227,223,2285,2580,fol_27_00145,2433,1,2.104634043962923
peak_025503,27,250,244,2506,2820,fol_27_00157,2663,1,2.22538918621713
peak_025555,27,339,336,3426,3884,fol_27_00209,3655,1,2.146948934549417
peak_025567,27,354,350,3591,4062,fol_27_00221,3827,1,1.7142471909282015
peak_025588,27,380,378,3885,4354,fol_27_00242,4120,1,2.042647157603405
peak_025601,27,394,390,4009,4514,fol_27_00255,4262,1,1.9229066469628
peak_025612,27,410,406,4157,4692,fol_27_00266,4425,1,1.888187025420267
peak_025613,27,412,410,4180,4725,fol_27_00267,4453,1,2.796718648432272
peak_025638,27,448,445,4673,5146,fol_27_00292,4910,1,1.8367498378916205
peak_025643,27,454,452,4717,5194,fol_27_00297,4956,1,2.0826466440724367
peak_025653,27,466,464,4813,5289,fol_27_00307,5051,1,2.5843717772617563
peak_025664,27,477,475,4946,5381,fol_27_00318,5164,1,2.172060793394444
peak_025708,27,536,534,5589,6034,fol_27_00362,5812,1,1.7531680042378477
peak_025761,27,607,605,6429,6839,fol_27_00415,6634,1,2.386068916126114
peak_025765,27,613,608,6541,6672,fol_27_00419,6607,1,3.2294148986978586
peak_025808,27,671,667,6994,7481,fol_27_00462,7238,1,2.5888824559016994
peak_025814,27,679,675,7095,7326,fol_27_00468,7211,1,1.7179920653416163
peak_025820,27,691,690,7285,7431,fol_27_00474,7358,1,3.2332177435542966
peak_025863,27,748,745,7991,8390,fol_27_00517,8191,1,1.7900760460311929
peak_025872,27,760,756,8082,8367,fol_27_00526,8225,1,2.4117069080541147
peak_025875,27,763,761,8107,8493,fol_27_00529,8300,1,2.931476141981596
peak_025884,27,774,769,8213,8561,fol_27_00538,8387,1,2.88889621637739
peak_025887,27,778,773,8298,8620,fol_27_00541,8459,1,2.0929232143596783
peak_025900,27,796,791,8462,8664,fol_27_00554,8563,1,2.0720582674987336
peak_025901,27,798,795,8477,8805,fol_27_00555,8641,1,1.7180867556110713
peak_025904,27,802,798,8501,8827,fol_27_00558,8664,1,1.890122728691067
peak_025922,27,832,829,8841,9138,fol_27_00576,8990,1,3.143859804799986
peak_025936,27,849,845,9036,9329,fol_27_00590,9183,1,1.7067500407981409
peak_025941,27,855,850,9093,9276,fol_27_00595,9185,1,1.9284162693822964
peak_026018,27,960,957,10561,10714,fol_27_00672,10638,1,2.849285284409369
peak_026022,27,965,960,10715,10883,fol_27_00676,10799,1,1.7457028249428934
peak_026023,27,966,964,10616,10984,fol_27_00677,10800,1,1.8197925507492816
peak_026039,27,990,987,10930,11257,fol_27_00693,11094,1,1.8370169970136576
peak_026045,27,1001,997,11073,11219,fol_27_00699,11146,1,2.022031144308349
peak_026065,27,1029,1026,11352,11738,fol_27_00719,11545,1,2.0223263834209413
peak_026070,27,1038,1034,11440,11740,fol_27_00724,11590,1,1.7367716510424205
peak_026076,27,1049,1048,11608,11762,fol_27_00730,11685,1,2.213155015880075
peak_026083,27,1058,1053,11713,11987,fol_27_00737,11850,1,2.554733265341423
peak_026085,27,1061,1056,11726,12065,fol_27_00739,11896,1,2.538433162497568
peak_026089,27,1065,1061,11768,12084,fol_27_00743,11926,1,1.7512167249025214
peak_026115,27,1094,1090,12077,12378,fol_27_00769,12228,1,1.9783910940786416
peak_026118,27,1100,1099,12142,12492,fol_27_00772,12317,1,1.903797035457407
peak_026160,27,1153,1152,12718,13083,fol_27_00814,12901,1,3.304199075443204
peak_026164,27,1157,1156,12797,13139,fol_27_00818,12968,1,2.2700637087386566
peak_026181,27,1181,1178,13321,13473,fol_27_00835,13397,1,2.3049817635287178
peak_026188,27,1191,1188,13341,13567,fol_27_00842,13454,1,3.055363782677918
peak_026189,27,1192,1190,13369,13554,fol_27_00843,13462,1,2.5309310978083825
peak_026194,27,1200,1196,13480,13705,fol_27_00848,13593,1,2.680027618399932
peak_026202,27,1212,1210,13549,13723,fol_27_00856,13636,1,3.336407795704827
peak_026216,27,1236,1235,13910,14210,fol_27_00870,14060,1,2.9896127859724406
peak_026247,27,1276,1275,14335,14614,fol_27_00901,14475,1,2.6819977234559724
peak_026250,27,1285,1282,14403,14783,fol_27_00904,14593,1,2.0333725342279845
peak_026290,27,1340,1335,14914,15223,fol_27_00944,15069,1,1.906328812026992
peak_026315,27,1373,1372,15276,15580,fol_27_00969,15428,1,2.0171370144243546
peak_026322,27,1383,1381,15414,15723,fol_27_00976,15569,1,1.7476043612186236
peak_026343,27,1417,1416,16032,16298,fol_27_00997,16165,1,1.7394075690441242
peak_026350,27,1429,1424,16087,16435,fol_27_01004,16261,1,3.0307592756528385
peak_026351,27,1432,1430,16103,16324,fol_27_01005,16214,1,1.931521455387028
peak_026358,27,1441,1439,16221,16505,fol_27_01012,16363,1,2.0855227761475734
peak_026362,27,1447,1443,16259,16544,fol_27_01016,16402,1,2.1441366118259992
peak_026406,27,1506,1502,16933,17219,fol_27_01060,17076,1,3.471055789570009
peak_026408,27,1508,1506,16948,17232,fol_27_01062,17090,1,2.6063678104938104
peak_026425,27,1529,1526,17291,17546,fol_27_01079,17419,1,2.806774379721827
peak_026448,27,1555,1553,17639,17906,fol_27_01102,17773,1,1.824400836149148
peak_026454,27,1564,1562,17724,18002,fol_27_01108,17863,1,2.2013631431257497
peak_026464,27,1577,1576,17999,18202,fol_27_01118,18101,1,2.4607921058749027
peak_026477,27,1593,1591,18124,18427,fol_27_01131,18276,1,2.200857976139069
peak_026481,27,1597,1594,18142,18328,fol_27_01135,18235,1,3.849708959264102
peak_026482,27,1597,1598,18329,18461,fol_27_01136,18395,1,1.7260912479811656
peak_026485,27,1600,1597,18157,18328,fol_27_01139,18243,1,2.218632547684982
peak_026492,27,1609,1607,18416,18710,fol_27_01146,18563,1,2.0996052437397985
peak_026496,27,1615,1614,18521,18857,fol_27_01150,18689,1,2.769525261799457
peak_026497,27,1616,1617,18550,18896,fol_27_01151,18723,1,2.5719834278388154
peak_026512,27,1643,1638,18833,18996,fol_27_01166,18915,1,2.302153210081639
peak_026535,27,1676,1672,19143,19439,fol_27_01189,19291,1,1.790920173583716
peak_026551,27,1699,1697,19507,19772,fol_27_01205,19640,1,2.8364829076554665
peak_026555,27,1703,1699,19524,19786,fol_27_01209,19655,1,1.8014700794247436
peak_026560,27,1715,1712,19676,20071,fol_27_01214,19874,1,2.672288491265397
peak_026593,27,1765,1764,20243,20585,fol_27_01247,20414,1,2.206001892909625
peak_026601,27,1773,1772,20524,20670,fol_27_01255,20597,1,1.936105854874549
peak_026604,27,1778,1776,20460,20736,fol_27_01258,20598,1,1.920560461603669
peak_026639,27,1830,1829,21234,21540,fol_27_01293,21387,1,4.408220898835182
peak_026643,27,1842,1839,21414,21794,fol_27_01297,21604,1,2.1075875514269757
peak_026644,27,1843,1842,21430,21815,fol_27_01298,21623,1,3.602426256022844
peak_026646,27,1850,1843,21490,21829,fol_27_01300,21660,1,1.7418549417050182
peak_026649,27,1853,1850,21518,21850,fol_27_01303,21684,1,1.7821426666960536
peak_026659,27,1865,1859,21614,21978,fol_27_01313,21796,1,2.6025309959879794
peak_026691,27,1904,1903,22070,22381,fol_27_01345,22226,1,1.88666217305509
peak_026698,27,1912,1909,22162,22489,fol_27_01352,22326,1,1.9304900188104404
peak_026716,27,1940,1938,22466,22800,fol_27_01370,22633,1,1.896987264101525
peak_026726,27,1955,1954,22623,22928,fol_27_01380,22776,1,1.7293324835393855
peak_026730,27,1961,1957,22689,22976,fol_27_01384,22833,1,3.0159618015345107
peak_026732,27,1967,1963,22729,23113,fol_27_01386,22921,1,1.8394970208563453
peak_026736,27,1971,1969,22783,23119,fol_27_01390,22951,1,2.67262034484253
peak_026737,27,1973,1971,22803,23133,fol_27_01391,22968,1,1.808643636503208
peak_026739,27,1976,1973,22826,23153,fol_27_01393,22990,1,2.1074070896123795
peak_026744,27,1984,1982,22940,23392,fol_27_01398,23166,1,2.098700936408908
peak_026746,27,1986,1989,22997,23365,fol_27_01400,23181,1,2.403937359366247
peak_026750,27,1991,1990,23019,23166,fol_27_01404,23093,1,6.079731259534351
peak_026767,27,2022,2018,23321,23635,fol_27_01421,23478,1,2.065343671298357
peak_026781,27,2039,2038,23536,23958,fol_27_01435,23747,1,2.6613727208491564
peak_026790,27,2051,2049,23698,24034,fol_27_01444,23866,1,2.1515751683033977
peak_026806,27,2071,2070,23900,24177,fol_27_01460,24039,1,3.104752992629905
peak_026808,27,2073,2072,23935,24234,fol_27_01462,24085,1,1.843314395973792
peak_026831,27,2103,2102,24457,24586,fol_27_01485,24522,1,4.408372665010615
peak_026846,27,2122,2118,24648,24966,fol_27_01500,24807,1,2.40427063892387
peak_026849,27,2129,2124,24763,25012,fol_27_01503,24888,1,2.189465818006317
peak_026851,27,2132,2130,24794,25084,fol_27_01505,24939,1,1.7940936385524262
peak_026853,27,2134,2131,24822,25200,fol_27_01507,25011,1,1.7902700181965296
peak_026860,27,2147,2145,25084,25361,fol_27_01514,25223,1,1.884425919374659
peak_026906,27,2206,2203,25916,26220,fol_27_01560,26068,1,2.266719648592249
peak_026916,27,2220,2214,26095,26354,fol_27_01570,26225,1,2.1061209825366847
peak_026944,27,2264,2261,26611,26952,fol_27_01598,26782,1,1.84458246937938
peak_026946,27,2266,2264,26623,26967,fol_27_01600,26795,1,1.968832502106322
peak_026947,27,2267,2265,26636,27009,fol_27_01601,26823,1,1.8323488812645912
peak_026960,27,2286,2282,26774,27179,fol_27_01614,26977,1,2.027833218121922
peak_026961,27,2287,2285,26785,27106,fol_27_01615,26946,1,4.18818978404987
peak_026965,27,2293,2291,26827,27156,fol_27_01619,26992,1,1.7122676412675306
peak_026970,27,2298,2297,26877,27250,fol_27_01624,27064,1,2.3222468467861117
peak_026978,27,2310,2305,26987,27306,fol_27_01632,27147,1,2.0504359623217185
peak_026983,27,2318,2317,27142,27390,fol_27_01637,27266,1,2.0649089987350706
peak_026993,27,2330,2328,27213,27420,fol_27_01647,27317,1,2.2362142162835883
peak_027012,27,2361,2356,27550,27873,fol_27_01666,27712,1,2.155525542470152
peak_027019,27,2369,2367,27642,27948,fol_27_01673,27795,1,3.007977930643194
peak_027037,27,2399,2398,27972,28308,fol_27_01691,28140,1,1.767179444499203
peak_027047,27,2416,2414,28201,28490,fol_27_01701,28346,1,1.9492297096056752
peak_027057,27,2428,2426,28346,28495,fol_27_01711,28421,1,2.143587009018434
peak_027084,27,2468,2463,28878,29198,fol_27_01738,29038,1,1.8173810654796043
peak_027131,27,2525,2522,29487,29916,fol_27_01785,29702,1,1.7256394256727328
peak_027134,27,2529,2524,29509,29785,fol_27_01788,29647,1,1.791721116074983
peak_027157,27,2552,2549,29772,30221,fol_27_01811,29997,1,1.82207104109782
peak_027159,27,2555,2554,29818,30221,fol_27_01813,30020,1,3.434519051908844
peak_027171,27,2575,2572,30012,30221,fol_27_01825,30117,1,2.0666768935850253
peak_027178,28,11,22,66,247,fol_28_00001,157,1,1.8566629410011188
peak_027183,28,23,11,66,266,fol_28_00006,166,1,2.288946785786512
peak_027184,28,24,12,2,284,fol_28_00007,143,1,1.8421694869143477
peak_027199,28,43,35,144,456,fol_28_00022,300,1,1.847356992951589
peak_027210,28,61,59,356,736,fol_28_00033,546,1,2.94764562953098
peak_027213,28,68,65,406,637,fol_28_00036,522,1,3.696837568544085
peak_027218,28,73,70,432,794,fol_28_00041,613,1,2.646419320487546
peak_027223,28,80,78,515,862,fol_28_00046,689,1,2.73615983676936
peak_027224,28,82,80,539,875,fol_28_00047,707,1,1.793566875102128
peak_027239,28,104,102,761,1070,fol_28_00062,916,1,1.8462705981345264
peak_027245,28,112,110,863,1174,fol_28_00068,1019,1,2.13192605754439
peak_027248,28,115,112,886,1191,fol_28_00071,1039,1,2.320586263004388
peak_027277,28,165,162,1610,1752,fol_28_00100,1681,1,2.255514530646296
peak_027283,28,172,169,1513,1820,fol_28_00106,1667,1,1.904558918857089
peak_027292,28,184,181,1641,1953,fol_28_00115,1797,1,2.322296212150086
peak_027299,28,191,189,1874,2029,fol_28_00122,1952,1,2.269364600065898
peak_027300,28,192,190,1699,1830,fol_28_00123,1765,1,2.3077734594609915
peak_027302,28,194,189,1707,1873,fol_28_00125,1790,1,1.7740560874052356
peak_027327,28,227,226,2123,2383,fol_28_00150,2253,1,1.9734853029035155
peak_027329,28,229,227,2134,2399,fol_28_00152,2267,1,2.119072048073538
peak_027340,28,241,238,2246,2543,fol_28_00163,2395,1,2.705302546665124
peak_027349,28,254,253,2463,2738,fol_28_00172,2601,1,2.2161400342011173
peak_027355,28,262,259,2568,3001,fol_28_00178,2785,1,1.7111116194532543
peak_027365,28,278,274,2818,3125,fol_28_00188,2972,1,3.4881931179917447
peak_027382,28,309,308,3403,3564,fol_28_00205,3484,1,1.9620453776756408
peak_027386,28,315,314,3443,3721,fol_28_00209,3582,1,4.17589030842271
peak_027399,28,332,328,3680,3913,fol_28_00222,3797,1,1.736751084046494
peak_027426,28,366,364,3942,4241,fol_28_00249,4092,1,1.7217835176007914
peak_027432,28,373,370,3997,4349,fol_28_00255,4173,1,2.060733931621015
peak_027434,28,375,371,4013,4254,fol_28_00257,4134,1,1.7367156555658714
peak_027440,28,382,376,4055,4199,fol_28_00263,4127,1,3.227415771334853
peak_027441,28,382,380,4200,4386,fol_28_00264,4293,1,2.2345520014393663
peak_027445,28,387,385,4102,4417,fol_28_00268,4260,1,2.5743391636214628
peak_027446,28,389,386,4121,4439,fol_28_00269,4280,1,1.9615823648051436
peak_027452,28,397,394,4196,4509,fol_28_00275,4353,1,1.8238698550307328
peak_027461,28,408,407,4354,4513,fol_28_00284,4434,1,2.4011817082715368
peak_027467,28,415,412,4501,4683,fol_28_00290,4592,1,1.795906163655854
peak_027474,28,422,420,4472,4760,fol_28_00297,4616,1,1.800276078044147
peak_027489,28,442,438,4754,4982,fol_28_00312,4868,1,3.023583197237268
peak_027519,28,481,477,5328,5653,fol_28_00342,5491,1,1.727809834326648
peak_027576,28,563,560,6434,6720,fol_28_00399,6577,1,1.93647468232717
peak_027605,28,601,599,6928,7178,fol_28_00428,7053,1,1.745103663664007
peak_027643,28,654,653,7596,7914,fol_28_00466,7755,1,1.7714925003257025
peak_027644,28,655,654,7624,7801,fol_28_00467,7713,1,4.144712961105873
peak_027667,28,685,683,8162,8407,fol_28_00490,8285,1,3.3374062938393743
peak_027673,28,693,692,8257,8552,fol_28_00496,8405,1,4.002463401165425
peak_027693,28,719,720,8577,8841,fol_28_00516,8709,1,2.4897704446844853
peak_027726,28,769,766,9284,9542,fol_28_00549,9413,1,1.837278341674207
peak_027728,28,772,770,9319,9686,fol_28_00551,9503,1,1.91015991279133
peak_027730,28,774,772,9374,9514,fol_28_00553,9444,1,2.5594078013147183
peak_027734,28,780,779,9517,9727,fol_28_00557,9622,1,5.728510229019466
peak_027764,28,821,818,10149,10457,fol_28_00587,10303,1,2.137021301854804
peak_027779,28,841,840,10434,10736,fol_28_00602,10585,1,2.594194356283848
peak_027796,28,864,861,10777,11074,fol_28_00619,10926,1,1.750278248589467
peak_027797,28,865,864,10798,11092,fol_28_00620,10945,1,2.8804365164143944
peak_027802,28,871,868,10843,11132,fol_28_00625,10988,1,2.035424675279506
peak_027825,28,904,899,11103,11408,fol_28_00648,11256,1,1.8890694044370129
peak_027826,28,905,903,11102,11432,fol_28_00649,11267,1,1.7160643029412328
peak_027829,28,908,905,11133,11451,fol_28_00652,11292,1,1.7591138604609555
peak_027842,28,929,928,11384,11712,fol_28_00665,11548,1,1.7476162882849386
peak_027853,28,944,940,11593,11976,fol_28_00676,11785,1,3.891244205511061
peak_027854,28,945,943,11612,11959,fol_28_00677,11786,1,1.7971685050275072
peak_027858,28,950,948,11681,12065,fol_28_00681,11873,1,2.056334376658365
peak_027880,28,989,985,12373,12714,fol_28_00703,12544,1,2.588049226014831
peak_027886,28,995,994,12442,12735,fol_28_00709,12589,1,2.111976964483254
peak_027887,28,997,995,12458,12748,fol_28_00710,12603,1,1.80279690159586
peak_027890,28,1000,998,12499,12837,fol_28_00713,12668,1,2.1874237709630378
peak_027897,28,1010,1008,12637,12938,fol_28_00720,12788,1,1.8886577455231772
peak_027904,28,1021,1019,12813,13129,fol_28_00727,12971,1,4.179546604801895
peak_027906,28,1024,1021,12854,13142,fol_28_00729,12998,1,2.3230408435075804
peak_027916,28,1043,1042,13162,13316,fol_28_00739,13239,1,2.029574271978252
peak_027926,28,1058,1056,13205,13521,fol_28_00749,13363,1,2.923423279359049
peak_027929,28,1063,1061,13256,13610,fol_28_00752,13433,1,2.2787238805266283
peak_027938,28,1074,1073,13359,13670,fol_28_00761,13515,1,3.1979352708564046
peak_027940,28,1078,1074,13382,13683,fol_28_00763,13533,1,1.7365356945519526
peak_027942,28,1081,1078,13400,13702,fol_28_00765,13551,1,2.0350544915178483
peak_027945,28,1084,1083,13443,13769,fol_28_00768,13606,1,3.914934955313943
peak_027952,28,1097,1094,13646,13989,fol_28_00775,13818,1,1.7063260981903037
peak_027963,28,1117,1115,13979,14164,fol_28_00786,14072,1,1.9079168782548652
peak_027969,28,1124,1121,14092,14242,fol_28_00792,14167,1,2.446780546540688
peak_028004,28,1179,1177,14916,15136,fol_28_00827,15026,1,1.980117487657064
peak_028007,28,1187,1186,15011,15314,fol_28_00830,15163,1,2.94342977996316
peak_028008,28,1188,1183,15015,15364,fol_28_00831,15190,1,2.2371609999028923
peak_028055,28,1257,1254,15941,16214,fol_28_00878,16078,1,3.318310673850072
peak_028072,28,1292,1291,16483,16829,fol_28_00895,16656,1,2.396396087074285
peak_028087,28,1317,1314,16681,17036,fol_28_00910,16859,1,1.9852591437759477
peak_028089,28,1321,1320,16721,17126,fol_28_00912,16924,1,2.0788577804807344
peak_028099,28,1335,1333,16933,17343,fol_28_00922,17138,1,2.0290372954577127
peak_028104,28,1340,1339,16982,17401,fol_28_00927,17192,1,3.195878718210522
peak_028123,28,1359,1357,17233,17505,fol_28_00946,17369,1,2.214930115649837
peak_028130,28,1366,1362,17299,17707,fol_28_00953,17503,1,1.8614539878813248
peak_028131,28,1367,1365,17305,17661,fol_28_00954,17483,1,1.798661086977557
peak_028133,28,1369,1368,17327,17614,fol_28_00956,17471,1,2.140815224345804
peak_028142,28,1379,1378,17458,17793,fol_28_00965,17626,1,1.780226829917121
peak_028144,28,1381,1379,17474,17810,fol_28_00967,17642,1,1.91963954394714
peak_028145,28,1382,1380,17475,17853,fol_28_00968,17664,1,3.3015080027375605
peak_028155,28,1404,1401,17801,18093,fol_28_00978,17947,1,2.3675465336233965
peak_028171,28,1426,1423,18024,18205,fol_28_00994,18115,1,3.0341684388539134
peak_028179,28,1440,1436,18277,18503,fol_28_01002,18390,1,1.976104888880104
peak_028193,28,1459,1456,18574,18840,fol_28_01016,18707,1,2.286302103835379
peak_028232,28,1514,1512,19423,19736,fol_28_01055,19580,1,2.204595827673264
peak_028234,28,1517,1514,19443,19753,fol_28_01057,19598,1,2.2209092539661177
peak_028254,28,1554,1551,20047,20391,fol_28_01077,20219,1,1.8415992175442488
peak_028256,28,1556,1553,20063,20365,fol_28_01079,20214,1,2.074403742063975
peak_028262,28,1566,1564,20340,20484,fol_28_01085,20412,1,2.365508524449183
peak_028266,28,1569,1566,20201,20339,fol_28_01089,20270,1,3.7355183824216662
peak_028280,28,1595,1591,20559,20867,fol_28_01103,20713,1,2.415781644397531
peak_028288,28,1608,1604,20684,20912,fol_28_01111,20798,1,6.158672654504001
peak_028299,28,1629,1628,20972,21286,fol_28_01122,21129,1,2.215234098662438
peak_028301,28,1632,1629,20991,21304,fol_28_01124,21148,1,2.110011733846587
peak_028320,28,1658,1656,21471,21687,fol_28_01143,21579,1,5.415564882123189
peak_028330,28,1677,1673,21558,21857,fol_28_01153,21708,1,1.9603455428901249
peak_028338,28,1687,1686,21760,22088,fol_28_01161,21924,1,2.238129270588726
peak_028398,28,1787,1785,23219,23517,fol_28_01221,23368,1,1.9751739824492691
peak_028400,28,1792,1789,23281,23592,fol_28_01223,23437,1,2.0627710110410247
peak_028402,28,1794,1788,23292,23582,fol_28_01225,23437,1,1.796684591662111
peak_028473,28,1888,1887,24488,24776,fol_28_01296,24632,1,2.411995868208889
peak_028476,28,1891,1888,24510,24791,fol_28_01299,24651,1,1.9811210948538112
peak_028482,28,1901,1899,24662,24985,fol_28_01305,24824,1,2.073457303898314
peak_028487,28,1908,1904,24726,25058,fol_28_01310,24892,1,2.656122642645151
peak_028515,28,1942,1941,25128,25412,fol_28_01338,25270,1,5.586705795036758
peak_028523,28,1952,1949,25213,25506,fol_28_01346,25360,1,2.830969445710432
peak_028545,28,1989,1984,25677,25980,fol_28_01368,25829,1,3.00989987069685
peak_028555,28,2004,2002,25877,26155,fol_28_01378,26016,1,2.253906842781466
peak_028561,28,2013,2011,26000,26299,fol_28_01384,26150,1,2.5375945416343466
peak_028590,28,2051,2049,26435,26738,fol_28_01413,26587,1,1.9119868544859024
peak_028595,28,2056,2055,26528,26830,fol_28_01418,26679,1,2.509604997940302
peak_028609,28,2073,2070,26769,27129,fol_28_01432,26949,1,1.8644909250550787
peak_028624,28,2101,2098,27200,27542,fol_28_01447,27371,1,2.201263089599653
peak_028644,28,2132,2129,27582,27868,fol_28_01467,27725,1,2.4853000149190194
peak_028651,28,2145,2143,27940,28115,fol_28_01474,28028,1,2.1685471131842387
peak_028657,28,2153,2152,27904,28172,fol_28_01480,28038,1,2.5392740688336444
peak_028684,28,2195,2192,28452,28622,fol_28_01507,28537,1,1.9273209339158317
peak_028736,28,2274,2273,29763,30045,fol_28_01559,29904,1,1.8593882845938288
peak_028755,28,2300,2298,30039,30302,fol_28_01578,30171,1,1.902930378267386
peak_028762,28,2308,2306,30149,30284,fol_28_01585,30217,1,2.482601964485723
peak_028776,28,2330,2327,30516,30803,fol_28_01599,30660,1,1.732605579588112
peak_028818,29,47,43,300,751,fol_29_00021,526,1,3.720533488765268
peak_028832,29,60,57,414,628,fol_29_00035,521,1,2.232887736979296
peak_028838,29,66,63,503,749,fol_29_00041,626,1,2.6123154907496544
peak_028845,29,76,73,595,826,fol_29_00048,711,1,1.87016623836242
peak_028859,29,95,94,826,1135,fol_29_00062,981,1,2.0617951864190225
peak_028860,29,97,92,827,1165,fol_29_00063,996,1,5.606586263967312
peak_028893,29,147,144,1484,1827,fol_29_00096,1656,1,2.6366315741194537
peak_028897,29,152,149,1530,1874,fol_29_00100,1702,1,1.846720209178032
peak_028912,29,171,167,1708,2026,fol_29_00115,1867,1,3.0242868125415256
peak_028915,29,174,173,1745,2045,fol_29_00118,1895,1,3.6676508688670046
peak_028918,29,178,177,1788,2081,fol_29_00121,1935,1,2.327561191229936
peak_028923,29,183,180,1838,2136,fol_29_00126,1987,1,2.2798753428469136
peak_028924,29,184,183,1851,2148,fol_29_00127,2000,1,4.439028841492103
peak_028944,29,211,209,2153,2325,fol_29_00147,2239,1,2.6197366562616557
peak_028967,29,247,246,2596,2880,fol_29_00170,2738,1,2.165761080085396
peak_028972,29,257,252,2697,3066,fol_29_00175,2882,1,1.7979883338173566
peak_029001,29,300,295,3577,3717,fol_29_00204,3647,1,3.5930093472806086
peak_029018,29,325,324,3789,4150,fol_29_00221,3970,1,2.2683467517425484
peak_029026,29,333,330,3909,4142,fol_29_00229,4026,1,2.667170945994092
peak_029030,29,338,334,3914,4076,fol_29_00233,3995,1,1.7987418374173612
peak_029048,29,368,364,4307,4623,fol_29_00251,4465,1,1.7261899081536154
peak_029049,29,369,370,4441,4607,fol_29_00252,4524,1,1.7911054939600657
peak_029054,29,376,373,4350,4672,fol_29_00257,4511,1,2.2438481646981288
peak_029057,29,379,378,4482,4672,fol_29_00260,4577,1,2.291747009656946
peak_029072,29,394,392,4531,4854,fol_29_00275,4693,1,2.311146999078304
peak_029074,29,396,395,4590,4770,fol_29_00277,4680,1,2.0498509805840763
peak_029077,29,405,402,4670,4874,fol_29_00280,4772,1,1.885164888884921
peak_029091,29,422,416,4827,5130,fol_29_00294,4979,1,1.822487508190264
peak_029118,29,455,454,5477,5744,fol_29_00321,5611,1,1.7289825851851393
peak_029131,29,471,468,5761,5918,fol_29_00334,5840,1,3.950641385577776
peak_029165,29,524,523,6403,6719,fol_29_00368,6561,1,1.8051948452709488
peak_029168,29,530,528,6442,6783,fol_29_00371,6613,1,2.1242146822376777
peak_029170,29,532,526,6448,6594,fol_29_00373,6521,1,2.531171909774337
peak_029171,29,532,531,6595,6777,fol_29_00374,6686,1,5.123160645663274
peak_029176,29,538,536,6540,6865,fol_29_00379,6703,1,2.210538525173121
peak_029177,29,539,535,6540,6863,fol_29_00380,6702,1,1.8964446586197712
peak_029178,29,541,538,6575,6830,fol_29_00381,6703,1,2.66195293125103
peak_029183,29,549,548,6660,6976,fol_29_00386,6818,1,2.312545281068133
peak_029190,29,560,556,6760,7121,fol_29_00393,6941,1,1.9915220272178429
peak_029191,29,561,557,6764,7061,fol_29_00394,6913,1,2.118196865719128
peak_029192,29,563,559,6884,7094,fol_29_00395,6989,1,1.7755795887501975
peak_029194,29,565,563,6805,7114,fol_29_00397,6960,1,2.095007418533806
peak_029198,29,569,568,6853,7174,fol_29_00401,7014,1,2.029716440067685
peak_029218,29,597,596,7278,7408,fol_29_00421,7343,1,1.9460212472251008
peak_029221,29,602,601,7340,7599,fol_29_00424,7470,1,2.260311296603404
peak_029245,29,640,639,8047,8194,fol_29_00448,8121,1,1.8861019258229352
peak_029272,29,684,683,8604,8922,fol_29_00475,8763,1,1.788835071004939
peak_029277,29,693,691,8707,9070,fol_29_00480,8889,1,1.7796028775938586
peak_029289,29,707,705,8953,9274,fol_29_00492,9114,1,2.564003105743172
peak_029306,29,734,731,9280,9603,fol_29_00509,9442,1,1.7465466858668133
peak_029328,29,763,761,9782,10128,fol_29_00531,9955,1,2.013390658385863
peak_029334,29,771,766,9844,9977,fol_29_00537,9911,1,2.0364689921413683
peak_029335,29,771,769,9978,10160,fol_29_00538,10069,1,5.348751666875008
peak_029354,29,798,795,10203,10468,fol_29_00557,10336,1,2.8352891559756164
peak_029359,29,804,803,10272,10592,fol_29_00562,10432,1,1.8408848381310567
peak_029387,29,839,837,10662,10968,fol_29_00590,10815,1,1.710738231752377
peak_029403,29,865,862,10987,11311,fol_29_00606,11149,1,1.855658843375869
peak_029421,29,893,890,11320,11565,fol_29_00624,11443,1,2.219247042628217
peak_029427,29,904,902,11385,11732,fol_29_00630,11559,1,2.150455369384997
peak_029459,29,949,947,11869,12188,fol_29_00662,12029,1,2.107522417492965
peak_029463,29,953,950,11908,12074,fol_29_00666,11991,1,2.3506173213814847
peak_029468,29,956,955,11990,12272,fol_29_00671,12131,1,2.085179914492061
peak_029479,29,974,971,12288,12448,fol_29_00682,12368,1,2.996763696866632
peak_029485,29,980,978,12369,12687,fol_29_00688,12528,1,2.8504884960065926
peak_029487,29,982,981,12391,12581,fol_29_00690,12486,1,2.34944584963812
peak_029494,29,992,991,12603,12855,fol_29_00697,12729,1,2.018760773517545
peak_029521,29,1039,1036,13510,13711,fol_29_00724,13611,1,1.7136498458256408
peak_029553,29,1082,1080,14011,14187,fol_29_00756,14099,1,3.693408578266838
peak_029554,29,1082,1081,14188,14321,fol_29_00757,14255,1,2.376277257372636
peak_029559,29,1093,1091,14210,14484,fol_29_00762,14347,1,2.1902762121235715
peak_029561,29,1097,1095,14238,14517,fol_29_00764,14378,1,2.424392308622275
peak_029568,29,1109,1107,14438,14702,fol_29_00771,14570,1,1.719034982343251
peak_029578,29,1136,1135,14891,15267,fol_29_00781,15079,1,1.7144931183406298
peak_029584,29,1147,1143,15038,15191,fol_29_00787,15115,1,3.913572655990422
peak_029589,29,1153,1151,15108,15438,fol_29_00792,15273,1,1.933451115927679
peak_029591,29,1155,1153,15127,15457,fol_29_00794,15292,1,2.1458328787849528
peak_029596,29,1164,1161,15240,15420,fol_29_00799,15330,1,1.8979404473588823
peak_029605,29,1172,1170,15306,15671,fol_29_00808,15489,1,1.7574005811630218
peak_029616,29,1186,1183,15416,15768,fol_29_00819,15592,1,2.281257159694759
peak_029651,29,1238,1236,16068,16373,fol_29_00854,16221,1,2.909248636535428
peak_029668,29,1266,1264,16477,16769,fol_29_00871,16623,1,2.672981230923821
peak_029677,29,1278,1277,16716,16990,fol_29_00880,16853,1,1.9029527670931
peak_029688,29,1297,1295,17022,17287,fol_29_00891,17155,1,1.833983626761348
peak_029692,29,1302,1301,17066,17386,fol_29_00895,17226,1,2.841693922403641
peak_029693,29,1304,1302,17125,17402,fol_29_00896,17264,1,2.08579346369365
peak_029722,29,1348,1340,17669,17900,fol_29_00925,17785,1,2.053515332706588
peak_029737,29,1364,1359,17787,17981,fol_29_00940,17884,1,3.467635087411516
peak_029776,29,1425,1424,18594,18764,fol_29_00979,18679,1,5.680071429755234
peak_029784,29,1438,1437,18810,18957,fol_29_00987,18884,1,3.465111520752356
peak_029813,29,1485,1484,19593,19786,fol_29_01016,19690,1,2.3331117672009927
peak_029818,29,1494,1492,19683,19983,fol_29_01021,19833,1,2.3154206540750275
peak_029822,29,1503,1501,19933,20095,fol_29_01025,20014,1,1.7371171929927056
peak_029838,29,1522,1520,20080,20370,fol_29_01041,20225,1,2.108278043625232
peak_029846,29,1533,1535,20236,20560,fol_29_01049,20398,1,3.926968403408676
peak_029852,29,1540,1537,20316,20600,fol_29_01055,20458,1,1.9155330970028477
peak_029860,29,1555,1553,20676,20936,fol_29_01063,20806,1,1.8728524945841247
peak_029868,29,1567,1564,20750,21052,fol_29_01071,20901,1,2.5040663186103718
peak_029869,29,1570,1567,20769,21066,fol_29_01072,20918,1,1.9668130401926187
peak_029872,29,1574,1573,20789,21083,fol_29_01075,20936,1,2.094501431015299
peak_029873,29,1575,1574,20805,21103,fol_29_01076,20954,1,2.223757365084145
peak_029874,29,1576,1575,20910,21125,fol_29_01077,21018,1,1.9818321952194289
peak_029878,29,1584,1580,20965,21169,fol_29_01081,21067,1,2.349641745284266
peak_029884,29,1591,1588,21015,21331,fol_29_01087,21173,1,1.7214731725498695
peak_029885,29,1592,1591,21030,21349,fol_29_01088,21190,1,2.1217467057922805
peak_029893,29,1604,1602,21181,21481,fol_29_01096,21331,1,2.040635190119686
peak_029902,29,1618,1617,21340,21654,fol_29_01105,21497,1,3.6421934924420656
peak_029904,29,1620,1619,21425,21650,fol_29_01107,21538,1,4.456878968787468
peak_029905,29,1624,1622,21396,21627,fol_29_01108,21512,1,1.7262727372726734
peak_029914,29,1637,1633,21524,21921,fol_29_01117,21723,1,2.5682184121747667
peak_029918,29,1643,1640,21571,21974,fol_29_01121,21773,1,1.732035183696837
peak_029921,29,1647,1643,21605,21997,fol_29_01124,21801,1,1.9845750749216984
peak_029927,29,1653,1650,21661,21978,fol_29_01130,21820,1,1.7828920300029314
peak_029940,29,1669,1666,21862,22071,fol_29_01143,21967,1,1.9728481220486704
peak_029944,29,1674,1672,21908,22206,fol_29_01147,22057,1,1.8226314191757185
peak_029951,29,1683,1681,21980,22369,fol_29_01154,22175,1,2.2689178374572005
peak_029955,29,1688,1685,22018,22352,fol_29_01158,22185,1,2.0939626903559763
peak_029963,29,1700,1697,22130,22413,fol_29_01166,22272,1,2.152116682561122
peak_029966,29,1703,1700,22152,22429,fol_29_01169,22291,1,2.0419160706542803
peak_029992,29,1745,1741,22596,22910,fol_29_01195,22753,1,2.323654321978731
peak_029993,29,1746,1743,22598,22997,fol_29_01196,22798,1,1.9063868079029715
peak_030001,29,1761,1758,22746,23170,fol_29_01204,22958,1,2.191716219833682
peak_030014,29,1777,1773,22922,23244,fol_29_01217,23083,1,1.7138697052644702
peak_030015,29,1778,1776,22934,23198,fol_29_01218,23066,1,1.873381054155724
peak_030054,29,1833,1831,23809,24096,fol_29_01257,23953,1,1.9185156143707265
peak_030056,29,1837,1833,23830,24115,fol_29_01259,23973,1,2.3974275134099923
peak_030076,29,1870,1867,24206,24580,fol_29_01279,24393,1,2.313066208649313
peak_030081,29,1877,1876,24350,24563,fol_29_01284,24457,1,1.8925777648396835
peak_030083,29,1881,1878,24314,24650,fol_29_01286,24482,1,3.689174110650216
peak_030105,29,1923,1917,24973,25241,fol_29_01308,25107,1,2.320974424512362
peak_030111,29,1931,1929,25035,25329,fol_29_01314,25182,1,3.454238355587676
peak_030116,29,1938,1934,25058,25365,fol_29_01319,25212,1,2.437347098057666
peak_030120,29,1943,1935,25118,25269,fol_29_01323,25194,1,1.9490162839204763
peak_030127,29,1950,1945,25178,25477,fol_29_01330,25328,1,1.7849161982289814
peak_030130,29,1953,1951,25223,25555,fol_29_01333,25389,1,1.843377434306618
peak_030132,29,1956,1954,25254,25546,fol_29_01335,25400,1,2.1851060424521624
peak_030137,29,1961,1959,25325,25620,fol_29_01340,25473,1,2.480735190938121
peak_030170,29,2020,2018,26173,26578,fol_29_01373,26376,1,1.7916606995685116
peak_030171,29,2023,2020,26213,26384,fol_29_01374,26299,1,3.790474329883722
peak_030177,29,2031,2030,26299,26603,fol_29_01380,26451,1,2.6638627238265564
peak_030194,29,2055,2051,26547,26909,fol_29_01397,26728,1,1.7596260194006488
peak_030196,29,2059,2054,26577,26871,fol_29_01399,26724,1,2.0151640409916323
peak_030201,29,2066,2061,26639,26860,fol_29_01404,26750,1,2.8550678331912
peak_030204,29,2070,2065,26667,26930,fol_29_01407,26799,1,1.72184591680511
peak_030210,29,2076,2072,26719,27027,fol_29_01413,26873,1,1.982682697978083
peak_030211,29,2078,2074,26726,26994,fol_29_01414,26860,1,2.5180696720740148
peak_030224,29,2105,2104,27152,27420,fol_29_01427,27286,1,1.866474372175198
peak_030227,29,2108,2110,27348,27491,fol_29_01430,27420,1,1.7145998855205742
peak_030231,29,2112,2108,27348,27517,fol_29_01434,27433,1,2.917228399043457
peak_030243,29,2129,2127,27520,27706,fol_29_01446,27613,1,2.8781487679178324
peak_030258,30,18,16,1,269,fol_30_00005,135,1,2.3432830520441814
peak_030263,30,27,18,21,285,fol_30_00010,153,1,1.983766710377048
peak_030265,30,34,32,48,348,fol_30_00012,198,1,1.7690853880455415
peak_030275,30,47,43,144,493,fol_30_00022,319,1,1.9825487267744013
peak_030283,30,59,57,254,535,fol_30_00030,395,1,1.868819651039883
peak_030286,30,63,60,307,600,fol_30_00033,454,1,1.874521157497972
peak_030292,30,69,67,358,683,fol_30_00039,521,1,2.394774733473561
peak_030294,30,71,70,385,674,fol_30_00041,530,1,1.840867707891032
peak_030299,30,77,76,460,756,fol_30_00046,608,1,1.7764037337943723
peak_030302,30,82,79,510,852,fol_30_00049,681,1,2.9715146109508552
peak_030324,30,108,103,819,965,fol_30_00071,892,1,2.3843584769458346
peak_030350,30,147,145,1331,1628,fol_30_00097,1480,1,2.460345447359609
peak_030358,30,160,158,1512,1747,fol_30_00105,1630,1,1.8317970763307057
peak_030372,30,182,179,1682,1880,fol_30_00119,1781,1,1.854694146894215
peak_030375,30,185,183,1798,2001,fol_30_00122,1900,1,1.7422319413058351
peak_030391,30,208,206,1965,2116,fol_30_00138,2041,1,3.6431663365578673
peak_030393,30,210,208,1985,2116,fol_30_00140,2051,1,1.79249519121476
peak_030394,30,210,206,2117,2320,fol_30_00141,2219,1,2.731767773903888
peak_030397,30,217,215,2045,2385,fol_30_00144,2215,1,2.4257785833794063
peak_030411,30,240,237,2441,2730,fol_30_00158,2586,1,3.478377245747161
peak_030429,30,266,265,2770,3063,fol_30_00176,2917,1,1.896552305623018
peak_030454,30,295,294,3054,3396,fol_30_00201,3225,1,2.139052823923615
peak_030480,30,341,340,3829,4135,fol_30_00227,3982,1,2.336232994560937
peak_030491,30,355,353,4025,4337,fol_30_00238,4181,1,2.4976031829739083
peak_030499,30,368,364,4137,4311,fol_30_00246,4224,1,4.939551005809925
peak_030502,30,372,371,4173,4493,fol_30_00249,4333,1,2.420969647887002
peak_030515,30,388,386,4388,4686,fol_30_00262,4537,1,3.1312169183166016
peak_030561,30,445,442,5088,5346,fol_30_00308,5217,1,2.3315973920910977
peak_030567,30,455,450,5179,5450,fol_30_00314,5315,1,1.9859575688058269
peak_030606,30,506,504,5760,6091,fol_30_00353,5926,1,1.909112876255576
peak_030610,30,512,509,5801,6184,fol_30_00357,5993,1,3.2560837722713374
peak_030611,30,514,510,5806,6137,fol_30_00358,5972,1,1.87795978926408
peak_030616,30,521,520,5910,6236,fol_30_00363,6073,1,2.9136494179375583
peak_030621,30,528,524,5970,6338,fol_30_00368,6154,1,1.7317740866752092
peak_030623,30,530,526,5990,6341,fol_30_00370,6166,1,2.590258510209837
peak_030642,30,557,553,6367,6678,fol_30_00389,6523,1,2.112157524793535
peak_030650,30,568,565,6539,6711,fol_30_00397,6625,1,1.764141589353036
peak_030652,30,570,568,6556,6834,fol_30_00399,6695,1,2.2281548611413875
peak_030661,30,588,585,6765,7055,fol_30_00408,6910,1,1.7214207571217677
peak_030665,30,592,593,6965,7135,fol_30_00412,7050,1,1.8302400421447595
peak_030671,30,598,592,6965,7159,fol_30_00418,7062,1,1.7421079442376426
peak_030673,30,600,598,6866,7180,fol_30_00420,7023,1,1.9523074082519216
peak_030679,30,608,602,6987,7229,fol_30_00426,7108,1,1.8853387168414268
peak_030683,30,617,615,7092,7315,fol_30_00430,7204,1,4.196780705456515
peak_030698,30,638,634,7232,7635,fol_30_00445,7434,1,2.1383809874174027
peak_030708,30,654,652,7372,7665,fol_30_00455,7519,1,4.477411912822463
peak_030713,30,662,660,7484,7722,fol_30_00460,7603,1,6.599013250108433
peak_030728,30,685,679,7765,8072,fol_30_00475,7919,1,1.7814670649629516
peak_030737,30,695,693,7998,8267,fol_30_00484,8133,1,1.732831666825974
peak_030791,30,778,777,9174,9448,fol_30_00538,9311,1,1.8724731341426144
peak_030792,30,779,780,9286,9494,fol_30_00539,9390,1,1.849699526459553
peak_030803,30,792,788,9333,9682,fol_30_00550,9508,1,2.0733215751856195
peak_030838,30,853,850,10146,10436,fol_30_00585,10291,1,1.988483314373488
peak_030842,30,857,856,10216,10544,fol_30_00589,10380,1,2.302264243950725
peak_030845,30,861,857,10240,10562,fol_30_00592,10401,1,1.794687597025659
peak_030874,30,914,910,10689,11014,fol_30_00621,10852,1,2.016181707924733
peak_030901,30,951,950,11087,11389,fol_30_00648,11238,1,2.4984509410246423
peak_030911,30,966,963,11218,11595,fol_30_00658,11407,1,1.818138878993068
peak_030914,30,969,966,11238,11614,fol_30_00661,11426,1,2.9986090441638997
peak_030927,30,990,986,11567,11829,fol_30_00674,11698,1,1.8900694919915533
peak_030933,30,1008,1004,11882,12190,fol_30_00680,12036,1,1.8347218442369493
peak_030934,30,1011,1008,11895,12123,fol_30_00681,12009,1,3.112976568181295
peak_030954,30,1047,1045,12376,12626,fol_30_00701,12501,1,2.2759137807465217
peak_030962,30,1058,1055,12379,12769,fol_30_00709,12574,1,1.8502238596770888
peak_030963,30,1059,1057,12394,12745,fol_30_00710,12570,1,1.868971920206261
peak_030978,30,1076,1072,12615,12942,fol_30_00725,12779,1,2.056009441368833
peak_030987,30,1088,1087,12722,13024,fol_30_00734,12873,1,1.7158908488146098
peak_030998,30,1104,1101,12883,13043,fol_30_00745,12963,1,3.4733293447111184
peak_031001,30,1107,1101,13044,13205,fol_30_00748,13125,1,2.607420378192533
peak_031020,30,1137,1136,13339,13509,fol_30_00767,13424,1,3.089790024037881
peak_031027,30,1147,1146,13431,13748,fol_30_00774,13590,1,2.010449374462635
peak_031028,30,1148,1145,13431,13801,fol_30_00775,13616,1,2.9617817250023624
peak_031029,30,1150,1147,13449,13769,fol_30_00776,13609,1,2.900920982049025
peak_031053,30,1186,1185,13992,14290,fol_30_00800,14141,1,1.8958028667848728
peak_031059,30,1199,1195,14076,14377,fol_30_00806,14227,1,1.9633370302420945
peak_031062,30,1205,1196,14163,14451,fol_30_00809,14307,1,2.633115904669113
peak_031071,30,1221,1217,14516,14656,fol_30_00818,14586,1,1.9195184853720924
peak_031080,30,1233,1231,14502,14789,fol_30_00827,14646,1,2.3153517658442486
peak_031081,30,1235,1233,14517,14805,fol_30_00828,14661,1,3.296543808535745
peak_031084,30,1238,1235,14535,14816,fol_30_00831,14676,1,1.7149550243507232
peak_031100,30,1261,1260,14910,15304,fol_30_00847,15107,1,1.797964331033461
peak_031113,30,1277,1276,15057,15370,fol_30_00860,15214,1,2.391782933020329
peak_031128,30,1300,1296,15299,15585,fol_30_00875,15442,1,1.850730949158761
peak_031140,30,1314,1312,15408,15827,fol_30_00887,15618,1,2.522387326567696
peak_031156,30,1334,1332,15552,15931,fol_30_00903,15742,1,1.828569815238889
peak_031165,30,1343,1341,15753,15881,fol_30_00912,15817,1,5.58278389481478
peak_031168,30,1346,1344,15681,16011,fol_30_00915,15846,1,1.843191249843691
peak_031171,30,1352,1350,15752,16066,fol_30_00918,15909,1,2.2088222890573688
peak_031178,30,1363,1361,15865,16194,fol_30_00925,16030,1,1.8124197980317924
peak_031181,30,1366,1363,15881,16218,fol_30_00928,16050,1,2.681631381214388
peak_031184,30,1372,1370,15936,16316,fol_30_00931,16126,1,2.0425390967589774
peak_031189,30,1378,1375,16013,16310,fol_30_00936,16162,1,1.703206556407081
peak_031196,30,1386,1385,16171,16529,fol_30_00943,16350,1,1.8419783457324708
peak_031204,30,1396,1395,16282,16591,fol_30_00951,16437,1,1.9432987376582096
peak_031208,30,1401,1399,16392,16639,fol_30_00955,16516,1,1.912721609457197
peak_031224,30,1425,1420,16497,16896,fol_30_00971,16697,1,1.7733941273738725
peak_031227,30,1428,1426,16536,16882,fol_30_00974,16709,1,1.794543809717069
peak_031230,30,1432,1429,16564,16905,fol_30_00977,16735,1,2.150948823205814
peak_031235,30,1438,1433,16624,16920,fol_30_00982,16772,1,2.025963271098828
peak_031239,30,1442,1438,16647,16939,fol_30_00986,16793,1,2.9680339053525637
peak_031240,30,1443,1439,16649,16948,fol_30_00987,16799,1,4.34998555319172
peak_031244,30,1447,1444,16834,17074,fol_30_00991,16954,1,5.165546513505442
peak_031283,30,1506,1504,17358,17675,fol_30_01030,17517,1,4.076601432278241
peak_031287,30,1511,1508,17397,17769,fol_30_01034,17583,1,1.741191716676592
peak_031289,30,1513,1511,17412,17790,fol_30_01036,17601,1,2.111404663491592
peak_031297,30,1523,1520,17473,17812,fol_30_01044,17643,1,1.7037864854167293
peak_031301,30,1529,1523,17544,17830,fol_30_01048,17687,1,1.7323349121367642
peak_031302,30,1530,1525,17550,17858,fol_30_01049,17704,1,2.332540793863303
peak_031304,30,1532,1527,17579,17740,fol_30_01051,17660,1,2.3588124872648835
peak_031351,30,1605,1602,18762,19062,fol_30_01098,18912,1,2.2973265011624533
peak_031355,30,1609,1608,18819,19105,fol_30_01102,18962,1,1.8557856223379552
peak_031356,30,1610,1607,18835,19072,fol_30_01103,18954,1,2.3230617396668207
peak_031363,30,1626,1624,19150,19361,fol_30_01110,19256,1,1.87361017491483
peak_031375,30,1645,1643,19366,19636,fol_30_01122,19501,1,2.031034297502791
peak_031386,30,1671,1668,19707,20072,fol_30_01133,19890,1,1.8272788992438471
peak_031387,30,1672,1671,19722,20091,fol_30_01134,19907,1,2.539501129639765
peak_031406,30,1702,1701,20061,20398,fol_30_01153,20230,1,2.287089557439113
peak_031408,30,1706,1702,20074,20413,fol_30_01155,20244,1,2.0385534704421144
peak_031410,30,1709,1705,20089,20473,fol_30_01157,20281,1,3.3080509726138385
peak_031413,30,1714,1709,20123,20494,fol_30_01160,20309,1,1.7370339706123876
peak_031448,30,1776,1771,20937,21253,fol_30_01195,21095,1,1.7790310272983811
peak_031468,30,1807,1804,21256,21621,fol_30_01215,21439,1,1.796895178341507
peak_031478,30,1823,1818,21391,21719,fol_30_01225,21555,1,2.8651130285468653
peak_031479,30,1824,1821,21405,21747,fol_30_01226,21576,1,1.8397256466844312
peak_031490,30,1837,1834,21520,21888,fol_30_01237,21704,1,1.7791175075653545
peak_031507,30,1864,1862,21873,22074,fol_30_01254,21974,1,2.510375686019779
peak_031511,30,1872,1869,21944,22126,fol_30_01258,22035,1,2.054782979369958
peak_031515,30,1880,1877,22027,22318,fol_30_01262,22173,1,1.8285819060747572
peak_031519,30,1887,1883,22151,22391,fol_30_01266,22271,1,2.6114064598211018
peak_031522,30,1891,1889,22147,22490,fol_30_01269,22319,1,1.817261925549222
peak_031531,30,1901,1900,22296,22578,fol_30_01278,22437,1,1.707506987741076
peak_031532,30,1902,1901,22313,22596,fol_30_01279,22455,1,1.7257307078288344
peak_031539,30,1911,1906,22426,22582,fol_30_01286,22504,1,2.244313472005265
peak_031557,30,1938,1937,22954,23090,fol_30_01304,23022,1,2.180587880508438
peak_031575,30,1960,1956,23128,23382,fol_30_01322,23255,1,2.339039125949927
peak_031577,30,1962,1960,23155,23382,fol_30_01324,23269,1,1.9128510933604053
peak_031599,30,2000,1998,23810,24027,fol_30_01346,23919,1,2.997342628716137
peak_031600,30,2001,1999,23816,24165,fol_30_01347,23991,1,2.2459330047606185
peak_031601,30,2004,2001,23834,24165,fol_30_01348,24000,1,1.955246128142552
peak_031607,30,2013,2009,23920,24222,fol_30_01354,24071,1,1.9447914476723356
peak_031620,30,2029,2028,24112,24411,fol_30_01367,24262,1,1.7759120983476069
peak_031631,30,2044,2043,24246,24576,fol_30_01378,24411,1,2.0311257314974904
peak_031634,30,2048,2044,24273,24581,fol_30_01381,24427,1,2.0626795573196413
peak_031644,30,2061,2060,24490,24796,fol_30_01391,24643,1,1.906774021726939
peak_031645,30,2066,2063,24537,24987,fol_30_01392,24762,1,2.432927056936476
peak_031651,30,2073,2071,24610,25025,fol_30_01398,24818,1,1.7708600013644755
peak_031658,30,2084,2081,24759,25101,fol_30_01405,24930,1,2.3946684054785856
peak_031660,30,2086,2085,24782,25080,fol_30_01407,24931,1,1.888092135280221
peak_031671,30,2102,2100,25031,25372,fol_30_01418,25202,1,2.1969409389092576
peak_031682,30,2119,2117,25214,25540,fol_30_01429,25377,1,2.2917122726992694
peak_031692,30,2137,2132,25402,25682,fol_30_01439,25542,1,4.131538944017718
peak_031696,30,2147,2142,25527,25836,fol_30_01443,25682,1,1.869408199330103
peak_031717,30,2169,2165,25716,26024,fol_30_01464,25870,1,1.9761804462335075
peak_031738,30,2200,2195,26189,26550,fol_30_01485,26370,1,1.8219466734426848
peak_031739,30,2201,2198,26196,26436,fol_30_01486,26316,1,2.2855666253757763
peak_031740,30,2202,2199,26202,26447,fol_30_01487,26325,1,2.251010403878689
peak_031744,30,2207,2203,26234,26538,fol_30_01491,26386,1,1.8433640481894875
peak_031755,30,2226,2223,26494,26672,fol_30_01502,26583,1,2.155488159417008
peak_031763,30,2240,2238,26700,26948,fol_30_01510,26824,1,3.980023840196103
peak_031772,30,2251,2243,26832,27016,fol_30_01519,26924,1,1.7158512399858976
peak_031777,30,2258,2257,27017,27157,fol_30_01524,27087,1,2.031862996346186
peak_031824,30,2338,2336,28042,28342,fol_30_01571,28192,1,1.884651258345265
peak_031855,30,2393,2390,28659,28974,fol_30_01602,28817,1,2.418258306788787
peak_031858,30,2397,2391,28684,28886,fol_30_01605,28785,1,2.569553848698125
peak_031859,30,2399,2395,28700,29037,fol_30_01606,28869,1,2.5070977529357354
peak_031860,30,2401,2394,28703,28955,fol_30_01607,28829,1,2.916287859657721
peak_031863,30,2403,2402,28740,29078,fol_30_01610,28909,1,1.9314524523589915
peak_031879,30,2435,2432,29308,29584,fol_30_01626,29446,1,4.943582989452731
peak_031885,30,2443,2440,29395,29555,fol_30_01632,29475,1,3.458087934272188
peak_031919,31,33,29,205,413,fol_31_00017,309,1,3.424896519081249
peak_031920,31,34,31,207,446,fol_31_00018,327,1,2.355372525106873
peak_031930,31,49,44,476,760,fol_31_00028,618,1,2.4174852493679047
peak_031932,31,52,46,489,718,fol_31_00030,604,1,1.8894571124168664
peak_031936,31,58,55,567,814,fol_31_00034,691,1,1.7074142210212044
peak_031956,31,85,82,952,1303,fol_31_00054,1128,1,2.082362288582119
peak_031999,31,159,154,2027,2172,fol_31_00097,2100,1,1.7034686820655378
peak_032014,31,178,175,2179,2511,fol_31_00112,2345,1,1.869294763071438
peak_032025,31,195,193,2378,2650,fol_31_00123,2514,1,2.030729156977785
peak_032028,31,199,198,2402,2711,fol_31_00126,2557,1,2.652479234239052
peak_032037,31,210,206,2485,2764,fol_31_00135,2625,1,1.8111006183569367
peak_032039,31,213,208,2511,2882,fol_31_00137,2697,1,1.9720128728924036
peak_032043,31,220,215,2559,2902,fol_31_00141,2731,1,1.9094508175431968
peak_032044,31,221,218,2560,2859,fol_31_00142,2710,1,2.170053066070865
peak_032046,31,223,221,2580,2875,fol_31_00144,2728,1,1.8232425025584504
peak_032064,31,256,252,2993,3277,fol_31_00162,3135,1,2.4381702661299576
peak_032065,31,257,253,3004,3302,fol_31_00163,3153,1,2.150301578342392
peak_032072,31,268,266,3220,3495,fol_31_00170,3358,1,1.7406277419695344
peak_032082,31,286,284,3474,3788,fol_31_00180,3631,1,2.1782626474666444
peak_032104,31,319,318,3868,4257,fol_31_00202,4063,1,5.832155504355617
peak_032110,31,327,325,3958,4242,fol_31_00208,4100,1,1.8352533824862545
peak_032113,31,336,334,4088,4424,fol_31_00211,4256,1,2.2051641141360645
peak_032122,31,347,343,4174,4503,fol_31_00220,4339,1,1.9166798484817096
peak_032143,31,376,370,4601,4827,fol_31_00241,4714,1,2.2812850193981777
peak_032151,31,393,391,4739,5130,fol_31_00249,4935,1,2.391914825845144
peak_032152,31,395,392,4747,5056,fol_31_00250,4902,1,1.7113162454998287
peak_032178,31,434,430,5330,5672,fol_31_00276,5501,1,5.301150036287149
peak_032186,31,442,440,5648,5789,fol_31_00284,5719,1,2.121146599872789
peak_032193,31,450,447,5511,5808,fol_31_00291,5660,1,2.4346235631092217
peak_032201,31,460,458,5603,5910,fol_31_00299,5757,1,1.786652431232173
peak_032209,31,473,469,5748,6056,fol_31_00307,5902,1,1.7452891932196302
peak_032214,31,481,479,5828,6136,fol_31_00312,5982,1,1.7557067970676723
peak_032229,31,501,498,6042,6367,fol_31_00327,6205,1,1.9463440225848776
peak_032231,31,503,501,6054,6388,fol_31_00329,6221,1,2.774426745933371
peak_032236,31,509,507,6093,6406,fol_31_00334,6250,1,1.7474442203899645
peak_032246,31,519,516,6184,6510,fol_31_00344,6347,1,1.7172753363715691
peak_032261,31,533,528,6271,6643,fol_31_00359,6457,1,2.031283699083158
peak_032262,31,534,531,6278,6618,fol_31_00360,6448,1,3.0817307859100285
peak_032264,31,536,534,6308,6629,fol_31_00362,6469,1,1.8388628642487932
peak_032290,31,575,573,6913,7183,fol_31_00388,7048,1,1.7731508697020666
peak_032294,31,582,581,6984,7318,fol_31_00392,7151,1,1.7823273521568137
peak_032299,31,591,588,7154,7356,fol_31_00397,7255,1,2.783267813505252
peak_032305,31,607,606,7417,7695,fol_31_00403,7556,1,5.5204940848972175
peak_032308,31,611,610,7473,7790,fol_31_00406,7632,1,2.211868560441456
peak_032311,31,619,616,7643,7838,fol_31_00409,7741,1,1.7622319795643573
peak_032313,31,624,622,7622,7809,fol_31_00411,7716,1,1.9103632564873307
peak_032317,31,628,625,7647,7941,fol_31_00415,7794,1,3.059957681146535
peak_032336,31,656,655,7983,8284,fol_31_00434,8134,1,1.710411429630967
peak_032343,31,667,666,8266,8443,fol_31_00441,8355,1,3.177104511061287
peak_032349,31,676,672,8355,8704,fol_31_00447,8530,1,2.203975791752442
peak_032351,31,678,676,8374,8621,fol_31_00449,8498,1,2.6881087667597865
peak_032384,31,726,724,9003,9378,fol_31_00482,9191,1,3.744685716983606
peak_032385,31,728,726,9022,9405,fol_31_00483,9214,1,3.372536642940408
peak_032386,31,729,727,9024,9175,fol_31_00484,9100,1,4.664503333649606
peak_032387,31,729,728,9176,9418,fol_31_00485,9297,1,4.6517524282393765
peak_032389,31,730,729,9176,9433,fol_31_00487,9305,1,2.4371400929745763
peak_032390,31,733,730,9050,9451,fol_31_00488,9251,1,2.126538978025408
peak_032404,31,752,750,9247,9591,fol_31_00502,9419,1,2.051577641984165
peak_032409,31,756,754,9288,9654,fol_31_00507,9471,1,4.4484908291119405
peak_032415,31,764,761,9360,9715,fol_31_00513,9538,1,1.7477357357090186
peak_032416,31,767,764,9378,9745,fol_31_00514,9562,1,4.37430773545361
peak_032429,31,786,784,9600,9958,fol_31_00527,9779,1,2.167401486456751
peak_032430,31,787,777,9602,9898,fol_31_00528,9750,1,2.5838343165291837
peak_032442,31,803,799,9751,10084,fol_31_00540,9918,1,2.4676220918893965
peak_032460,31,822,819,9978,10109,fol_31_00558,10044,1,2.192156081540499
peak_032461,31,822,823,10110,10277,fol_31_00559,10194,1,2.023125899859694
peak_032464,31,826,824,10010,10299,fol_31_00562,10155,1,1.752294454801458
peak_032468,31,831,830,10170,10371,fol_31_00566,10271,1,1.7573429335415844
peak_032525,31,922,916,11378,11599,fol_31_00623,11489,1,2.084895479225225
peak_032531,31,929,928,11498,11768,fol_31_00629,11633,1,1.9571557793241725
peak_032533,31,933,930,11677,11888,fol_31_00631,11783,1,2.4327656696132163
peak_032534,31,936,934,11592,11827,fol_31_00632,11710,1,1.7360686357130235
peak_032544,31,952,948,11827,12005,fol_31_00642,11916,1,2.4964444370728405
peak_032550,31,968,965,12022,12327,fol_31_00648,12175,1,2.09051241172701
peak_032560,31,987,982,12260,12653,fol_31_00658,12457,1,1.7866324167292431
peak_032571,31,999,996,12424,12795,fol_31_00669,12610,1,2.325474660766795
peak_032576,31,1006,999,12485,12808,fol_31_00674,12647,1,2.6153688993172115
peak_032580,31,1011,1005,12610,12800,fol_31_00678,12705,1,2.412850179352063
peak_032596,31,1029,1025,12707,12981,fol_31_00694,12844,1,1.8696824323409131
peak_032611,31,1051,1049,12953,13234,fol_31_00709,13094,1,1.9502442342565105
peak_032642,31,1090,1086,13411,13595,fol_31_00740,13503,1,2.096066121287753
peak_032653,31,1107,1105,13517,13824,fol_31_00751,13671,1,1.8666149384097623
peak_032659,31,1119,1117,13677,13989,fol_31_00757,13833,1,1.7955754680669291
peak_032666,31,1130,1128,13840,14092,fol_31_00764,13966,1,5.531676069859343
peak_032670,31,1139,1136,13994,14128,fol_31_00768,14061,1,2.6083735548376845
peak_032683,31,1153,1154,14310,14460,fol_31_00781,14385,1,1.7103707134309518
peak_032691,31,1162,1160,14261,14532,fol_31_00789,14397,1,3.271943243969543
peak_032696,31,1173,1171,14392,14783,fol_31_00794,14588,1,2.6418631881950585
peak_032712,31,1192,1191,14553,14930,fol_31_00810,14742,1,3.145623391107286
peak_032733,31,1222,1220,14873,15242,fol_31_00831,15058,1,1.917929061479815
peak_032740,31,1230,1226,14930,15171,fol_31_00838,15051,1,4.899523251608956
peak_032741,31,1231,1227,14931,15299,fol_31_00839,15115,1,1.7576017320164388
peak_032742,31,1233,1231,14948,15316,fol_31_00840,15132,1,3.8933281427695374
peak_032745,31,1238,1235,14990,15350,fol_31_00843,15170,1,1.9642158140587396
peak_032747,31,1241,1238,15031,15370,fol_31_00845,15201,1,2.5125375118757005
peak_032751,31,1246,1240,15036,15302,fol_31_00849,15169,1,1.858975681545518
peak_032752,31,1247,1241,15059,15385,fol_31_00850,15222,1,2.2045511026793627
peak_032761,31,1257,1256,15189,15528,fol_31_00859,15359,1,5.982351361524906
peak_032765,31,1261,1258,15268,15507,fol_31_00863,15388,1,1.991404836669182
peak_032778,31,1276,1277,15702,15832,fol_31_00876,15767,1,1.8425458312626155
peak_032798,31,1309,1305,15963,16284,fol_31_00896,16124,1,1.9617842565553256
peak_032810,31,1326,1323,16183,16363,fol_31_00908,16273,1,1.7133287182966728
peak_032817,31,1338,1334,16275,16656,fol_31_00915,16466,1,3.142109084273065
peak_032827,31,1349,1348,16407,16566,fol_31_00925,16487,1,1.8770376038345025
peak_032829,31,1350,1344,16408,16594,fol_31_00927,16501,1,1.9080149416438137
peak_032830,31,1350,1352,16595,16806,fol_31_00928,16701,1,1.8021622850961525
peak_032836,31,1356,1354,16596,16834,fol_31_00934,16715,1,4.282505436384916
peak_032841,31,1362,1359,16559,16733,fol_31_00939,16646,1,3.610774380615962
peak_032849,31,1372,1371,16706,16859,fol_31_00947,16783,1,4.739119905057015
peak_032853,31,1374,1371,16860,16993,fol_31_00951,16927,1,1.805802407715256
peak_032854,31,1376,1374,16745,16993,fol_31_00952,16869,1,2.875567848892178
peak_032864,31,1396,1395,17189,17433,fol_31_00962,17311,1,2.806958695494436
peak_032885,31,1427,1426,17586,17728,fol_31_00983,17657,1,2.076110484524476
peak_032886,31,1428,1427,17601,17889,fol_31_00984,17745,1,1.7398553399540475
peak_032898,31,1454,1453,17950,18204,fol_31_00996,18077,1,2.156952950958245
peak_032929,31,1498,1497,18334,18606,fol_31_01027,18470,1,1.8235623602168036
peak_032937,31,1508,1505,18459,18783,fol_31_01035,18621,1,2.077092560927854
peak_032946,31,1518,1517,18612,18900,fol_31_01044,18756,1,1.8584320316015608
peak_032949,31,1522,1520,18657,18838,fol_31_01047,18748,1,4.043835487661588
peak_032990,31,1574,1573,19299,19556,fol_31_01088,19428,1,1.8747944471873144
peak_032998,31,1592,1588,19542,19883,fol_31_01096,19713,1,2.135648956458017
peak_032999,31,1593,1590,19550,19862,fol_31_01097,19706,1,2.418426080120275
peak_033009,31,1608,1607,19767,20068,fol_31_01107,19918,1,1.87295818590008
peak_033036,31,1647,1645,20305,20515,fol_31_01134,20410,1,2.181838862653868
peak_033044,31,1655,1654,20360,20499,fol_31_01142,20430,1,2.732042578728977
peak_033072,31,1709,1707,21074,21346,fol_31_01170,21210,1,1.763588399090464
peak_033074,31,1711,1709,21095,21364,fol_31_01172,21230,1,2.1009528098988417
peak_033084,31,1731,1728,21381,21823,fol_31_01182,21602,1,1.9526221380670288
peak_033105,31,1766,1763,21691,22089,fol_31_01203,21890,1,2.122817018747916
peak_033107,31,1770,1768,21743,22140,fol_31_01205,21942,1,1.9519045221634852
peak_033108,31,1772,1770,21766,22169,fol_31_01206,21968,1,1.7534340276663667
peak_033114,31,1779,1776,21844,22247,fol_31_01212,22046,1,2.2571667845754897
peak_033116,31,1781,1779,21867,22264,fol_31_01214,22066,1,1.988672332274354
peak_033117,31,1783,1781,21890,22280,fol_31_01215,22085,1,3.100209706464386
peak_033122,31,1792,1789,22011,22383,fol_31_01220,22197,1,1.7495120660222545
peak_033124,31,1796,1792,22034,22402,fol_31_01222,22218,1,2.6763568344938062
peak_033153,31,1839,1838,22609,22989,fol_31_01251,22799,1,1.83857843186258
peak_033158,31,1848,1846,22721,23115,fol_31_01256,22918,1,1.8940150459801868
peak_033159,31,1850,1848,22738,23138,fol_31_01257,22938,1,2.120515367000719
peak_033163,31,1856,1855,22852,23258,fol_31_01261,23055,1,3.074929367090308
peak_033164,31,1859,1856,22861,23271,fol_31_01262,23066,1,2.708188024954252
peak_033168,31,1863,1862,22913,23308,fol_31_01266,23111,1,1.955423856049846
peak_033171,31,1867,1863,22928,23327,fol_31_01269,23128,1,2.035264247653399
peak_033179,31,1881,1879,23135,23498,fol_31_01277,23317,1,2.0506492575071267
peak_033186,31,1892,1890,23284,23703,fol_31_01284,23494,1,2.2759152136075484
peak_033188,31,1896,1894,23351,23686,fol_31_01286,23519,1,2.9218560985645925
peak_033198,31,1908,1903,23449,23798,fol_31_01296,23624,1,2.260801265642695
peak_033206,31,1919,1916,23633,23963,fol_31_01304,23798,1,1.70942449182266
peak_033217,31,1942,1941,23921,24090,fol_31_01315,24006,1,1.9253482324031952
peak_033228,31,1956,1953,24057,24400,fol_31_01326,24229,1,2.8059050729119592
peak_033238,31,1972,1967,24196,24480,fol_31_01336,24338,1,1.7996529442467255
peak_033240,31,1974,1973,24213,24537,fol_31_01338,24375,1,2.0875491749876924
peak_033244,31,1981,1977,24284,24489,fol_31_01342,24387,1,2.6695691905238
peak_033256,31,2001,1999,24551,24868,fol_31_01354,24710,1,3.0002307680084552
peak_033257,31,2003,2000,24563,24934,fol_31_01355,24749,1,2.2417381787288595
peak_033260,31,2011,2009,24641,24791,fol_31_01358,24716,1,5.831797891737902
peak_033267,31,2021,2017,24916,25051,fol_31_01365,24984,1,2.023570601955041
peak_033281,31,2038,2034,24902,25290,fol_31_01379,25096,1,2.315971549772081
peak_033285,31,2042,2038,24929,25072,fol_31_01383,25001,1,1.8900473918710743
peak_033290,31,2046,2045,25124,25263,fol_31_01388,25194,1,2.710391986086542
peak_033291,31,2047,2046,24994,25123,fol_31_01389,25059,1,3.741900812108842
peak_033312,31,2079,2077,25469,25741,fol_31_01410,25605,1,1.9339750390511696
peak_033315,31,2084,2083,25509,25833,fol_31_01413,25671,1,3.5009915076386173
peak_033316,31,2085,2080,25514,25878,fol_31_01414,25696,1,1.9266741012991624
peak_033335,31,2118,2115,25992,26317,fol_31_01433,26155,1,2.164302873673976
peak_033338,31,2123,2121,26068,26359,fol_31_01436,26214,1,2.7989770494046944
peak_033341,31,2129,2125,26135,26432,fol_31_01439,26284,1,1.7840414074255952
peak_033359,31,2163,2159,26726,27017,fol_31_01457,26872,1,2.773926440121368
peak_033392,31,2207,2204,27102,27402,fol_31_01490,27252,1,2.392592242108083
peak_033403,31,2219,2217,27209,27601,fol_31_01501,27405,1,1.875295158016482
peak_033409,31,2226,2222,27252,27598,fol_31_01507,27425,1,1.86982828213752
peak_033415,31,2233,2227,27289,27696,fol_31_01513,27493,1,2.8350187037511545
peak_033422,31,2244,2242,27459,27755,fol_31_01520,27607,1,2.5980061410615045
peak_033445,32,55,53,697,896,fol_32_00020,797,1,2.307664393875871
peak_033460,32,75,72,911,1236,fol_32_00035,1074,1,2.00417272299576
peak_033463,32,79,77,961,1134,fol_32_00038,1048,1,1.9899942783558675
peak_033466,32,82,81,1065,1303,fol_32_00041,1184,1,2.567150022627485
peak_033479,32,102,100,1295,1592,fol_32_00054,1444,1,2.486109308451271
peak_033493,32,117,116,1454,1584,fol_32_00068,1519,1,3.185910214961868
peak_033508,32,141,138,1794,2048,fol_32_00083,1921,1,2.083254648423665
peak_033509,32,143,141,1811,2119,fol_32_00084,1965,1,2.4551136975434136
peak_033515,32,154,146,2024,2224,fol_32_00090,2124,1,2.742263162141789
peak_033527,32,169,167,2134,2443,fol_32_00102,2289,1,1.772830050629031
peak_033530,32,173,170,2164,2502,fol_32_00105,2333,1,2.0647333476357668
peak_033535,32,181,178,2301,2593,fol_32_00110,2447,1,2.4780072982987447
peak_033540,32,192,190,2487,2787,fol_32_00115,2637,1,2.101133366421209
peak_033544,32,196,194,2525,2846,fol_32_00119,2686,1,2.5220281523677004
peak_033547,32,200,193,2559,2863,fol_32_00122,2711,1,1.9783559078158923
peak_033555,32,211,209,2696,2982,fol_32_00130,2839,1,1.896180034803043
peak_033567,32,228,223,2891,3209,fol_32_00142,3050,1,1.9972811555035124
peak_033623,32,312,311,4326,4650,fol_32_00198,4488,1,2.3928769491824164
peak_033648,32,354,345,4695,4979,fol_32_00223,4837,1,1.8231321516904189
peak_033650,32,357,348,4718,5022,fol_32_00225,4870,1,3.495522555737536
peak_033660,32,369,365,4854,5220,fol_32_00235,5037,1,2.110873535454105
peak_033662,32,372,369,4876,5236,fol_32_00237,5056,1,2.5972939045057584
peak_033665,32,376,368,4919,5201,fol_32_00240,5060,1,1.98079992779542
peak_033669,32,381,379,4973,5308,fol_32_00244,5141,1,1.838343243969325
peak_033687,32,407,405,5392,5684,fol_32_00262,5538,1,1.7180671607176266
peak_033689,32,409,408,5508,5694,fol_32_00264,5601,1,2.058405102059629
peak_033738,32,481,477,6311,6574,fol_32_00313,6443,1,1.735010950352594
peak_033756,32,512,505,6711,7067,fol_32_00331,6889,1,2.498256740700576
peak_033767,32,523,520,6837,7130,fol_32_00342,6984,1,3.255072281958219
peak_033774,32,532,529,6978,7367,fol_32_00349,7173,1,1.8790148879816049
peak_033792,32,558,556,7338,7626,fol_32_00367,7482,1,1.7448248973072529
peak_033800,32,569,564,7471,7767,fol_32_00375,7619,1,1.930253360307545
peak_033836,32,622,619,8266,8535,fol_32_00411,8401,1,2.944442627540476
peak_033837,32,623,624,8394,8539,fol_32_00412,8467,1,1.8536896090381887
peak_033852,32,651,650,8649,8985,fol_32_00427,8817,1,3.111478593098482
peak_033880,32,700,698,9443,9665,fol_32_00455,9554,1,2.1242467506966336
peak_033888,32,714,713,9588,9845,fol_32_00463,9717,1,1.9951784729202544
peak_033896,32,725,724,9723,10017,fol_32_00471,9870,1,2.2772812501957387
peak_033909,32,749,748,10201,10386,fol_32_00484,10294,1,2.3506624682298343
peak_033914,32,759,757,10344,10513,fol_32_00489,10429,1,3.081106328398917
peak_033917,32,763,761,10540,10707,fol_32_00492,10624,1,2.1300386281864374
peak_033928,32,781,776,10575,10730,fol_32_00503,10653,1,2.4633637229693752
peak_033929,32,782,778,10577,10957,fol_32_00504,10767,1,2.9514776351335628
peak_033932,32,785,782,10621,10861,fol_32_00507,10741,1,5.1957910863379055
peak_033934,32,787,784,10628,10854,fol_32_00509,10741,1,2.1864780950318283
peak_033946,32,814,812,11095,11340,fol_32_00521,11218,1,3.4369931696243534
peak_033956,32,830,829,11400,11569,fol_32_00531,11485,1,2.5693139289203777
peak_033962,32,837,839,11686,11818,fol_32_00537,11752,1,1.7087733041271431
peak_033998,32,900,897,12467,12833,fol_32_00573,12650,1,2.4600062132212077
peak_034005,32,911,910,12574,12864,fol_32_00580,12719,1,1.9650092556265333
peak_034025,32,943,940,13068,13343,fol_32_00600,13206,1,2.435300140243037
peak_034032,32,964,962,13461,13601,fol_32_00607,13531,1,2.7242580595724104
peak_034038,32,977,975,13570,13870,fol_32_00613,13720,1,2.548647308663768
peak_034071,32,1031,1028,14518,14813,fol_32_00646,14666,1,1.8996878899239455
peak_034072,32,1034,1031,14536,14789,fol_32_00647,14663,1,2.344070250727156
peak_034081,32,1048,1040,14652,14925,fol_32_00656,14789,1,1.789415256882108
peak_034108,32,1094,1091,15255,15562,fol_32_00683,15409,1,2.9378154797767286
peak_034111,32,1100,1097,15310,15615,fol_32_00686,15463,1,1.767731345020722
peak_034115,32,1110,1108,15393,15623,fol_32_00690,15508,1,2.494529605837304
peak_034116,32,1110,1105,15624,15762,fol_32_00691,15693,1,1.919983483134307
peak_034122,32,1118,1117,15478,15851,fol_32_00697,15665,1,1.889033985398352
peak_034128,32,1132,1131,15624,15969,fol_32_00703,15797,1,4.308236428887945
peak_034129,32,1133,1132,15641,15985,fol_32_00704,15813,1,2.194300236102176
peak_034131,32,1136,1133,15664,16013,fol_32_00706,15839,1,1.7417741977559884
peak_034137,32,1143,1141,15749,16124,fol_32_00712,15937,1,1.881874888623423
peak_034147,32,1158,1157,15973,16272,fol_32_00722,16123,1,2.271355909624052
peak_034158,32,1172,1167,16121,16426,fol_32_00733,16274,1,2.0436470061793104
peak_034190,32,1228,1220,16946,17184,fol_32_00765,17065,1,2.7084496295248863
peak_034191,32,1232,1230,16974,17236,fol_32_00766,17105,1,2.2188449789631783
peak_034222,32,1285,1283,17986,18222,fol_32_00797,18104,1,5.135991906682558
peak_034225,32,1289,1278,17988,18203,fol_32_00800,18096,1,1.8327738040364383
peak_034231,32,1295,1292,18116,18312,fol_32_00806,18214,1,3.4637376473756007
peak_034240,32,1305,1304,18300,18492,fol_32_00815,18396,1,1.8661487900832003
peak_034250,32,1319,1317,18350,18658,fol_32_00825,18504,1,2.380751675043911
peak_034260,32,1335,1334,18517,18837,fol_32_00835,18677,1,1.7578137266753404
peak_034263,32,1340,1339,18559,18846,fol_32_00838,18703,1,2.268550003639718
peak_034269,32,1350,1343,18671,18904,fol_32_00844,18788,1,2.608939727037378
peak_034292,32,1383,1384,19067,19317,fol_32_00867,19192,1,2.467364057814841
peak_034303,32,1400,1396,19189,19433,fol_32_00878,19311,1,2.6891041655567105
peak_034311,33,20,14,2,331,fol_33_00005,167,1,1.7860969459648155
peak_034321,33,38,36,185,481,fol_33_00015,333,1,1.9752613271681927
peak_034322,33,39,38,206,498,fol_33_00016,352,1,2.2050915218600906
peak_034330,33,51,52,496,681,fol_33_00024,589,1,2.831587870258856
peak_034337,33,62,61,507,798,fol_33_00031,653,1,1.7218244958724496
peak_034341,33,69,65,560,857,fol_33_00035,709,1,2.489843880584255
peak_034342,33,70,66,571,869,fol_33_00036,720,1,3.0162816719760266
peak_034368,33,117,114,1140,1438,fol_33_00062,1289,1,2.258051874783442
peak_034372,33,126,125,1269,1577,fol_33_00066,1423,1,1.972262068729841
peak_034373,33,128,126,1286,1594,fol_33_00067,1440,1,1.782471672975202
peak_034375,33,132,131,1342,1686,fol_33_00069,1514,1,2.478120541693472
peak_034384,33,146,144,1514,1836,fol_33_00078,1675,1,3.569424194054285
peak_034387,33,152,150,1580,1880,fol_33_00081,1730,1,1.7955768664431495
peak_034398,33,167,165,1737,2018,fol_33_00092,1878,1,1.9044071142834025
peak_034405,33,177,174,1813,2194,fol_33_00099,2004,1,3.9031939918596015
peak_034415,33,192,190,1938,2295,fol_33_00109,2117,1,2.587097650907511
peak_034419,33,196,195,1977,2338,fol_33_00113,2158,1,2.236749645871375
peak_034424,33,203,201,2065,2433,fol_33_00118,2249,1,2.206679422907191
peak_034427,33,206,203,2094,2455,fol_33_00121,2275,1,1.7529087341741192
peak_034441,33,222,219,2246,2627,fol_33_00135,2437,1,1.9021568090768288
peak_034446,33,229,226,2367,2669,fol_33_00140,2518,1,6.29786100894408
peak_034455,33,241,235,2446,2758,fol_33_00149,2602,1,1.9154414957995969
peak_034476,33,273,270,2807,3114,fol_33_00170,2961,1,1.7997521445293496
peak_034477,33,274,272,2828,3063,fol_33_00171,2946,1,1.7994326986981148
peak_034494,33,300,299,3257,3437,fol_33_00188,3347,1,1.7263554173521696
peak_034507,33,327,325,3527,3837,fol_33_00201,3682,1,2.1594719807793004
peak_034529,33,360,357,4039,4235,fol_33_00223,4137,1,1.841487392548296
peak_034533,33,372,370,4106,4404,fol_33_00227,4255,1,5.109399311747856
peak_034543,33,384,379,4245,4372,fol_33_00237,4309,1,1.7920402626412992
peak_034553,33,397,392,4430,4656,fol_33_00247,4543,1,1.840005433480564
peak_034556,33,399,400,4593,4766,fol_33_00250,4680,1,2.2840487830079166
peak_034567,33,412,411,4582,4828,fol_33_00261,4705,1,4.789819153213612
peak_034569,33,414,413,4551,4880,fol_33_00263,4716,1,2.2104364536369645
peak_034574,33,419,417,4609,4884,fol_33_00268,4747,1,4.245956111298107
peak_034576,33,421,419,4624,4893,fol_33_00270,4759,1,1.8409482836357929
peak_034591,33,447,444,4938,5188,fol_33_00285,5063,1,2.724722564028834
peak_034597,33,459,457,5076,5387,fol_33_00291,5232,1,4.394535425954167
peak_034600,33,462,461,5111,5417,fol_33_00294,5264,1,1.9677440061520597
peak_034609,33,476,473,5299,5472,fol_33_00303,5386,1,1.9282791078444064
peak_034660,33,567,565,6775,7049,fol_33_00354,6912,1,1.8916952502875324
peak_034663,33,572,571,6838,7091,fol_33_00357,6965,1,4.880974265410917
peak_034720,33,667,665,8097,8479,fol_33_00414,8288,1,2.1661483888272297
peak_034726,33,674,671,8167,8514,fol_33_00420,8341,1,1.7470403559592846
peak_034727,33,675,674,8184,8534,fol_33_00421,8359,1,3.011788368627528
peak_034728,33,676,673,8185,8581,fol_33_00422,8383,1,1.8221942088463103
peak_034733,33,682,679,8235,8585,fol_33_00427,8410,1,2.387468808854649
peak_034735,33,684,682,8257,8602,fol_33_00429,8430,1,3.3896788679896823
peak_034740,33,692,689,8356,8695,fol_33_00434,8526,1,1.9614573218334843
peak_034747,33,705,703,8571,8862,fol_33_00441,8717,1,2.390849803748285
peak_034748,33,706,700,8572,8859,fol_33_00442,8716,1,2.397829818022616
peak_034758,33,716,713,8849,8980,fol_33_00452,8915,1,1.8644515568272777
peak_034761,33,721,719,8760,9070,fol_33_00455,8915,1,3.6093573898352527
peak_034764,33,723,722,8945,9133,fol_33_00458,9039,1,1.7305103303888922
peak_034773,33,734,732,8961,9235,fol_33_00467,9098,1,1.994512381221013
peak_034778,33,741,740,8939,9238,fol_33_00472,9089,1,2.848700084858768
peak_034781,33,744,739,8967,9304,fol_33_00475,9136,1,2.5294047327135565
peak_034803,33,772,771,9343,9625,fol_33_00497,9484,1,2.475095843011766
peak_034809,33,781,777,9439,9699,fol_33_00503,9569,1,2.5190483882893315
peak_034812,33,789,786,9512,9817,fol_33_00506,9665,1,1.8389564606414848
peak_034826,33,812,810,9753,10008,fol_33_00520,9881,1,2.1047779743267667
peak_034843,33,835,834,10050,10317,fol_33_00537,10184,1,1.7553890131867176
peak_034856,33,851,849,10376,10677,fol_33_00550,10527,1,1.7832196357555616
peak_034857,33,852,846,10381,10591,fol_33_00551,10486,1,1.9455929368691869
peak_034877,33,887,883,10837,11141,fol_33_00571,10989,1,1.80766806587814
peak_034881,33,892,890,10875,11171,fol_33_00575,11023,1,2.047212497784749
peak_034882,33,893,889,10877,11243,fol_33_00576,11060,1,2.5995410494021627
peak_034887,33,907,903,11034,11412,fol_33_00581,11223,1,1.8066120269440649
peak_034888,33,908,907,11048,11431,fol_33_00582,11240,1,1.9789615591154213
peak_034890,33,911,908,11067,11449,fol_33_00584,11258,1,1.974790694934259
peak_034893,33,917,915,11122,11495,fol_33_00587,11309,1,2.5775766162932063
peak_034896,33,923,920,11173,11562,fol_33_00590,11368,1,1.7411589296600272
peak_034938,33,993,989,12034,12324,fol_33_00632,12179,1,2.8461850290250235
peak_034942,33,1000,999,12162,12493,fol_33_00636,12328,1,2.1637189526409943
peak_034943,33,1003,991,12168,12417,fol_33_00637,12293,1,1.856185400465056
peak_034953,33,1017,1016,12339,12678,fol_33_00647,12509,1,2.3799064574247883
peak_034959,33,1029,1027,12486,12816,fol_33_00653,12651,1,1.982151734699352
peak_034961,33,1030,1029,12677,12835,fol_33_00655,12756,1,1.73339905754184
peak_034967,33,1035,1033,12543,12888,fol_33_00661,12716,1,2.3004705999388952
peak_034971,33,1040,1038,12603,12974,fol_33_00665,12789,1,1.711758875162738
peak_034972,33,1041,1040,12615,12997,fol_33_00666,12806,1,4.042381741675059
peak_034983,33,1055,1047,12836,13054,fol_33_00677,12945,1,4.100468725598309
peak_034986,33,1060,1055,12760,13065,fol_33_00680,12913,1,2.1563249622807787
peak_034987,33,1061,1058,12770,13098,fol_33_00681,12934,1,1.98955953360271
peak_035011,33,1099,1094,13320,13526,fol_33_00705,13423,1,2.7384589128358887
peak_035020,33,1116,1114,13601,13915,fol_33_00714,13758,1,2.133756302517811
peak_035025,33,1122,1119,13637,13960,fol_33_00719,13799,1,3.005603700156845
peak_035029,33,1127,1123,13688,14011,fol_33_00723,13850,1,1.747668021761612
peak_035039,33,1143,1134,13818,14040,fol_33_00733,13929,1,1.959937796056708
peak_035044,33,1152,1149,13910,14242,fol_33_00738,14076,1,2.4372003911752924
peak_035046,33,1154,1153,13953,14280,fol_33_00740,14117,1,3.179870664628667
peak_035066,33,1187,1185,14332,14662,fol_33_00760,14497,1,2.1240350860594064
peak_035069,33,1190,1187,14352,14663,fol_33_00763,14508,1,1.7641761077552591
peak_035073,33,1194,1188,14373,14579,fol_33_00767,14476,1,6.305794279069911
peak_035111,33,1244,1243,15106,15426,fol_33_00805,15266,1,2.0745179434147936
peak_035112,33,1245,1244,15125,15440,fol_33_00806,15283,1,2.1049667105824894
peak_035120,33,1255,1252,15233,15547,fol_33_00814,15390,1,2.675446091088881
peak_035121,33,1256,1254,15244,15530,fol_33_00815,15387,1,2.446205052403176
peak_035132,33,1279,1277,15604,15897,fol_33_00826,15751,1,1.8355366460728928
peak_035135,33,1282,1281,15646,15937,fol_33_00829,15792,1,2.0077177297406537
peak_035141,33,1293,1290,15759,16117,fol_33_00835,15938,1,2.0911369090778007
peak_035152,33,1311,1310,15967,16238,fol_33_00846,16103,1,3.268977489866093
peak_035173,33,1336,1334,16226,16544,fol_33_00867,16385,1,2.249780644463549
peak_035182,33,1350,1347,16421,16716,fol_33_00876,16569,1,1.7128705559841888
peak_035187,33,1360,1359,16613,16769,fol_33_00881,16691,1,2.718752894326516
peak_035201,33,1381,1380,16945,17323,fol_33_00895,17134,1,1.938923600225364
peak_035208,33,1390,1387,17021,17277,fol_33_00902,17149,1,5.456436375942599
peak_035211,33,1393,1390,17048,17289,fol_33_00905,17169,1,1.7844343893065062
peak_035213,33,1396,1395,17078,17328,fol_33_00907,17203,1,4.544334241805627
peak_035236,33,1436,1435,17690,18014,fol_33_00930,17852,1,3.279279709628426
peak_035245,33,1448,1447,17833,18127,fol_33_00939,17980,1,3.369285116484772
peak_035247,33,1451,1448,17920,18139,fol_33_00941,18030,1,2.653489376345098
peak_035293,33,1527,1524,18676,18928,fol_33_00987,18802,1,3.930367535786607
peak_035299,33,1535,1533,18748,19152,fol_33_00993,18950,1,2.389919326375108
peak_035304,33,1543,1540,18836,19248,fol_33_00998,19042,1,1.8882357518060928
peak_035306,33,1545,1543,18858,19269,fol_33_01000,19064,1,2.025835073105373
peak_035314,33,1553,1556,19000,19397,fol_33_01008,19199,1,1.7912828739400704
peak_035320,33,1561,1558,19067,19229,fol_33_01014,19148,1,2.6851172476437566
peak_035328,33,1569,1566,19156,19526,fol_33_01022,19341,1,1.9958339866646213
peak_035332,33,1573,1571,19245,19514,fol_33_01026,19380,1,2.1427979342065355
peak_035341,33,1588,1586,19471,19767,fol_33_01035,19619,1,1.7057460779815616
peak_035342,33,1589,1585,19480,19786,fol_33_01036,19633,1,1.8616709194992496
peak_035346,33,1594,1590,19524,19825,fol_33_01040,19675,1,1.964474701710333
peak_035348,33,1596,1594,19539,19843,fol_33_01042,19691,1,1.7987328700263934
peak_035350,33,1599,1596,19559,19861,fol_33_01044,19710,1,2.0327400420706176
peak_035361,33,1614,1610,19698,20036,fol_33_01055,19867,1,1.7523296245680915
peak_035379,33,1640,1637,19985,20130,fol_33_01073,20058,1,2.06000437082635
peak_035380,33,1642,1639,19996,20416,fol_33_01074,20206,1,5.413041919593293
peak_035392,33,1659,1658,20226,20526,fol_33_01086,20376,1,4.597521294974892
peak_035407,33,1679,1678,20484,20620,fol_33_01101,20552,1,2.689858775544612
peak_035416,33,1692,1690,20723,20991,fol_33_01110,20857,1,2.291128696685369
peak_035420,33,1702,1699,20821,21102,fol_33_01114,20962,1,3.772490243585359
peak_035421,33,1704,1702,20847,21114,fol_33_01115,20981,1,2.066252981733054
peak_035454,33,1753,1750,21454,21766,fol_33_01148,21610,1,1.724203184848654
peak_035464,33,1781,1779,21757,22147,fol_33_01158,21952,1,1.824548250922371
peak_035466,33,1783,1777,21794,22094,fol_33_01160,21944,1,2.168899424500234
peak_035484,33,1808,1803,22076,22421,fol_33_01178,22249,1,2.708159251079169
peak_035493,33,1820,1817,22252,22532,fol_33_01187,22392,1,2.413173326721325
peak_035507,33,1840,1838,22589,22847,fol_33_01201,22718,1,3.0716645677795227
peak_035514,33,1854,1853,22764,23029,fol_33_01208,22897,1,2.1622438471083862
peak_035519,33,1862,1860,22876,23198,fol_33_01213,23037,1,1.8006149358507884
peak_035530,33,1882,1879,23102,23362,fol_33_01224,23232,1,1.8785331461037744
peak_035536,33,1890,1889,23242,23475,fol_33_01230,23359,1,3.612273185356719
peak_035540,33,1895,1892,23272,23617,fol_33_01234,23445,1,1.7840637013275005
peak_035557,33,1919,1918,23626,23881,fol_33_01251,23754,1,2.7019863949133645
peak_035567,33,1934,1932,23822,24099,fol_33_01261,23961,1,1.9846897804038497
peak_035572,33,1941,1938,23894,24061,fol_33_01266,23978,1,1.9351326231587331
peak_035599,33,1977,1973,24279,24578,fol_33_01293,24429,1,2.013520716270756
peak_035602,33,1981,1976,24311,24622,fol_33_01296,24467,1,2.3614303533855034
peak_035609,33,1991,1988,24430,24812,fol_33_01303,24621,1,2.2496965222855065
peak_035611,33,1994,1990,24449,24756,fol_33_01305,24603,1,2.129958975129089
peak_035638,33,2038,2037,25222,25352,fol_33_01332,25287,1,2.973741654359798
peak_035645,33,2044,2043,25094,25341,fol_33_01339,25218,1,3.3785800439917866
peak_035653,33,2055,2052,25181,25476,fol_33_01347,25329,1,1.725777189111247
peak_035683,33,2104,2102,25821,25969,fol_33_01377,25895,1,2.7328428904135444
peak_035684,33,2104,2100,25970,26180,fol_33_01378,26075,1,1.8524055732152749
peak_035690,33,2114,2108,25891,26201,fol_33_01384,26046,1,2.386380729252574
peak_035695,33,2120,2117,25941,26244,fol_33_01389,26093,1,2.359711317844804
peak_035696,33,2123,2120,25959,26259,fol_33_01390,26109,1,1.771303006330594
peak_035701,33,2129,2126,26042,26330,fol_33_01395,26186,1,2.338912497660904
peak_035704,33,2132,2130,26068,26410,fol_33_01398,26239,1,2.2813762291585995
peak_035707,33,2135,2131,26085,26385,fol_33_01401,26235,1,2.5752514274924136
peak_035708,33,2136,2133,26104,26449,fol_33_01402,26277,1,1.8460458879453605
peak_035717,33,2148,2146,26221,26494,fol_33_01411,26358,1,3.0435036090017937
peak_035726,33,2164,2161,26411,26694,fol_33_01420,26553,1,2.314081482476608
peak_035728,33,2166,2164,26437,26708,fol_33_01422,26573,1,2.3258771081120404
peak_035731,33,2173,2167,26504,26860,fol_33_01425,26682,1,1.9372753529742983
peak_035733,33,2175,2171,26515,26868,fol_33_01427,26692,1,1.7514343828016197
peak_035742,33,2187,2185,26710,26935,fol_33_01436,26823,1,3.4072573958715013
peak_035777,34,21,20,2,278,fol_34_00005,140,1,1.9223225702111817
peak_035778,34,22,11,111,282,fol_34_00006,197,1,2.4973731366650944
peak_035789,34,42,40,219,539,fol_34_00017,379,1,1.8433465190104268
peak_035790,34,43,39,225,416,fol_34_00018,321,1,3.4194975059135344
peak_035799,34,51,47,270,603,fol_34_00027,437,1,1.7494773341684653
peak_035801,34,53,52,293,576,fol_34_00029,435,1,2.9474005078095526
peak_035809,34,65,64,583,866,fol_34_00037,725,1,2.2949437770589043
peak_035845,34,121,120,1376,1653,fol_34_00073,1515,1,3.171483303241745
peak_035852,34,131,132,1612,1803,fol_34_00080,1708,1,2.003949386156438
peak_035858,34,143,138,1564,1888,fol_34_00086,1726,1,1.702969513091657
peak_035860,34,145,142,1589,1885,fol_34_00088,1737,1,2.451027419947708
peak_035863,34,149,148,1629,1938,fol_34_00091,1784,1,3.4985740031647827
peak_035867,34,154,152,1684,2022,fol_34_00095,1853,1,2.9273408517579225
peak_035888,34,183,180,2086,2379,fol_34_00116,2233,1,1.802442455202196
peak_035889,34,185,183,2101,2397,fol_34_00117,2249,1,3.746079612005655
peak_035903,34,202,201,2304,2605,fol_34_00131,2455,1,2.7247247193957733
peak_035911,34,214,212,2429,2727,fol_34_00139,2578,1,2.191922470289448
peak_035918,34,222,219,2524,2810,fol_34_00146,2667,1,1.906474220261402
peak_035924,34,231,227,2603,2915,fol_34_00152,2759,1,2.7342536118822918
peak_035950,34,268,266,3064,3370,fol_34_00178,3217,1,3.19891328414661
peak_035956,34,275,274,3214,3573,fol_34_00184,3394,1,2.6433899329988813
peak_035962,34,284,281,3319,3708,fol_34_00190,3514,1,1.9916990038234037
peak_035963,34,285,283,3328,3528,fol_34_00191,3428,1,2.590075873634852
peak_035971,34,293,291,3436,3673,fol_34_00199,3555,1,1.7109095681169308
peak_035977,34,300,298,3531,3829,fol_34_00205,3680,1,1.8098732175283183
peak_035996,34,328,326,3985,4176,fol_34_00224,4081,1,2.484358600366442
peak_035999,34,331,330,4071,4284,fol_34_00227,4178,1,1.7960605871647144
peak_036026,34,374,373,4707,5024,fol_34_00254,4866,1,1.974642142321294
peak_036029,34,378,375,4753,4952,fol_34_00257,4853,1,2.795969816916202
peak_036046,34,400,398,4935,5282,fol_34_00274,5109,1,1.9611107602459568
peak_036052,34,407,404,4996,5298,fol_34_00280,5147,1,2.63796815114621
peak_036054,34,410,407,5013,5318,fol_34_00282,5166,1,3.469016142749635
peak_036057,34,414,410,5042,5335,fol_34_00285,5189,1,2.023606435811592
peak_036060,34,417,414,5072,5364,fol_34_00288,5218,1,4.192775493794063
peak_036064,34,422,417,5114,5384,fol_34_00292,5249,1,1.7682317960882408
peak_036070,34,433,426,5264,5581,fol_34_00298,5423,1,2.615104263594745
peak_036071,34,434,432,5265,5449,fol_34_00299,5357,1,5.202596251887275
peak_036072,34,434,435,5450,5615,fol_34_00300,5533,1,1.9703070269612344
peak_036073,34,435,433,5285,5599,fol_34_00301,5442,1,2.132274290326368
peak_036080,34,446,442,5452,5764,fol_34_00308,5608,1,2.050604264958859
peak_036093,34,463,465,5907,6041,fol_34_00321,5974,1,1.774059499556844
peak_036097,34,467,465,5755,5906,fol_34_00325,5831,1,3.587478307306044
peak_036107,34,486,484,5937,6255,fol_34_00335,6096,1,3.444444395579286
peak_036111,34,492,489,5991,6227,fol_34_00339,6109,1,1.7556753593778218
peak_036115,34,495,493,6026,6413,fol_34_00343,6220,1,1.762043718194087
peak_036119,34,500,496,6073,6394,fol_34_00347,6234,1,3.002597593977597
peak_036130,34,514,511,6281,6566,fol_34_00358,6424,1,1.7886725853329797
peak_036134,34,520,517,6349,6607,fol_34_00362,6478,1,1.9476509035270253
peak_036170,34,576,574,6984,7159,fol_34_00398,7072,1,2.292065069115873
peak_036180,34,587,583,7068,7374,fol_34_00408,7221,1,3.8292901532770913
peak_036183,34,591,587,7092,7385,fol_34_00411,7239,1,2.277002239829932
peak_036194,34,602,599,7188,7542,fol_34_00422,7365,1,2.005349438186957
peak_036197,34,606,604,7210,7534,fol_34_00425,7372,1,2.2685124367930585
peak_036199,34,609,605,7224,7521,fol_34_00427,7373,1,2.242192214108992
peak_036213,34,629,618,7452,7750,fol_34_00441,7601,1,2.4486851146620774
peak_036216,34,632,630,7482,7835,fol_34_00444,7659,1,2.633532878110496
peak_036220,34,640,636,7563,7858,fol_34_00448,7711,1,3.1624699019254967
peak_036221,34,641,639,7591,7878,fol_34_00449,7735,1,3.581465438340336
peak_036226,34,645,643,7786,7958,fol_34_00454,7872,1,1.965290588463526
peak_036240,34,665,663,7855,8138,fol_34_00468,7997,1,2.383463140899934
peak_036242,34,668,664,7883,8198,fol_34_00470,8041,1,2.0217366210857493
peak_036255,34,694,692,8238,8374,fol_34_00483,8306,1,2.1585658602419384
peak_036274,34,725,721,8580,8907,fol_34_00502,8744,1,2.3226630243024085
peak_036281,34,735,732,8677,9011,fol_34_00509,8844,1,2.9731579243182065
peak_036288,34,744,740,8869,9117,fol_34_00516,8993,1,2.5149188821120725
peak_036311,34,774,771,9080,9421,fol_34_00539,9251,1,1.8421573215237628
peak_036314,34,779,775,9101,9408,fol_34_00542,9255,1,2.294976757585617
peak_036317,34,782,780,9119,9431,fol_34_00545,9275,1,2.4259712074574558
peak_036340,34,809,807,9365,9670,fol_34_00568,9518,1,2.0549678887454084
peak_036347,34,817,814,9492,9692,fol_34_00575,9592,1,2.2226507131589925
peak_036353,34,830,829,9793,10026,fol_34_00581,9910,1,3.95855335961309
peak_036361,34,840,837,9844,10176,fol_34_00589,10010,1,2.9072290509051992
peak_036377,34,862,860,10054,10297,fol_34_00605,10176,1,2.297661268621169
peak_036386,34,878,875,10202,10515,fol_34_00614,10359,1,1.8002166698881314
peak_036391,34,883,879,10254,10570,fol_34_00619,10412,1,1.8592278137213456
peak_036398,34,891,889,10520,10654,fol_34_00626,10587,1,1.9673379374017093
peak_036407,34,906,902,10519,10797,fol_34_00635,10658,1,1.745564670550088
peak_036419,34,935,933,11088,11352,fol_34_00647,11220,1,2.471490472739516
peak_036434,34,957,955,11351,11684,fol_34_00662,11518,1,1.710954474307659
peak_036438,34,964,963,11428,11772,fol_34_00666,11600,1,1.9430437081654697
peak_036441,34,968,964,11449,11790,fol_34_00669,11620,1,2.357670328676698
peak_036447,34,976,973,11640,11961,fol_34_00675,11801,1,2.179440602751554
peak_036449,34,980,978,11683,11868,fol_34_00677,11776,1,2.011410375259196
peak_036450,34,983,980,11725,12016,fol_34_00678,11871,1,1.763060120775108
peak_036452,34,985,984,11801,12035,fol_34_00680,11918,1,1.7505693694754227
peak_036455,34,991,986,11772,12056,fol_34_00683,11914,1,2.326427573062719
peak_036461,34,1003,1001,11899,12172,fol_34_00689,12036,1,2.4384361808702737
peak_036463,34,1007,1004,11920,12256,fol_34_00691,12088,1,1.728879694092365
peak_036476,34,1023,1022,12107,12456,fol_34_00704,12282,1,1.8226467404492268
peak_036483,34,1033,1030,12228,12631,fol_34_00711,12430,1,2.213975447476144
peak_036497,34,1049,1045,12386,12751,fol_34_00725,12569,1,2.6779400029465186
peak_036518,34,1083,1080,12914,13181,fol_34_00746,13048,1,2.1658571209312507
peak_036529,34,1103,1100,13038,13249,fol_34_00757,13144,1,2.943500859881816
peak_036538,34,1115,1111,13138,13584,fol_34_00766,13361,1,2.050565560719418
peak_036551,34,1131,1128,13293,13623,fol_34_00779,13458,1,2.201257146163741
peak_036554,34,1135,1134,13349,13672,fol_34_00782,13511,1,1.714833250424983
peak_036564,34,1149,1146,13529,13752,fol_34_00792,13641,1,2.94543159154376
peak_036566,34,1152,1151,13570,13909,fol_34_00794,13740,1,2.993299155381966
peak_036600,34,1206,1203,14247,14536,fol_34_00828,14392,1,1.810101509983905
peak_036619,34,1232,1228,14609,14905,fol_34_00847,14757,1,2.453215372985573
peak_036644,34,1265,1263,15026,15346,fol_34_00872,15186,1,2.738508538622514
peak_036645,34,1266,1262,15056,15194,fol_34_00873,15125,1,2.143285044441729
peak_036657,34,1284,1282,15325,15670,fol_34_00885,15498,1,1.8933316124618824
peak_036669,34,1299,1296,15473,15750,fol_34_00897,15612,1,2.4370094115341403
peak_036681,34,1314,1312,15629,15959,fol_34_00909,15794,1,1.818535295046976
peak_036685,34,1318,1314,15654,15882,fol_34_00913,15768,1,2.025803865199109
peak_036686,34,1319,1315,15659,16041,fol_34_00914,15850,1,2.729446058143981
peak_036690,34,1324,1317,15680,15959,fol_34_00918,15820,1,1.874795020251961
peak_036691,34,1326,1321,15689,16077,fol_34_00919,15883,1,2.2836067475496
peak_036697,34,1334,1332,15770,16142,fol_34_00925,15956,1,1.8256006212290483
peak_036711,34,1357,1355,16132,16452,fol_34_00939,16292,1,3.1839403202729475
peak_036726,34,1375,1374,16378,16692,fol_34_00954,16535,1,1.857099587178999
peak_036727,34,1377,1375,16396,16638,fol_34_00955,16517,1,1.9404845612777413
peak_036734,34,1391,1388,16523,16929,fol_34_00962,16726,1,2.126477120833697
peak_036738,34,1395,1391,16552,16947,fol_34_00966,16750,1,1.7104575804579252
peak_036752,34,1414,1410,16748,17049,fol_34_00980,16899,1,1.8221570734248684
peak_036774,34,1445,1444,17329,17463,fol_34_01002,17396,1,2.255650277022356
peak_036781,34,1458,1454,17301,17685,fol_34_01009,17493,1,2.29249711535076
peak_036785,34,1464,1462,17377,17712,fol_34_01013,17545,1,2.4864175209528816
peak_036786,34,1466,1464,17396,17725,fol_34_01014,17561,1,1.7503229802470632
peak_036788,34,1470,1468,17449,17831,fol_34_01016,17640,1,2.3595293096105823
peak_036797,34,1481,1480,17655,17908,fol_34_01025,17782,1,5.3749486223639815
peak_036808,34,1496,1493,17799,17946,fol_34_01036,17873,1,1.827108714843886
peak_036818,34,1507,1504,17910,18049,fol_34_01046,17980,1,1.949229291401525
peak_036823,34,1513,1509,17948,18343,fol_34_01051,18146,1,2.1866051955988186
peak_036827,34,1518,1513,17969,18360,fol_34_01055,18165,1,2.2968857221290357
peak_036842,34,1533,1527,18106,18351,fol_34_01070,18229,1,2.7729198003416102
peak_036849,34,1543,1541,18189,18515,fol_34_01077,18352,1,1.7856820715902226
peak_036868,34,1569,1565,18451,18792,fol_34_01096,18622,1,1.7624883546664456
peak_036874,34,1576,1570,18488,18784,fol_34_01102,18636,1,1.8017290774579464
peak_036882,34,1588,1586,18672,18940,fol_34_01110,18806,1,1.9630191143959796
peak_036904,34,1620,1619,19069,19363,fol_34_01132,19216,1,1.728965321165104
peak_036918,34,1645,1643,19432,19854,fol_34_01146,19643,1,2.9770639602032234
peak_036920,34,1648,1646,19471,19646,fol_34_01148,19559,1,2.140530448069327
peak_036928,34,1656,1655,19582,19873,fol_34_01156,19728,1,1.8091961326991155
peak_036951,34,1693,1691,20046,20373,fol_34_01179,20210,1,1.9844886892315663
peak_036959,34,1706,1703,20129,20495,fol_34_01187,20312,1,1.969043720941046
peak_036977,34,1727,1726,20433,20806,fol_34_01205,20620,1,3.7072464945310473
peak_036987,34,1742,1738,20614,20958,fol_34_01215,20786,1,2.7328545560061785
peak_036988,34,1744,1742,20632,20966,fol_34_01216,20799,1,1.9288559676169632
peak_036990,34,1746,1745,20662,20992,fol_34_01218,20827,1,1.92223889920492
peak_037014,35,31,29,203,532,fol_35_00010,368,1,2.069699155335483
peak_037034,35,69,67,718,1002,fol_35_00030,860,1,1.9925364222989903
peak_037036,35,73,69,734,1019,fol_35_00032,877,1,2.343748789203324
peak_037043,35,85,82,857,1208,fol_35_00039,1033,1,2.0452950748348204
peak_037063,35,109,107,1114,1415,fol_35_00059,1265,1,2.207908229952068
peak_037075,35,131,127,1382,1712,fol_35_00071,1547,1,1.9708837897129403
peak_037083,35,143,140,1504,1874,fol_35_00079,1689,1,2.855867206281255
peak_037095,35,163,162,1798,2000,fol_35_00091,1899,1,2.250187143947852
peak_037121,35,202,201,2244,2592,fol_35_00117,2418,1,2.1435143968964505
peak_037122,35,204,200,2249,2553,fol_35_00118,2401,1,2.112895246414139
peak_037123,35,205,204,2264,2566,fol_35_00119,2415,1,2.370664727145643
peak_037140,35,228,226,2506,2793,fol_35_00136,2650,1,2.0553685030723403
peak_037143,35,231,229,2533,2848,fol_35_00139,2691,1,3.1347664402886872
peak_037154,35,246,244,2693,3014,fol_35_00150,2854,1,2.2713530392975336
peak_037169,35,265,263,3063,3375,fol_35_00165,3219,1,1.764748184189311
peak_037174,35,270,268,3097,3307,fol_35_00170,3202,1,2.144137565910124
peak_037176,35,274,273,3136,3394,fol_35_00172,3265,1,2.036396121575585
peak_037197,35,303,299,3456,3727,fol_35_00193,3592,1,2.49877002684832
peak_037210,35,319,317,3690,3958,fol_35_00206,3824,1,2.9043621836279634
peak_037235,35,357,354,4245,4528,fol_35_00231,4387,1,1.9286660684054373
peak_037237,35,361,359,4327,4500,fol_35_00233,4414,1,2.5131879133095585
peak_037251,35,392,391,4905,5068,fol_35_00247,4987,1,2.369476691515884
peak_037254,35,394,392,4905,5084,fol_35_00250,4995,1,2.267769078125255
peak_037259,35,405,404,4934,5071,fol_35_00255,5003,1,2.177572346952076
peak_037260,35,406,405,4947,5229,fol_35_00256,5088,1,4.505354317191021
peak_037266,35,417,416,5167,5412,fol_35_00262,5290,1,2.7129097342250668
peak_037268,35,420,417,5167,5430,fol_35_00264,5299,1,2.0969033699102897
peak_037274,35,429,428,5261,5511,fol_35_00270,5386,1,1.7247427161180062
peak_037368,35,594,590,7653,7851,fol_35_00364,7752,1,2.2812741198446536
peak_037373,35,601,598,7723,8013,fol_35_00369,7868,1,3.0071529505490115
peak_037380,35,610,608,7842,8132,fol_35_00376,7987,1,2.28459916417482
peak_037386,35,621,620,7959,8236,fol_35_00382,8098,1,1.9494570146458767
peak_037400,35,639,637,8178,8356,fol_35_00396,8267,1,4.70269650894737
peak_037405,35,644,643,8382,8574,fol_35_00401,8478,1,3.359240330049208
peak_037426,35,682,681,8885,9206,fol_35_00422,9046,1,2.295860100261975
peak_037434,35,695,692,9042,9333,fol_35_00430,9188,1,3.5441981220366623
peak_037445,35,715,713,9329,9638,fol_35_00441,9484,1,1.8820961051265024
peak_037479,35,767,766,10154,10449,fol_35_00475,10302,1,2.5921090870788004
peak_037490,35,785,784,10491,10752,fol_35_00486,10622,1,2.6602888290339504
peak_037491,35,786,785,10480,10771,fol_35_00487,10626,1,1.8567055553696692
peak_037508,35,819,817,10973,11175,fol_35_00504,11074,1,3.22366971354523
peak_037512,35,826,823,11181,11400,fol_35_00508,11291,1,1.9567494987331893
peak_037523,35,845,843,11348,11641,fol_35_00519,11495,1,1.8258037626784005
peak_037532,35,859,856,11485,11813,fol_35_00528,11649,1,1.8757789051411813
peak_037537,35,867,862,11575,11899,fol_35_00533,11737,1,1.8956500353247965
peak_037546,35,878,877,11701,12002,fol_35_00542,11852,1,2.0356342029560994
peak_037548,35,880,878,11716,12012,fol_35_00544,11864,1,2.010840192335466
peak_037565,35,904,903,12122,12267,fol_35_00561,12195,1,2.3665049635119906
peak_037566,35,905,899,11948,12224,fol_35_00562,12086,1,1.8293789505385167
peak_037568,35,907,906,11996,12282,fol_35_00564,12139,1,2.1339203337673407
peak_037584,35,934,929,12280,12529,fol_35_00580,12405,1,2.0236478504424245
peak_037600,35,958,952,12526,12793,fol_35_00596,12660,1,2.2187041633026405
peak_037602,35,960,957,12531,12666,fol_35_00598,12599,1,1.9539204111638848
peak_037616,35,979,975,12826,13099,fol_35_00612,12963,1,2.2796445732318458
peak_037624,35,990,989,13010,13252,fol_35_00620,13131,1,1.839794171618068
peak_037647,35,1027,1025,13606,13768,fol_35_00643,13687,1,1.9839455845777076
peak_037655,35,1038,1037,13851,14158,fol_35_00651,14005,1,2.277980638234748
peak_037669,35,1060,1058,14071,14396,fol_35_00665,14234,1,2.6002209512578744
peak_037693,35,1093,1088,14478,14645,fol_35_00689,14562,1,2.1002168157354046
peak_037694,35,1094,1090,14485,14797,fol_35_00690,14641,1,1.9779970590954103
peak_037709,35,1122,1118,14865,15054,fol_35_00705,14960,1,2.4655569332124
peak_037713,35,1127,1126,14909,15259,fol_35_00709,15084,1,2.0500958489220915
peak_037714,35,1129,1122,15055,15211,fol_35_00710,15133,1,3.6013504982644564
peak_037765,35,1220,1221,16458,16654,fol_35_00761,16556,1,2.5815890256734453
peak_037773,35,1234,1231,16480,16731,fol_35_00769,16606,1,4.412336817939193
peak_037775,35,1235,1232,16487,16786,fol_35_00771,16637,1,2.1651752635042567
peak_037776,35,1239,1237,16521,16894,fol_35_00772,16708,1,2.830049412571225
peak_037787,35,1252,1251,16731,16981,fol_35_00783,16856,1,2.19232492357246
peak_037805,35,1283,1282,17166,17359,fol_35_00801,17263,1,1.8061695890270464
peak_037806,35,1284,1283,17183,17468,fol_35_00802,17326,1,2.1109321661957305
peak_037807,35,1287,1284,17247,17485,fol_35_00803,17366,1,1.9534784047522704
peak_037822,35,1307,1306,17596,17768,fol_35_00818,17682,1,2.226623196765195
peak_037842,35,1334,1333,17753,18049,fol_35_00838,17901,1,2.075596626241008
peak_037858,35,1365,1362,18474,18793,fol_35_00854,18634,1,2.293248531495981
peak_037865,35,1374,1372,18562,18781,fol_35_00861,18672,1,2.031123220834773
peak_037875,35,1394,1391,18812,19110,fol_35_00871,18961,1,1.741617429423736
peak_037876,35,1396,1394,18833,19141,fol_35_00872,18987,1,1.7253539382080405
peak_037893,35,1428,1427,19324,19513,fol_35_00889,19419,1,1.890861044403423
peak_037897,35,1434,1431,19393,19579,fol_35_00893,19486,1,2.494773287107617
peak_037900,35,1439,1438,19483,19791,fol_35_00896,19637,1,2.3122881212590083
peak_037904,35,1444,1442,19542,19840,fol_35_00900,19691,1,2.0423053034839134
peak_037925,35,1475,1473,19955,20201,fol_35_00921,20078,1,2.4589191384791715
peak_037942,35,1508,1506,20426,20626,fol_35_00938,20526,1,2.163329464921928
peak_037943,35,1509,1505,20503,20754,fol_35_00939,20629,1,1.966333462524712
peak_037956,35,1528,1526,20746,20980,fol_35_00952,20863,1,1.978596620561592
peak_037971,35,1566,1563,21289,21475,fol_35_00967,21382,1,5.647782475354733
peak_037973,35,1568,1566,21305,21590,fol_35_00969,21448,1,1.8175594729692224
peak_037986,35,1590,1585,21472,21669,fol_35_00982,21571,1,1.9584739609800932
peak_037996,35,1601,1597,21583,21771,fol_35_00992,21677,1,1.751596749424983
peak_037999,35,1604,1601,21605,21771,fol_35_00995,21688,1,1.89655569701344
peak_038002,35,1607,1601,21772,21911,fol_35_00998,21842,1,1.7398731573107933
peak_038020,35,1637,1634,22172,22399,fol_35_01016,22286,1,3.94406633119954
peak_038027,35,1646,1645,22282,22567,fol_35_01023,22425,1,2.2458402457331554
peak_038051,35,1707,1706,23339,23627,fol_35_01047,23483,1,2.452345004421705
peak_038060,35,1736,1735,23846,24057,fol_35_01056,23952,1,4.199707936996636
peak_038063,35,1741,1738,23884,24065,fol_35_01059,23975,1,3.1308569398991657
peak_038078,35,1770,1769,24267,24631,fol_35_01074,24449,1,1.8531965122519831
peak_038106,35,1817,1814,24814,25173,fol_35_01102,24994,1,1.7143244371975563
peak_038107,35,1818,1817,24844,25051,fol_35_01103,24948,1,2.4788425192580674
peak_038125,35,1844,1845,25440,25577,fol_35_01121,25509,1,1.8257953146112456
peak_038126,35,1845,1841,25284,25520,fol_35_01122,25402,1,1.948804713642231
peak_038128,35,1848,1843,25286,25538,fol_35_01124,25412,1,1.972896254554939
peak_038133,35,1853,1851,25327,25638,fol_35_01129,25483,1,3.355074086346847
peak_038146,35,1875,1873,25688,25912,fol_35_01142,25800,1,2.1289665263691493
peak_038151,35,1888,1884,25797,26158,fol_35_01147,25978,1,3.825756017548822
peak_038155,35,1900,1898,25926,26303,fol_35_01151,26115,1,1.81472226608447
peak_038160,35,1910,1908,26043,26352,fol_35_01156,26198,1,1.8459776455746024
peak_038173,35,1927,1925,26267,26558,fol_35_01169,26413,1,1.9833334289821916
peak_038175,35,1929,1927,26284,26578,fol_35_01171,26431,1,2.208673396449881
peak_038188,35,1950,1948,26472,26765,fol_35_01184,26619,1,2.009749443260763
peak_038190,35,1953,1949,26485,26774,fol_35_01186,26630,1,2.486245781678129
peak_038228,36,59,56,488,803,fol_36_00024,646,1,3.93379019155645
peak_038233,36,68,66,616,925,fol_36_00029,771,1,2.2541531619524724
peak_038244,36,85,84,736,889,fol_36_00040,813,1,3.27629696339805
peak_038251,36,92,87,812,1134,fol_36_00047,973,1,2.194582372009613
peak_038256,36,98,96,860,1181,fol_36_00052,1021,1,1.833029925802805
peak_038282,36,139,138,1391,1664,fol_36_00078,1528,1,2.0726918437468678
peak_038285,36,143,142,1349,1682,fol_36_00081,1516,1,3.6333160798721233
peak_038286,36,144,139,1391,1689,fol_36_00082,1540,1,1.7594945540807712
peak_038300,36,163,160,1574,1865,fol_36_00096,1720,1,2.9824562258290177
peak_038304,36,169,167,1650,1839,fol_36_00100,1745,1,1.8462357366432067
peak_038308,36,175,174,1713,2142,fol_36_00104,1928,1,1.7417849531429628
peak_038311,36,181,176,1766,2114,fol_36_00107,1940,1,1.8525694157752373
peak_038322,36,200,198,2029,2339,fol_36_00118,2184,1,2.576658391329802
peak_038324,36,202,201,2046,2362,fol_36_00120,2204,1,3.755479117205705
peak_038334,36,219,217,2210,2499,fol_36_00130,2355,1,1.7401482740386574
peak_038336,36,224,221,2234,2527,fol_36_00132,2381,1,3.804638664500875
peak_038345,36,238,235,2358,2665,fol_36_00141,2512,1,2.0200886897802355
peak_038347,36,240,238,2374,2685,fol_36_00143,2530,1,1.7549724112765592
peak_038351,36,245,243,2422,2645,fol_36_00147,2534,1,6.45171829753289
peak_038352,36,245,248,2646,2779,fol_36_00148,2713,1,1.92176633237792
peak_038357,36,249,247,2464,2860,fol_36_00153,2662,1,2.1225136903443933
peak_038370,36,269,267,2701,2863,fol_36_00166,2782,1,1.7258369583717748
peak_038379,36,277,276,2755,3052,fol_36_00175,2904,1,3.895171476535296
peak_038380,36,278,274,2765,3098,fol_36_00176,2932,1,1.7366312649409388
peak_038387,36,287,284,2829,3128,fol_36_00183,2979,1,1.8180271695506796
peak_038388,36,290,287,2857,3148,fol_36_00184,3003,1,3.4708916036376483
peak_038399,36,305,302,2970,3332,fol_36_00195,3151,1,2.037399313034875
peak_038407,36,314,310,3050,3324,fol_36_00203,3187,1,1.9737372273964515
peak_038408,36,316,312,3052,3411,fol_36_00204,3232,1,2.685289591382157
peak_038410,36,319,317,3196,3468,fol_36_00206,3332,1,1.9192952406059167
peak_038413,36,327,325,3213,3569,fol_36_00209,3391,1,2.040150953137186
peak_038415,36,330,327,3230,3595,fol_36_00211,3413,1,4.653614171325392
peak_038419,36,338,336,3338,3712,fol_36_00215,3525,1,1.7549719103673675
peak_038427,36,349,348,3484,3814,fol_36_00223,3649,1,4.077802226630396
peak_038441,36,372,369,3740,3920,fol_36_00237,3830,1,2.1086385854862133
peak_038444,36,375,371,3784,4057,fol_36_00240,3921,1,4.0720291008179
peak_038446,36,377,374,3805,4141,fol_36_00242,3973,1,2.306444387684838
peak_038447,36,378,375,3823,4193,fol_36_00243,4008,1,1.7051332921336664
peak_038452,36,387,384,3938,4276,fol_36_00248,4107,1,3.1737521326093483
peak_038459,36,395,391,4014,4282,fol_36_00255,4148,1,5.055795604434162
peak_038476,36,417,413,4245,4535,fol_36_00272,4390,1,8.117616223403989
peak_038484,36,431,429,4470,4801,fol_36_00280,4636,1,2.4559360970975286
peak_038487,36,435,432,4538,4827,fol_36_00283,4683,1,2.6657743432316403
peak_038492,36,442,436,4622,4793,fol_36_00288,4708,1,2.562512968509193
peak_038503,36,454,450,4714,4963,fol_36_00299,4839,1,2.4970148319806365
peak_038516,36,475,472,4956,5129,fol_36_00312,5043,1,2.73336802250828
peak_038517,36,475,478,5130,5303,fol_36_00313,5217,1,1.7722164036673806
peak_038532,36,495,494,5256,5569,fol_36_00328,5413,1,1.7227807336188656
peak_038533,36,496,495,5269,5587,fol_36_00329,5428,1,2.815958525609954
peak_038545,36,519,516,5574,5964,fol_36_00341,5769,1,2.0814952743143413
peak_038547,36,521,519,5590,5983,fol_36_00343,5787,1,3.0881225618155854
peak_038549,36,523,521,5609,5996,fol_36_00345,5803,1,2.904886367940463
peak_038550,36,524,522,5625,5925,fol_36_00346,5775,1,2.073684920622051
peak_038567,36,543,539,5823,6147,fol_36_00363,5985,1,2.1329059278971947
peak_038569,36,545,543,5846,6163,fol_36_00365,6005,1,1.770924792171753
peak_038616,36,620,618,6838,6977,fol_36_00412,6908,1,2.634825219719742
peak_038645,36,663,657,7355,7537,fol_36_00441,7446,1,1.8425441228025616
peak_038651,36,671,669,7441,7730,fol_36_00447,7586,1,1.7349731530975712
peak_038656,36,680,679,7588,7906,fol_36_00452,7747,1,2.131295922237009
peak_038676,36,714,709,7987,8180,fol_36_00472,8084,1,1.8974538628809736
peak_038693,36,738,736,8274,8580,fol_36_00489,8427,1,1.955545209903889
peak_038707,36,761,758,8483,8827,fol_36_00503,8655,1,2.2287059237867743
peak_038728,36,792,791,8857,9155,fol_36_00524,9006,1,2.238420961872769
peak_038731,36,795,794,9013,9235,fol_36_00527,9124,1,1.850782310469708
peak_038734,36,800,796,8950,9249,fol_36_00530,9100,1,2.485145424690149
peak_038755,36,822,821,9352,9507,fol_36_00551,9430,1,1.7778180458639157
peak_038759,36,827,824,9254,9549,fol_36_00555,9402,1,1.729831890009191
peak_038793,36,891,892,10305,10536,fol_36_00589,10421,1,1.762494862812065
peak_038796,36,894,893,10256,10564,fol_36_00592,10410,1,1.9616976765452645
peak_038805,36,909,908,10463,10697,fol_36_00601,10580,1,1.9164484786226348
peak_038812,36,918,915,10477,10794,fol_36_00608,10636,1,1.9749094626192027
peak_038824,36,937,934,10735,10989,fol_36_00620,10862,1,3.7113121682393992
peak_038839,36,969,966,11199,11404,fol_36_00635,11302,1,1.9004971419296013
peak_038843,36,976,974,11327,11615,fol_36_00639,11471,1,1.8062874976755403
peak_038844,36,979,976,11355,11633,fol_36_00640,11494,1,1.774967705369928
peak_038865,36,1016,1015,11869,12062,fol_36_00661,11966,1,1.7101825901733485
peak_038867,36,1019,1013,11770,12019,fol_36_00663,11895,1,2.318275754318633
peak_038877,36,1031,1029,11920,12209,fol_36_00673,12065,1,1.9184152583493037
peak_038886,36,1045,1037,12086,12334,fol_36_00682,12210,1,2.2384663364703576
peak_038892,36,1052,1049,12138,12439,fol_36_00688,12289,1,2.854227766229126
peak_038895,36,1055,1052,12219,12439,fol_36_00691,12329,1,1.818080628762952
peak_038912,36,1076,1075,12415,12771,fol_36_00708,12593,1,2.0607838106978664
peak_038919,36,1085,1083,12558,12837,fol_36_00715,12698,1,1.824341226259646
peak_038957,36,1142,1136,13437,13707,fol_36_00753,13572,1,2.311649917990287
peak_038975,36,1169,1165,13774,13994,fol_36_00771,13884,1,2.483686112029128
peak_038983,36,1184,1182,14042,14247,fol_36_00779,14145,1,2.728288183641044
peak_038999,36,1211,1208,14283,14597,fol_36_00795,14440,1,1.8969251798357287
peak_039006,36,1221,1213,14433,14696,fol_36_00802,14565,1,2.294407531213267
peak_039034,36,1276,1273,15220,15509,fol_36_00830,15365,1,2.0792628253642444
peak_039041,36,1288,1285,15330,15625,fol_36_00837,15478,1,1.7849949733177108
peak_039047,36,1295,1290,15395,15696,fol_36_00843,15546,1,1.8291409101774163
peak_039060,36,1309,1304,15547,15843,fol_36_00856,15695,1,2.434365222967594
peak_039061,36,1311,1308,15675,15835,fol_36_00857,15755,1,2.569006236748278
peak_039062,36,1313,1312,15609,15739,fol_36_00858,15674,1,3.704178325597856
peak_039067,36,1320,1316,15700,15964,fol_36_00863,15832,1,2.9246956003548243
peak_039068,36,1321,1318,15703,16002,fol_36_00864,15853,1,1.7818097145410772
peak_039070,36,1323,1321,15773,16026,fol_36_00866,15900,1,2.0087247575375677
peak_039076,36,1330,1329,15820,16135,fol_36_00872,15978,1,2.441829316626496
peak_039094,36,1353,1349,16107,16440,fol_36_00890,16274,1,2.2776660167771445
peak_039121,36,1390,1386,16523,16839,fol_36_00917,16681,1,2.7565553443134694
peak_039124,36,1398,1395,16621,16987,fol_36_00920,16804,1,2.0020608313778294
peak_039125,36,1399,1398,16650,16922,fol_36_00921,16786,1,3.452722316607424
peak_039130,36,1406,1404,16693,16918,fol_36_00926,16806,1,2.958746566851568
peak_039147,36,1426,1424,17050,17454,fol_36_00943,17252,1,2.814041717585618
peak_039152,36,1438,1433,17340,17688,fol_36_00948,17514,1,1.9327378465130076
peak_039158,36,1449,1448,17412,17747,fol_36_00954,17580,1,1.8602664005260603
peak_039176,36,1472,1464,17864,18007,fol_36_00972,17936,1,2.806815763955333
peak_039185,36,1489,1488,17921,18224,fol_36_00981,18073,1,2.328383370898361
peak_039202,36,1517,1513,18185,18536,fol_36_00998,18361,1,1.955493416829839
peak_039208,36,1523,1520,18244,18605,fol_36_01004,18425,1,3.0288243608602823
peak_039213,36,1529,1526,18320,18634,fol_36_01009,18477,1,2.7611728653889087
peak_039216,36,1532,1531,18388,18668,fol_36_01012,18528,1,1.933072370479396
peak_039225,36,1547,1544,18533,18840,fol_36_01021,18687,1,1.852751288888872
peak_039227,36,1549,1547,18550,18864,fol_36_01023,18707,1,2.2385466051299714
peak_039228,36,1552,1548,18565,18782,fol_36_01024,18674,1,2.3061310133643045
peak_039237,36,1563,1560,18737,19008,fol_36_01033,18873,1,1.7679348594901636
peak_039257,36,1592,1587,19101,19240,fol_36_01053,19171,1,2.0831075375363044
peak_039268,36,1610,1608,19360,19643,fol_36_01064,19502,1,1.7262480270192504
peak_039274,36,1622,1619,19435,19741,fol_36_01070,19588,1,2.568323658476807
peak_039275,36,1623,1616,19435,19654,fol_36_01071,19545,1,2.5764424251900464
peak_039286,36,1635,1634,19579,19874,fol_36_01082,19727,1,2.85969277152936
peak_039292,36,1644,1640,19661,20004,fol_36_01088,19833,1,3.918035937687249
peak_039299,36,1653,1650,19759,20100,fol_36_01095,19930,1,1.785827085634151
peak_039304,36,1662,1661,19911,20069,fol_36_01100,19990,1,3.439534280641616
peak_039314,36,1684,1682,20173,20546,fol_36_01110,20360,1,1.872015132379803
peak_039317,36,1688,1687,20274,20564,fol_36_01113,20419,1,1.775196050099422
peak_039318,36,1689,1688,20249,20588,fol_36_01114,20419,1,1.7975079719580358
peak_039328,36,1706,1703,20417,20753,fol_36_01124,20585,1,6.052027807307136
peak_039337,36,1716,1714,20544,20743,fol_36_01133,20644,1,4.102570389261145
peak_039343,36,1723,1721,20820,20948,fol_36_01139,20884,1,1.7803430645583738
peak_039344,36,1724,1721,20645,20819,fol_36_01140,20732,1,2.328695237060648
peak_039358,36,1743,1741,20905,21205,fol_36_01154,21055,1,2.580109172580679
peak_039368,36,1760,1761,21236,21417,fol_36_01164,21327,1,1.7081544279868015
peak_039373,36,1766,1763,21174,21519,fol_36_01169,21347,1,1.7693086207048048
peak_039385,36,1783,1782,21433,21725,fol_36_01181,21579,1,2.1609786511563467
peak_039395,36,1796,1795,21550,21837,fol_36_01191,21694,1,1.746456643675038
peak_039397,36,1799,1798,21595,21879,fol_36_01193,21737,1,2.4654345552479286
peak_039404,36,1806,1802,21656,21794,fol_36_01200,21725,1,1.8061560599044064
peak_039410,36,1813,1811,21751,22062,fol_36_01206,21907,1,2.051938092507277
peak_039425,36,1839,1836,22045,22210,fol_36_01221,22128,1,2.219147256397692
peak_039430,36,1851,1848,22162,22518,fol_36_01226,22340,1,1.7959366492364413
peak_039448,36,1883,1880,22517,22827,fol_36_01244,22672,1,5.857970533010668
peak_039464,36,1906,1905,22921,23274,fol_36_01260,23098,1,3.0068068357700057
peak_039474,36,1941,1938,23482,23776,fol_36_01270,23629,1,1.7370319652523896
peak_039478,36,1946,1942,23532,23947,fol_36_01274,23740,1,1.755837696307568
peak_039482,36,1951,1950,23665,23886,fol_36_01278,23776,1,2.1851715134789784
peak_039490,36,1959,1958,23745,24030,fol_36_01286,23888,1,2.8349044567800963
peak_039501,36,1972,1970,23946,24245,fol_36_01297,24096,1,1.744901304644788
peak_039503,36,1976,1975,24135,24375,fol_36_01299,24255,1,1.9500599626221375
peak_039510,36,1990,1988,24304,24559,fol_36_01306,24432,1,1.754270784718675
peak_039522,36,2019,2018,24574,24921,fol_36_01318,24748,1,2.0473508213248395
peak_039523,36,2020,2017,24577,24917,fol_36_01319,24747,1,1.8433919885854009
peak_039538,36,2045,2042,24808,25173,fol_36_01334,24991,1,1.7918721894945693
peak_039544,36,2053,2050,24876,25257,fol_36_01340,25067,1,2.3840689113237548
peak_039545,36,2054,2051,24885,25184,fol_36_01341,25035,1,3.853043247977105
peak_039549,36,2062,2060,24959,25329,fol_36_01345,25144,1,1.8011680309104774
peak_039551,36,2066,2064,24989,25324,fol_36_01347,25157,1,7.370025349400703
peak_039554,36,2070,2066,25011,25297,fol_36_01350,25154,1,2.2705449749978803
peak_039565,36,2090,2087,25245,25503,fol_36_01361,25374,1,3.919133906331316
peak_039569,36,2095,2094,25481,25676,fol_36_01365,25579,1,1.7083642639386285
peak_039573,36,2100,2098,25414,25590,fol_36_01369,25502,1,1.8924220641702187
peak_039582,36,2115,2114,25640,25927,fol_36_01378,25784,1,1.9765037201861024
peak_039584,36,2121,2120,25756,26041,fol_36_01380,25899,1,1.8319907372819697
peak_039603,36,2161,2159,26233,26591,fol_36_01399,26412,1,2.295738476681007
peak_039605,36,2165,2163,26265,26530,fol_36_01401,26398,1,2.669018287942607
peak_039615,36,2177,2176,26405,26746,fol_36_01411,26576,1,1.7860429591594615
peak_039622,36,2189,2186,26512,26859,fol_36_01418,26686,1,1.7558286822360083
peak_039623,36,2190,2187,26517,26804,fol_36_01419,26661,1,2.4516007118859067
peak_039644,36,2220,2215,26851,27253,fol_36_01440,27052,1,2.1081459452423283
peak_039651,36,2228,2226,26983,27272,fol_36_01447,27128,1,2.267182517669451
peak_039655,36,2233,2231,27026,27307,fol_36_01451,27167,1,2.31944470695674
peak_039668,36,2256,2255,27385,27735,fol_36_01464,27560,1,2.951900101254754
peak_039672,36,2264,2261,27470,27728,fol_36_01468,27599,1,2.20190815362533
peak_039677,36,2271,2269,27533,27840,fol_36_01473,27687,1,1.9688062296355768
peak_039678,36,2273,2271,27551,27860,fol_36_01474,27706,1,2.1640563275437663
peak_039684,36,2279,2277,27609,27901,fol_36_01480,27755,1,3.014412664429364
peak_039703,36,2306,2304,27962,28262,fol_36_01499,28112,1,2.252465833817207
peak_039707,36,2312,2310,28042,28251,fol_36_01503,28147,1,2.1013934347193004
peak_039713,36,2322,2319,28189,28432,fol_36_01509,28311,1,1.912721764591811
peak_039735,36,2366,2364,28837,29135,fol_36_01531,28986,1,2.278258786721701
peak_039747,36,2387,2386,29153,29457,fol_36_01543,29305,1,2.601904182110984
peak_039764,36,2412,2408,29465,29653,fol_36_01560,29559,1,2.488351314033168
peak_039765,36,2412,2411,29654,29825,fol_36_01561,29740,1,2.339218852302836
peak_039777,36,2425,2422,29674,29896,fol_36_01573,29785,1,2.1349268913612174
peak_039779,36,2427,2424,29824,30067,fol_36_01575,29946,1,2.389849591974585
peak_039814,36,2474,2471,30145,30597,fol_36_01610,30371,1,1.8951256898876172
peak_039816,36,2476,2474,30163,30625,fol_36_01612,30394,1,1.888410571798502
peak_039822,36,2485,2482,30218,31038,fol_36_01618,30628,1,1.7937051930793586
peak_039830,36,2500,2495,30471,30634,fol_36_01626,30553,1,1.8552689714811104
peak_039855,36,2530,2528,30833,31038,fol_36_01651,30936,1,3.581661327665486
peak_039873,37,43,39,235,473,fol_37_00015,354,1,2.198680094858894
peak_039878,37,50,47,285,574,fol_37_00020,430,1,1.9778617027792176
peak_039879,37,52,50,302,596,fol_37_00021,449,1,2.520563394267509
peak_039881,37,54,52,321,610,fol_37_00023,466,1,1.9697965967725195
peak_039895,37,82,79,730,1032,fol_37_00037,881,1,1.768256074363814
peak_039903,37,91,87,803,1098,fol_37_00045,951,1,2.7588435140829866
peak_039906,37,94,93,848,1169,fol_37_00048,1009,1,2.221099160193454
peak_039911,37,104,102,1082,1283,fol_37_00053,1183,1,9.210999849157714
peak_039912,37,106,105,1099,1283,fol_37_00054,1191,1,2.0419083469583628
peak_039918,37,120,118,1399,1602,fol_37_00060,1501,1,3.367921345595481
peak_039937,37,156,155,1910,2190,fol_37_00079,2050,1,2.026945045936841
peak_039939,37,159,156,1929,2207,fol_37_00081,2068,1,1.968371205149704
peak_039954,37,178,175,2184,2404,fol_37_00096,2294,1,3.301195317146869
peak_039987,37,242,236,3108,3358,fol_37_00129,3233,1,2.891588894656907
peak_039991,37,248,245,3171,3409,fol_37_00133,3290,1,1.707435363357484
peak_040012,37,293,291,3830,4166,fol_37_00154,3998,1,5.635965852353765
peak_040022,37,306,304,3935,4220,fol_37_00164,4078,1,2.468811329522995
peak_040031,37,319,318,4207,4512,fol_37_00173,4360,1,1.9803421004829709
peak_040033,37,324,323,4312,4563,fol_37_00175,4438,1,2.4819723680666748
peak_040034,37,325,324,4347,4584,fol_37_00176,4466,1,2.4697277578519867
peak_040042,37,341,337,4499,4771,fol_37_00184,4635,1,3.357267523660933
peak_040046,37,344,343,4519,4905,fol_37_00188,4712,1,3.327085174842962
peak_040057,37,363,361,4789,4916,fol_37_00199,4853,1,3.0027267248002363
peak_040068,37,376,375,4932,5221,fol_37_00210,5077,1,1.992186865147328
peak_040078,37,390,389,5122,5437,fol_37_00220,5280,1,2.5270126143904044
peak_040130,37,469,468,6279,6411,fol_37_00272,6345,1,3.049181358572454
peak_040153,37,505,502,6720,6850,fol_37_00295,6785,1,3.235986772456718
peak_040173,37,543,542,7409,7700,fol_37_00315,7555,1,1.726619501213289
peak_040176,37,546,543,7425,7724,fol_37_00318,7575,1,1.7518515342141563
peak_040190,37,563,562,7738,7918,fol_37_00332,7828,1,2.116004965348325
peak_040201,37,587,586,7989,8305,fol_37_00343,8147,1,1.8972774815457287
peak_040206,37,598,596,8152,8462,fol_37_00348,8307,1,2.589718691245448
peak_040209,37,601,595,8198,8458,fol_37_00351,8328,1,2.0312810744650607
peak_040227,37,637,635,8845,9171,fol_37_00369,9008,1,2.0389035332882
peak_040253,37,687,685,9434,9741,fol_37_00395,9588,1,1.801671162881587
peak_040254,37,689,687,9456,9760,fol_37_00396,9608,1,1.8563641000123885
peak_040262,37,699,696,9536,9855,fol_37_00404,9696,1,2.389662797867272
peak_040267,37,710,707,9637,9935,fol_37_00409,9786,1,1.9443344624698755
peak_040277,37,726,724,9765,10040,fol_37_00419,9903,1,2.2251840605109408
peak_040286,37,738,732,9858,10169,fol_37_00428,10014,1,1.817154749813742
peak_040288,37,741,739,9877,10199,fol_37_00430,10038,1,2.2637949332124148
peak_040300,37,760,759,10171,10487,fol_37_00442,10329,1,1.825065720334447
peak_040309,37,776,775,10515,10704,fol_37_00451,10610,1,2.910507999616426
peak_040313,37,781,780,10547,10911,fol_37_00455,10729,1,2.44870831804266
peak_040323,37,802,799,10859,11130,fol_37_00465,10995,1,1.8799073584532369
peak_040346,37,841,838,11395,11739,fol_37_00488,11567,1,2.847970677205504
peak_040389,37,910,909,12501,12680,fol_37_00531,12591,1,1.8728105007366116
peak_040399,37,928,927,12709,12854,fol_37_00541,12782,1,5.898866520327612
peak_040410,37,948,947,13025,13305,fol_37_00552,13165,1,1.9431731023938723
peak_040414,37,955,954,13165,13451,fol_37_00556,13308,1,2.386016686099427
peak_040417,37,961,960,13349,13610,fol_37_00559,13480,1,1.8973540154981392
peak_040461,37,1029,1027,14282,14594,fol_37_00603,14438,1,2.953934143932304
peak_040470,37,1043,1042,14533,14841,fol_37_00612,14687,1,2.5572182068762888
peak_040479,37,1059,1057,14810,15103,fol_37_00621,14957,1,2.0211558690604408
peak_040489,37,1077,1069,15162,15302,fol_37_00631,15232,1,2.225158711834452
peak_040500,37,1099,1098,15245,15576,fol_37_00642,15411,1,3.0811492429859384
peak_040506,37,1111,1109,15382,15564,fol_37_00648,15473,1,2.247993079785674
peak_040509,37,1117,1115,15517,15781,fol_37_00651,15649,1,3.708052326166851
peak_040520,37,1136,1132,15715,16116,fol_37_00662,15916,1,1.8685478242911095
peak_040529,37,1151,1147,15869,16131,fol_37_00671,16000,1,2.1667350198640847
peak_040531,37,1154,1152,15901,16235,fol_37_00673,16068,1,2.5708351129539517
peak_040533,37,1156,1153,15921,16141,fol_37_00675,16031,1,6.86514780952024
peak_040534,37,1157,1154,15930,16250,fol_37_00676,16090,1,2.015593896292111
peak_040566,37,1212,1211,16670,16981,fol_37_00708,16826,1,3.330393472938492
peak_040571,37,1220,1219,16774,17134,fol_37_00713,16954,1,1.9816753065026085
peak_040596,37,1257,1255,17233,17556,fol_37_00738,17395,1,1.968830286499398
peak_040620,37,1301,1298,17735,18064,fol_37_00762,17900,1,2.237949931829258
peak_040623,37,1306,1302,17776,17951,fol_37_00765,17864,1,3.15691127651883
peak_040628,37,1312,1308,17840,18187,fol_37_00770,18014,1,1.9485250657874291
peak_040633,37,1320,1314,17944,18220,fol_37_00775,18082,1,2.08460149505342
peak_040635,37,1323,1319,17957,18281,fol_37_00777,18119,1,1.8422823935912245
peak_040644,37,1336,1330,18068,18357,fol_37_00786,18213,1,1.7726630500536529
peak_040645,37,1337,1333,18074,18404,fol_37_00787,18239,1,2.825711748004001
peak_040651,37,1345,1343,18242,18522,fol_37_00793,18382,1,2.3337172724167488
peak_040664,37,1369,1366,18501,18658,fol_37_00806,18580,1,3.098649404305736
peak_040689,37,1407,1405,19008,19271,fol_37_00831,19140,1,3.433298004364903
peak_040691,37,1411,1409,19154,19379,fol_37_00833,19267,1,1.7780090114000564
peak_040698,37,1425,1423,19295,19433,fol_37_00840,19364,1,1.904899417372936
peak_040722,37,1465,1462,19833,20173,fol_37_00864,20003,1,2.175650846482098
peak_040726,37,1470,1466,19896,20210,fol_37_00868,20053,1,2.390990777557166
peak_040730,37,1475,1471,19972,20205,fol_37_00872,20089,1,2.766819805622542
peak_040732,37,1477,1474,19999,20164,fol_37_00874,20082,1,2.876713386241031
peak_040739,37,1491,1488,20222,20518,fol_37_00881,20370,1,2.039414573630354
peak_040748,37,1507,1505,20448,20754,fol_37_00890,20601,1,3.944778282038794
peak_040757,37,1520,1518,20661,20870,fol_37_00899,20766,1,2.522460130604066
peak_040760,37,1524,1521,20681,20962,fol_37_00902,20822,1,2.180123039297966
peak_040765,37,1534,1533,20831,20984,fol_37_00907,20908,1,3.514014511876544
peak_040769,37,1539,1535,20869,21118,fol_37_00911,20994,1,5.516801719799958
peak_040792,37,1571,1569,21190,21476,fol_37_00934,21333,1,2.363343160668152
peak_040815,37,1606,1604,21744,22046,fol_37_00957,21895,1,2.166443068044803
peak_040823,37,1620,1619,21901,22210,fol_37_00965,22056,1,1.8529038414615584
peak_040857,37,1666,1665,22409,22696,fol_37_00999,22553,1,1.7056908117041678
peak_040864,37,1674,1669,22449,22605,fol_37_01006,22527,1,3.751872695726343
peak_040869,37,1681,1680,22558,22747,fol_37_01011,22653,1,2.517800318800941
peak_040870,37,1681,1682,22748,22898,fol_37_01012,22823,1,2.9989600877428004
peak_040880,37,1694,1692,22687,23004,fol_37_01022,22846,1,1.7342441093119727
peak_040896,37,1720,1719,22970,23337,fol_37_01038,23154,1,1.9759403025426288
peak_040900,37,1727,1726,23049,23416,fol_37_01042,23233,1,1.8696683509305705
peak_040919,37,1748,1745,23227,23514,fol_37_01061,23371,1,2.691807643388488
peak_040924,37,1755,1750,23315,23634,fol_37_01066,23475,1,2.5186231932336023
peak_040937,37,1779,1777,23714,23929,fol_37_01079,23822,1,5.300284542516029
peak_040979,37,1845,1841,24845,25163,fol_37_01121,25004,1,2.377815737594317
peak_041002,37,1892,1890,25674,25908,fol_37_01144,25791,1,2.129514619618029
peak_041014,37,1913,1910,26005,26329,fol_37_01156,26167,1,2.3364202228470505
peak_041028,37,1933,1930,26338,26488,fol_37_01170,26413,1,3.082720652896381
peak_041041,37,1953,1950,26561,26868,fol_37_01183,26715,1,1.774146474398801
peak_041050,37,1964,1961,26621,26868,fol_37_01192,26745,1,1.9374261975506424
peak_041051,37,1965,1964,26635,26868,fol_37_01193,26752,1,2.50214622606584
peak_041056,37,1971,1969,26700,26868,fol_37_01198,26784,1,1.8327154899437603
peak_041065,38,26,25,49,357,fol_38_00008,203,1,2.2653165342596604
peak_041067,38,30,27,79,311,fol_38_00010,195,1,1.7059937180816838
peak_041087,38,80,79,772,1115,fol_38_00030,944,1,2.0247621397170734
peak_041104,38,103,102,1198,1405,fol_38_00047,1302,1,3.757931797928656
peak_041105,38,104,100,1233,1437,fol_38_00048,1335,1,2.0046748422528964
peak_041122,38,134,132,1473,1788,fol_38_00065,1631,1,3.136451132611732
peak_041139,38,158,156,1723,2053,fol_38_00082,1888,1,1.8143946978975103
peak_041172,38,209,208,2422,2738,fol_38_00115,2580,1,2.0191342068220406
peak_041184,38,233,231,2783,3073,fol_38_00127,2928,1,2.8424166161739537
peak_041187,38,243,242,2917,3159,fol_38_00130,3038,1,2.1467726256127864
peak_041191,38,248,247,3002,3327,fol_38_00134,3165,1,3.3960530956208195
peak_041210,38,286,284,3498,3659,fol_38_00153,3579,1,2.0673789474087267
peak_041211,38,287,282,3539,3783,fol_38_00154,3661,1,3.0965584722450186
peak_041215,38,292,291,3562,3863,fol_38_00158,3713,1,2.25198494675193
peak_041219,38,297,294,3601,3854,fol_38_00162,3728,1,1.7474290066146023
peak_041220,38,299,295,3606,3735,fol_38_00163,3671,1,2.438697985449195
peak_041241,38,325,323,3892,4075,fol_38_00184,3984,1,3.715038812820641
peak_041247,38,344,340,4196,4501,fol_38_00190,4349,1,2.094639623364461
peak_041249,38,348,346,4237,4555,fol_38_00192,4396,1,2.882768114804475
peak_041251,38,349,352,4433,4600,fol_38_00194,4517,1,1.7598811958308247
peak_041252,38,351,344,4256,4494,fol_38_00195,4375,1,2.3602852064227267
peak_041254,38,354,349,4433,4617,fol_38_00197,4525,1,1.8165519905353371
peak_041267,38,374,369,4534,4718,fol_38_00210,4626,1,1.7884734279823993
peak_041275,38,390,387,4727,4920,fol_38_00218,4824,1,2.436430036514321
peak_041276,38,390,388,4921,5050,fol_38_00219,4986,1,2.014624733998674
peak_041285,38,402,399,4865,5165,fol_38_00228,5015,1,2.0509234290981277
peak_041287,38,406,401,4879,5166,fol_38_00230,5023,1,1.832459410592513
peak_041288,38,407,403,4888,5261,fol_38_00231,5075,1,2.2166962351951107
peak_041306,38,429,424,5103,5404,fol_38_00249,5254,1,1.7140273867451996
peak_041309,38,434,431,5157,5440,fol_38_00252,5299,1,2.400237579202444
peak_041326,38,461,459,5544,5780,fol_38_00269,5662,1,1.7077647483230285
peak_041327,38,462,457,5545,5811,fol_38_00270,5678,1,1.7431307941941534
peak_041358,38,510,506,6112,6405,fol_38_00301,6259,1,2.111143130031299
peak_041365,38,522,520,6227,6368,fol_38_00308,6298,1,1.7607549046488682
peak_041367,38,526,525,6288,6653,fol_38_00310,6471,1,2.878838542913361
peak_041373,38,536,533,6341,6645,fol_38_00316,6493,1,1.8827049657241777
peak_041376,38,539,537,6372,6557,fol_38_00319,6465,1,4.084382824780999
peak_041398,38,570,568,6767,7058,fol_38_00341,6913,1,1.718524565838033
peak_041418,38,606,602,7201,7488,fol_38_00361,7345,1,1.9791377852760956
peak_041436,38,635,631,7464,7783,fol_38_00379,7624,1,2.2867230605045377
peak_041438,38,638,637,7503,7705,fol_38_00381,7604,1,3.404778121351129
peak_041441,38,641,640,7528,7905,fol_38_00384,7717,1,2.384044985030596
peak_041445,38,646,641,7557,7928,fol_38_00388,7743,1,1.7795276183644546
peak_041449,38,650,649,7647,7941,fol_38_00392,7794,1,2.879515959633214
peak_041466,38,675,674,7948,8236,fol_38_00409,8092,1,2.2244875259136223
peak_041494,38,715,712,8472,8727,fol_38_00437,8600,1,2.4811775474110327
peak_041501,38,728,726,8624,8950,fol_38_00444,8787,1,1.799285954805994
peak_041510,38,749,746,8888,9138,fol_38_00453,9013,1,1.815905028480495
peak_041528,38,781,780,9451,9771,fol_38_00471,9611,1,2.2172242543094147
peak_041542,38,805,801,9750,10028,fol_38_00485,9889,1,1.9159577031150197
peak_041590,38,879,878,10721,10914,fol_38_00533,10818,1,2.3837679001528933
peak_041621,38,924,921,11430,11644,fol_38_00564,11537,1,2.139882347938298
peak_041625,38,930,929,11515,11659,fol_38_00568,11587,1,4.598219395673308
peak_041626,38,930,931,11660,11815,fol_38_00569,11738,1,2.3386808922734508
peak_041635,38,948,945,11747,12027,fol_38_00578,11887,1,2.667385017564026
peak_041642,38,955,953,11831,12067,fol_38_00585,11949,1,1.9508149178199976
peak_041645,38,960,959,11899,12177,fol_38_00588,12038,1,1.7468818962173425
peak_041651,38,974,971,12052,12285,fol_38_00594,12169,1,2.827345006407428
peak_041653,38,976,974,12072,12374,fol_38_00596,12223,1,1.854608207022931
peak_041662,38,995,991,12258,12544,fol_38_00605,12401,1,2.270756083442256
peak_041676,38,1017,1016,12497,12830,fol_38_00619,12664,1,2.198100484945141
peak_041690,38,1039,1038,12731,13008,fol_38_00633,12870,1,4.0447881871064535
peak_041694,38,1043,1039,12750,13020,fol_38_00637,12885,1,2.4551174671501186
peak_041708,38,1066,1064,13014,13301,fol_38_00651,13158,1,2.1127649708519085
peak_041714,38,1075,1073,13129,13419,fol_38_00657,13274,1,2.142545167136353
peak_041728,38,1099,1096,13389,13573,fol_38_00671,13481,1,1.7158030318587272
peak_041730,38,1103,1100,13432,13815,fol_38_00673,13624,1,3.73125664525808
peak_041732,38,1105,1103,13452,13830,fol_38_00675,13641,1,2.0369270844497054
peak_041733,38,1106,1105,13470,13848,fol_38_00676,13659,1,2.758633968609609
peak_041757,38,1153,1151,14087,14349,fol_38_00700,14218,1,1.7035523606261371
peak_041769,38,1171,1158,14284,14519,fol_38_00712,14402,1,2.0473987015738926
peak_041780,38,1190,1188,14516,14898,fol_38_00723,14707,1,4.780388694726734
peak_041789,38,1203,1197,14636,14970,fol_38_00732,14803,1,2.0778325079829663
peak_041797,38,1213,1211,14744,15064,fol_38_00740,14904,1,2.076142538966064
peak_041815,38,1240,1239,15258,15480,fol_38_00758,15369,1,1.8034155230327824
peak_041817,38,1242,1240,15258,15504,fol_38_00760,15381,1,1.943931894491207
peak_041828,38,1261,1258,15390,15726,fol_38_00771,15558,1,1.740314199481822
peak_041831,38,1265,1260,15406,15677,fol_38_00774,15542,1,2.3498828431275323
peak_041838,38,1274,1268,15476,15850,fol_38_00781,15663,1,1.8291100577724624
peak_041849,38,1289,1288,15680,15957,fol_38_00792,15819,1,1.8188248748473983
peak_041864,38,1323,1319,16120,16513,fol_38_00807,16317,1,1.915188696808149
peak_041865,38,1326,1323,16144,16532,fol_38_00808,16338,1,2.1827427980945684
peak_041871,38,1335,1331,16198,16480,fol_38_00814,16339,1,2.8658132668005547
peak_041873,38,1337,1333,16221,16602,fol_38_00816,16412,1,1.8511552734064485
peak_041891,38,1365,1363,16576,16859,fol_38_00834,16718,1,2.519500449168878
peak_041893,38,1368,1361,16613,16835,fol_38_00836,16724,1,3.713578720830003
peak_041899,38,1378,1376,16754,17032,fol_38_00842,16893,1,2.329286793051429
peak_041923,38,1412,1409,17171,17462,fol_38_00866,17317,1,1.9126276138961849
peak_041926,38,1417,1412,17205,17483,fol_38_00869,17344,1,2.404011300462784
peak_041930,38,1425,1424,17304,17697,fol_38_00873,17501,1,1.8909983906011736
peak_041955,38,1462,1459,17619,17928,fol_38_00898,17774,1,3.518458125023688
peak_041957,38,1466,1462,17652,17942,fol_38_00900,17797,1,2.62107140382336
peak_041959,38,1470,1466,17677,17957,fol_38_00902,17817,1,2.0110746528356565
peak_041964,38,1476,1473,17731,17997,fol_38_00907,17864,1,3.07778167662132
peak_041986,38,1511,1508,18293,18576,fol_38_00929,18435,1,6.927252619536494
peak_042004,38,1545,1539,18708,18837,fol_38_00947,18773,1,1.9523135159388825
peak_042006,38,1549,1545,18838,19003,fol_38_00949,18921,1,2.0071807641891355
peak_042025,38,1580,1578,19123,19426,fol_38_00968,19275,1,1.9808743712840533
peak_042028,38,1585,1580,19145,19443,fol_38_00971,19294,1,1.8101184087597144
peak_042031,38,1588,1585,19176,19460,fol_38_00974,19318,1,2.082645961287213
peak_042037,38,1598,1594,19256,19572,fol_38_00980,19414,1,2.488963760566365
peak_042046,38,1609,1607,19379,19560,fol_38_00989,19470,1,1.920204492705215
peak_042048,38,1612,1608,19393,19713,fol_38_00991,19553,1,2.310636729540588
peak_042052,38,1617,1620,19614,19872,fol_38_00995,19743,1,1.8823234754474245
peak_042054,38,1620,1615,19455,19851,fol_38_00997,19653,1,1.8149831637424303
peak_042087,38,1675,1672,20102,20275,fol_38_01030,20189,1,1.8870071445968808
peak_042090,38,1678,1676,20117,20300,fol_38_01033,20209,1,5.010234240258819
peak_042097,38,1686,1681,20183,20500,fol_38_01040,20342,1,3.533117154967281
peak_042133,38,1741,1739,21031,21332,fol_38_01076,21182,1,1.8594296101443577
peak_042140,38,1754,1752,21327,21473,fol_38_01083,21400,1,1.999762526388528
peak_042141,38,1755,1754,21184,21326,fol_38_01084,21255,1,3.434077476690367
peak_042144,38,1758,1753,21392,21523,fol_38_01087,21458,1,2.392258421308818
peak_042163,38,1785,1780,21491,21731,fol_38_01106,21611,1,1.8822084441996727
peak_042165,38,1787,1784,21509,21815,fol_38_01108,21662,1,1.926585167919425
peak_042166,38,1788,1786,21544,21728,fol_38_01109,21636,1,1.7398666267986826
peak_042179,38,1804,1802,21726,21984,fol_38_01122,21855,1,1.9415229400718528
peak_042192,38,1831,1829,22078,22392,fol_38_01135,22235,1,2.6909954541038204
peak_042203,38,1845,1843,22380,22510,fol_38_01146,22445,1,3.1844897955684344
peak_042208,38,1855,1852,22396,22676,fol_38_01151,22536,1,2.0251337631672413
peak_042214,38,1861,1859,22542,22866,fol_38_01157,22704,1,2.243199489784257
peak_042236,38,1891,1887,22932,23206,fol_38_01179,23069,1,3.6101904748428417
peak_042269,38,1942,1939,23650,23932,fol_38_01212,23791,1,2.7145071702758257
peak_042275,38,1951,1949,23761,24071,fol_38_01218,23916,1,3.282048775789664
peak_042277,38,1954,1953,23821,24018,fol_38_01220,23920,1,2.1282076483967463
peak_042288,38,1978,1977,24084,24449,fol_38_01231,24267,1,2.079655007460659
peak_042290,38,1982,1981,24117,24491,fol_38_01233,24304,1,1.8228450027602177
peak_042325,38,2033,2031,24664,24895,fol_38_01268,24780,1,1.8630160004171623
peak_042327,38,2036,2035,24621,24924,fol_38_01270,24773,1,2.794047427587037
peak_042331,38,2042,2039,24689,24865,fol_38_01274,24777,1,3.30763141822298
peak_042334,38,2048,2047,24827,25101,fol_38_01277,24964,1,2.328414590756162
peak_042335,38,2053,2052,24889,25090,fol_38_01278,24990,1,1.890072836079468
peak_042350,38,2072,2070,25186,25358,fol_38_01293,25272,1,2.2558547367159694
peak_042376,38,2119,2117,25809,26073,fol_38_01319,25941,1,1.7368094539085257
peak_042405,38,2154,2151,26243,26479,fol_38_01348,26361,1,1.9201497476008824
peak_042417,38,2171,2169,26419,26728,fol_38_01360,26574,1,2.18619150144054
peak_042441,38,2209,2205,26964,27168,fol_38_01384,27066,1,3.644810559807148
peak_042444,38,2212,2209,26983,27168,fol_38_01387,27076,1,2.41816279754679
peak_042445,38,2214,2210,26994,27281,fol_38_01388,27138,1,1.7034882192237863
peak_042479,38,2265,2264,27688,28001,fol_38_01422,27845,1,2.116548873897997
peak_042492,38,2284,2278,27927,28189,fol_38_01435,28058,1,2.7739760766699275
peak_042498,38,2291,2289,27934,28263,fol_38_01441,28099,1,2.8668626444839926
peak_042513,38,2312,2310,28205,28485,fol_38_01456,28345,1,1.8606163750937816
peak_042516,38,2316,2312,28217,28393,fol_38_01459,28305,1,4.174518781471045
peak_042523,38,2326,2325,28332,28621,fol_38_01466,28477,1,1.751450058194215
peak_042524,38,2327,2326,28349,28640,fol_38_01467,28495,1,1.9181662508779895
peak_042525,38,2329,2323,28361,28667,fol_38_01468,28514,1,4.787075890462426
peak_042548,38,2368,2364,28717,28918,fol_38_01491,28818,1,2.1540207505259765
peak_042549,39,7,4,1,142,fol_39_00001,72,1,2.217180575214189
peak_042568,39,46,44,549,856,fol_39_00020,703,1,2.645152241891052
peak_042575,39,59,57,816,1099,fol_39_00027,958,1,1.9433252694539904
peak_042587,39,80,78,1069,1361,fol_39_00039,1215,1,1.978006454555152
peak_042606,39,104,103,1384,1662,fol_39_00058,1523,1,4.349527522987722
peak_042610,39,109,108,1451,1751,fol_39_00062,1601,1,2.3703897328060286
peak_042613,39,112,111,1484,1813,fol_39_00065,1649,1,3.2523310549322644
peak_042626,39,127,126,1704,1971,fol_39_00078,1838,1,2.170421688973491
peak_042655,39,177,175,2488,2686,fol_39_00107,2587,1,3.4276508897847107
peak_042658,39,180,178,2505,2716,fol_39_00110,2611,1,2.120834364032972
peak_042659,39,181,180,2576,2831,fol_39_00111,2704,1,2.437906315771732
peak_042662,39,188,186,2653,2945,fol_39_00114,2799,1,2.657658655720895
peak_042665,39,192,188,2671,2958,fol_39_00117,2815,1,3.415791100979774
peak_042666,39,193,192,2680,2972,fol_39_00118,2826,1,2.3837726760280518
peak_042705,39,255,253,3495,3741,fol_39_00157,3618,1,2.8222570904712367
peak_042709,39,262,260,3590,3778,fol_39_00161,3684,1,4.833027611413383
peak_042710,39,263,262,3606,3778,fol_39_00162,3692,1,2.0561391151761583
peak_042719,39,276,272,3797,4003,fol_39_00171,3900,1,2.367138050652931
peak_042743,39,309,305,4146,4343,fol_39_00195,4245,1,3.796708782843091
peak_042744,39,310,308,4157,4466,fol_39_00196,4312,1,1.76612932966466
peak_042749,39,323,319,4371,4641,fol_39_00201,4506,1,4.2060049974941816
peak_042773,39,356,354,4881,5089,fol_39_00225,4985,1,5.249772612620371
peak_042782,39,371,368,5197,5444,fol_39_00234,5321,1,2.2680036865481483
peak_042788,39,380,379,5338,5588,fol_39_00240,5463,1,4.326699088756178
peak_042798,39,396,393,5477,5812,fol_39_00250,5645,1,2.072793794229258
peak_042801,39,400,399,5507,5911,fol_39_00253,5709,1,2.4246701274497
peak_042807,39,409,406,5592,5898,fol_39_00259,5745,1,3.0728206145255927
peak_042808,39,410,408,5594,5858,fol_39_00260,5726,1,3.1134773824632136
peak_042814,39,418,415,5676,6014,fol_39_00266,5845,1,1.8664100780519224
peak_042817,39,423,421,5730,6055,fol_39_00269,5893,1,2.600242231205351
peak_042831,39,443,442,6057,6372,fol_39_00283,6215,1,2.4184180436841363
peak_042861,39,502,498,6892,7210,fol_39_00313,7051,1,1.7514169971931592
peak_042865,39,508,507,7024,7299,fol_39_00317,7162,1,4.54425260847983
peak_042920,39,595,590,8201,8482,fol_39_00372,8342,1,2.053642154567478
peak_042937,39,617,616,8499,8808,fol_39_00389,8654,1,4.5944474592382125
peak_042997,39,720,718,10394,10697,fol_39_00449,10546,1,2.4425348423642075
peak_043025,39,766,764,10985,11324,fol_39_00477,11155,1,2.323060219979003
peak_043029,39,773,769,11108,11383,fol_39_00481,11246,1,2.1323944039808977
peak_043032,39,776,775,11153,11451,fol_39_00484,11302,1,2.3298055501347705
peak_043039,39,786,782,11209,11506,fol_39_00491,11358,1,2.1320392885710127
peak_043040,39,787,785,11220,11495,fol_39_00492,11358,1,2.2325390599664803
peak_043042,39,789,786,11232,11462,fol_39_00494,11347,1,2.150454133093248
peak_043043,39,790,787,11235,11510,fol_39_00495,11373,1,2.345949136617051
peak_043048,39,798,797,11294,11678,fol_39_00500,11486,1,2.0160747649950674
peak_043049,39,799,796,11296,11617,fol_39_00501,11457,1,2.6049486773970343
peak_043052,39,803,798,11312,11698,fol_39_00504,11505,1,1.9754872076217025
peak_043058,39,812,810,11422,11742,fol_39_00510,11582,1,1.9380955449309651
peak_043075,39,846,842,11873,12034,fol_39_00527,11954,1,3.640500910428001
peak_043090,39,868,867,12146,12467,fol_39_00542,12307,1,2.1042563980839706
peak_043103,39,884,882,12355,12653,fol_39_00555,12504,1,3.523878881627969
peak_043120,39,905,904,12703,12935,fol_39_00572,12819,1,2.087564640419504
peak_043126,39,917,913,12840,13112,fol_39_00578,12976,1,2.379032246167726
peak_043127,39,918,916,12853,13228,fol_39_00579,13041,1,1.775875574889276
peak_043162,39,990,989,14138,14305,fol_39_00614,14222,1,2.6267157262721827
peak_043164,39,993,988,14169,14319,fol_39_00616,14244,1,1.9812743455349109
peak_043167,39,996,993,14320,14485,fol_39_00619,14403,1,3.7581032185089462
peak_043172,39,1009,1006,14308,14628,fol_39_00624,14468,1,2.970880076547993
peak_043174,39,1011,1008,14320,14565,fol_39_00626,14443,1,2.420679491035012
peak_043176,39,1014,1009,14345,14645,fol_39_00628,14495,1,4.438291601427775
peak_043191,39,1032,1030,14587,14871,fol_39_00643,14729,1,1.703031855201563
peak_043205,39,1052,1049,14813,15103,fol_39_00657,14958,1,1.8199104206902332
peak_043208,39,1057,1054,14858,15162,fol_39_00660,15010,1,1.9235894390759591
peak_043210,39,1059,1057,14874,15187,fol_39_00662,15031,1,2.1851268232285834
peak_043213,39,1062,1060,14916,15247,fol_39_00665,15082,1,2.418684562215197
peak_043224,39,1078,1076,15149,15476,fol_39_00676,15313,1,1.8580050008636932
peak_043225,39,1080,1075,15151,15443,fol_39_00677,15297,1,2.902346069261073
peak_043226,39,1081,1080,15165,15457,fol_39_00678,15311,1,3.808213009349892
peak_043229,39,1087,1084,15216,15502,fol_39_00681,15359,1,1.8389214679205528
peak_043233,39,1093,1089,15400,15618,fol_39_00685,15509,1,2.027324980151671
peak_043247,39,1111,1109,15486,15783,fol_39_00699,15635,1,1.918815485116988
peak_043252,39,1117,1116,15562,15906,fol_39_00704,15734,1,1.8256973410244528
peak_043257,39,1122,1117,15590,15930,fol_39_00709,15760,1,1.73237322303887
peak_043260,39,1125,1122,15659,15880,fol_39_00712,15770,1,3.3863367858460047
peak_043301,39,1188,1187,16673,16977,fol_39_00753,16825,1,2.010639090266013
peak_043310,39,1201,1197,16829,17076,fol_39_00762,16953,1,2.330560732539906
peak_043323,39,1222,1221,17105,17412,fol_39_00775,17259,1,1.7342216550058498
peak_043325,39,1225,1223,17149,17433,fol_39_00777,17291,1,2.1464143376203992
peak_043328,39,1229,1226,17208,17521,fol_39_00780,17365,1,1.8482481922921985
peak_043330,39,1233,1231,17248,17521,fol_39_00782,17385,1,1.8134674323780064
peak_043339,39,1247,1245,17421,17680,fol_39_00791,17551,1,4.606231047367959
peak_043345,39,1254,1255,17598,17826,fol_39_00797,17712,1,2.348803106193822
peak_043366,39,1290,1285,17946,18111,fol_39_00818,18029,1,3.103122559630523
peak_043371,39,1298,1296,18051,18491,fol_39_00823,18271,1,2.5844394974273
peak_043385,39,1321,1311,18266,18526,fol_39_00837,18396,1,1.9268950017220243
peak_043386,39,1323,1317,18271,18555,fol_39_00838,18413,1,1.7915745765041224
peak_043395,39,1332,1329,18386,18717,fol_39_00847,18552,1,1.7454252514487725
peak_043402,39,1345,1344,18578,18932,fol_39_00854,18755,1,4.045104613264573
peak_043407,39,1351,1348,18644,18885,fol_39_00859,18765,1,2.4449560399628454
peak_043413,39,1364,1361,18904,19192,fol_39_00865,19048,1,3.1780628500143275
peak_043417,39,1369,1367,18990,19268,fol_39_00869,19129,1,3.205342774104257
peak_043427,39,1387,1383,19180,19383,fol_39_00879,19282,1,1.9845173915042733
peak_043434,39,1397,1394,19279,19581,fol_39_00886,19430,1,2.897397251016609
peak_043477,39,1461,1460,20192,20478,fol_39_00929,20335,1,2.505628364899422
peak_043479,39,1464,1463,20230,20509,fol_39_00931,20370,1,2.6012578932231256
peak_043493,39,1484,1480,20563,20728,fol_39_00945,20646,1,1.835465429199108
peak_043495,39,1487,1484,20584,20844,fol_39_00947,20714,1,1.7028826837504742
peak_043502,39,1494,1488,20708,20984,fol_39_00954,20846,1,1.7751288575261597
peak_043505,39,1497,1496,20736,20987,fol_39_00957,20862,1,2.147206579365556
peak_043529,39,1540,1537,21262,21437,fol_39_00981,21350,1,2.172913869353929
peak_043531,39,1542,1541,21322,21506,fol_39_00983,21414,1,3.1042375539546097
peak_043536,39,1555,1554,21505,21918,fol_39_00988,21712,1,2.523407066689804
peak_043543,39,1565,1563,21670,21932,fol_39_00995,21801,1,2.104825025144859
peak_043546,39,1568,1564,21712,21909,fol_39_00998,21811,1,2.103916086376402
peak_043548,39,1570,1566,21839,21989,fol_39_01000,21914,1,3.0359440942422764
peak_043573,39,1603,1602,22218,22359,fol_39_01025,22289,1,1.967695265300715
peak_043589,39,1632,1630,22579,22877,fol_39_01041,22728,1,5.854115609124685
peak_043592,39,1635,1631,22590,22733,fol_39_01044,22662,1,2.1083388244581247
peak_043593,39,1637,1635,22609,22837,fol_39_01045,22723,1,2.056003812537923
peak_043627,39,1690,1688,23284,23560,fol_39_01079,23422,1,1.8024906140393488
peak_043634,39,1700,1697,23374,23683,fol_39_01086,23529,1,2.158234503557521
peak_043650,39,1724,1723,23803,24095,fol_39_01102,23949,1,2.351101198565191
peak_043676,39,1764,1763,24224,24407,fol_39_01128,24316,1,3.9549128267632687
peak_043690,39,1787,1784,24418,24782,fol_39_01142,24600,1,1.746175975640239
peak_043691,39,1788,1786,24424,24737,fol_39_01143,24581,1,1.8394681227041492
peak_043692,39,1790,1787,24451,24667,fol_39_01144,24559,1,2.6986131880104587
peak_043707,39,1806,1800,24664,24892,fol_39_01159,24778,1,5.071976363513256
peak_043734,39,1850,1848,25330,25596,fol_39_01186,25463,1,3.1507646231136603
peak_043764,39,1897,1893,26053,26282,fol_39_01216,26168,1,2.3627984740448973
peak_043768,39,1908,1906,26205,26407,fol_39_01220,26306,1,1.8478894360442697
peak_043772,39,1913,1909,26138,26522,fol_39_01224,26330,1,1.829108307655515
peak_043774,39,1915,1914,26158,26441,fol_39_01226,26300,1,1.9953945049420627
peak_043785,39,1927,1926,26311,26484,fol_39_01237,26398,1,5.414676418322574
peak_043790,39,1941,1940,26583,26880,fol_39_01242,26732,1,3.0160864320898977
peak_043795,39,1951,1946,26724,26976,fol_39_01247,26850,1,2.049136420818824
peak_043818,39,1984,1982,27048,27433,fol_39_01270,27241,1,1.8171460472051493
peak_043820,39,1988,1986,27075,27414,fol_39_01272,27245,1,2.45137511504863
peak_043844,39,2020,2018,27568,27813,fol_39_01296,27691,1,3.7626125968819295
peak_043861,39,2045,2041,27816,28061,fol_39_01313,27939,1,1.8400081821049372
peak_043866,39,2054,2052,27929,28203,fol_39_01318,28066,1,2.389087771727018
peak_043896,39,2102,2100,28506,28752,fol_39_01348,28629,1,1.7656304108344276
peak_043908,39,2117,2115,28668,28982,fol_39_01360,28825,1,2.6094228059607274
peak_043924,39,2135,2133,28869,29194,fol_39_01376,29032,1,2.8243051463555657
peak_043926,39,2137,2134,28886,29104,fol_39_01378,28995,1,2.054706488219446
peak_043943,39,2157,2156,29394,29573,fol_39_01395,29484,1,1.8401451315096184
peak_043970,40,33,31,144,524,fol_40_00012,334,1,1.8370275601677557
peak_043973,40,37,33,169,477,fol_40_00015,323,1,1.8616769881592683
peak_043988,40,58,57,356,691,fol_40_00030,524,1,2.3230758570956134
peak_043989,40,61,58,376,705,fol_40_00031,541,1,2.1504499415821354
peak_043998,40,86,85,892,1220,fol_40_00040,1056,1,2.806292714833564
peak_044010,40,107,106,1234,1490,fol_40_00052,1362,1,1.738507196497247
peak_044012,40,109,107,1250,1509,fol_40_00054,1380,1,2.2483711472486942
peak_044024,40,126,123,1437,1688,fol_40_00066,1563,1,1.975382868185612
peak_044025,40,127,124,1425,1750,fol_40_00067,1588,1,1.914503442321268
peak_044033,40,138,135,1540,1721,fol_40_00075,1631,1,3.9398145860633895
peak_044034,40,139,134,1547,1822,fol_40_00076,1685,1,1.7658915225750682
peak_044035,40,140,138,1564,1721,fol_40_00077,1643,1,1.82850410098472
peak_044039,40,142,138,1722,1859,fol_40_00081,1791,1,1.9748156440154936
peak_044088,40,206,205,2411,2814,fol_40_00130,2613,1,1.749530451774842
peak_044105,40,231,226,2680,2938,fol_40_00147,2809,1,2.1021744183595192
peak_044118,40,257,253,2922,3187,fol_40_00160,3055,1,2.159867392536317
peak_044119,40,258,255,2930,3223,fol_40_00161,3077,1,1.8672842078686136
peak_044124,40,264,261,2978,3254,fol_40_00166,3116,1,2.0272474118433697
peak_044134,40,284,281,3252,3468,fol_40_00176,3360,1,2.184827881444951
peak_044148,40,301,300,3455,3764,fol_40_00190,3610,1,2.193861963635506
peak_044155,40,309,307,3614,3818,fol_40_00197,3716,1,2.8891007589986684
peak_044163,40,322,321,3851,4000,fol_40_00205,3926,1,1.964034112937348
peak_044166,40,329,327,3765,4104,fol_40_00208,3935,1,2.0984443627555978
peak_044177,40,352,351,4186,4328,fol_40_00219,4257,1,2.380294231321113
peak_044197,40,379,365,4399,4674,fol_40_00239,4537,1,2.0019315300225053
peak_044217,40,405,404,4656,4964,fol_40_00259,4810,1,5.350878583825312
peak_044230,40,424,422,4894,5212,fol_40_00272,5053,1,1.7101118110661615
peak_044254,40,457,454,5347,5581,fol_40_00296,5464,1,2.0804367408191897
peak_044261,40,471,464,5531,5695,fol_40_00303,5613,1,3.406165208757924
peak_044270,40,483,481,5659,5927,fol_40_00312,5793,1,1.7726609590935818
peak_044281,40,497,490,5783,6037,fol_40_00323,5910,1,1.8743171542354535
peak_044294,40,512,510,5963,6226,fol_40_00336,6095,1,1.9069617753360413
peak_044309,40,534,536,6242,6516,fol_40_00351,6379,1,2.051405785006161
peak_044310,40,536,530,6242,6496,fol_40_00352,6369,1,2.363339718029172
peak_044352,40,596,595,6934,7223,fol_40_00394,7079,1,1.8552731918027097
peak_044362,40,611,607,7050,7401,fol_40_00404,7226,1,2.038965470408028
peak_044367,40,617,615,7095,7452,fol_40_00409,7274,1,1.7440862701005408
peak_044415,40,684,681,7785,8062,fol_40_00457,7924,1,2.7069968183721764
peak_044416,40,685,684,7810,8081,fol_40_00458,7946,1,2.047443720319185
peak_044420,40,690,686,7868,8138,fol_40_00462,8003,1,1.9488153360328848
peak_044429,40,707,706,8153,8548,fol_40_00471,8351,1,2.3769993178792945
peak_044440,40,721,720,8314,8683,fol_40_00482,8499,1,2.1872345695936195
peak_044453,40,742,738,8638,8851,fol_40_00495,8745,1,2.084639270883126
peak_044457,40,746,744,8582,8862,fol_40_00499,8722,1,1.757975670786385
peak_044471,40,772,770,8884,9152,fol_40_00513,9018,1,2.618582114979434
peak_044475,40,777,774,8881,9192,fol_40_00517,9037,1,1.7662860588326843
peak_044488,40,793,790,9030,9292,fol_40_00530,9161,1,1.802184937124624
peak_044502,40,811,806,9172,9347,fol_40_00544,9260,1,2.123968139675865
peak_044507,40,816,813,9199,9543,fol_40_00549,9371,1,2.100526879845305
peak_044513,40,825,823,9320,9583,fol_40_00555,9452,1,2.2934028354885765
peak_044551,40,887,885,10314,10582,fol_40_00593,10448,1,2.842099678193841
peak_044554,40,892,891,10501,10767,fol_40_00596,10634,1,2.2235214706848585
peak_044557,40,899,897,10586,10895,fol_40_00599,10741,1,3.8139201529729343
peak_044577,40,940,936,11291,11522,fol_40_00619,11407,1,1.91802890372714
peak_044643,40,1036,1035,12289,12583,fol_40_00685,12436,1,2.4132791902116955
peak_044660,40,1061,1059,12615,12883,fol_40_00702,12749,1,3.680666729175961
peak_044661,40,1062,1061,12634,12897,fol_40_00703,12766,1,1.9279782804115295
peak_044663,40,1064,1062,12655,12915,fol_40_00705,12785,1,1.7709709798147373
peak_044668,40,1070,1067,12714,13110,fol_40_00710,12912,1,2.7500759741946093
peak_044702,40,1114,1109,13375,13582,fol_40_00744,13479,1,2.274012741822692
peak_044712,40,1128,1124,13502,13787,fol_40_00754,13645,1,2.5796873412758887
peak_044713,40,1129,1128,13525,13801,fol_40_00755,13663,1,2.2641923912615605
peak_044723,40,1146,1141,13686,13981,fol_40_00765,13834,1,3.134126178099302
peak_044727,40,1150,1144,13731,14034,fol_40_00769,13883,1,6.162042189549726
peak_044730,40,1154,1151,13766,13898,fol_40_00772,13832,1,2.041912824607441
peak_044733,40,1161,1158,13839,14124,fol_40_00775,13982,1,3.1119022967526
peak_044735,40,1163,1160,13851,14161,fol_40_00777,14006,1,2.227378006292394
peak_044741,40,1175,1174,14104,14388,fol_40_00783,14246,1,3.041683352582726
peak_044757,40,1199,1198,14442,14751,fol_40_00799,14597,1,1.785495526199331
peak_044760,40,1202,1199,14456,14769,fol_40_00802,14613,1,2.999322808501176
peak_044767,40,1212,1205,14537,14801,fol_40_00809,14669,1,2.039863636396769
peak_044771,40,1218,1214,14583,14941,fol_40_00813,14762,1,1.7176156527665298
peak_044772,40,1219,1215,14585,14879,fol_40_00814,14732,1,1.7581412964935013
peak_044775,40,1223,1221,14671,14983,fol_40_00817,14827,1,1.835643570259976
peak_044789,40,1241,1235,14827,15103,fol_40_00831,14965,1,2.650288312867975
peak_044790,40,1243,1240,14835,15003,fol_40_00832,14919,1,2.198271743538702
peak_044800,40,1256,1253,14947,15200,fol_40_00842,15074,1,1.8549978703947547
peak_044801,40,1257,1256,15076,15217,fol_40_00843,15147,1,2.158387161872349
peak_044804,40,1261,1258,14980,15302,fol_40_00846,15141,1,1.8354986948323957
peak_044805,40,1262,1261,15002,15324,fol_40_00847,15163,1,1.898189022204019
peak_044809,40,1270,1265,15079,15367,fol_40_00851,15223,1,3.7829517014771175
peak_044813,40,1274,1270,15103,15382,fol_40_00855,15243,1,3.22837018052722
peak_044814,40,1276,1271,15118,15370,fol_40_00856,15244,1,2.0714056422271616
peak_044816,40,1278,1273,15132,15420,fol_40_00858,15276,1,1.8602783938047796
peak_044824,40,1288,1285,15229,15490,fol_40_00866,15360,1,3.4566995832059924
peak_044825,40,1289,1287,15238,15537,fol_40_00867,15388,1,3.56393883471623
peak_044827,40,1291,1289,15272,15553,fol_40_00869,15413,1,3.450189703809824
peak_044830,40,1295,1293,15389,15727,fol_40_00872,15558,1,3.2092587381755644
peak_044831,40,1296,1294,15349,15536,fol_40_00873,15443,1,1.9687001613122963
peak_044839,40,1308,1303,15521,15730,fol_40_00881,15626,1,2.543493772287952
peak_044842,40,1311,1309,15551,15800,fol_40_00884,15676,1,2.44319671894844
peak_044845,40,1316,1315,15636,15973,fol_40_00887,15805,1,2.1367606001942208
peak_044851,40,1329,1327,15874,16029,fol_40_00893,15952,1,1.947606448680232
peak_044856,40,1336,1332,15884,16147,fol_40_00898,16016,1,2.0201455065455614
peak_044869,40,1356,1358,16208,16439,fol_40_00911,16324,1,1.950682571948011
peak_044870,40,1359,1354,16218,16430,fol_40_00912,16324,1,2.3155338852040086
peak_044881,40,1374,1372,16489,16748,fol_40_00923,16619,1,1.893595835053028
peak_044887,40,1381,1380,16662,16860,fol_40_00929,16761,1,2.1717826305091394
peak_044898,40,1401,1399,16753,17044,fol_40_00940,16899,1,2.985888917896941
peak_044916,40,1426,1423,16982,17280,fol_40_00958,17131,1,1.7142655163225624
peak_044929,40,1445,1443,17285,17567,fol_40_00971,17426,1,1.7946842905155256
peak_044964,40,1499,1497,17968,18203,fol_40_01006,18086,1,1.8011049711778109
peak_044992,40,1544,1541,18633,18954,fol_40_01034,18794,1,2.118552691196569
peak_044993,40,1546,1545,18660,18926,fol_40_01035,18793,1,3.2541670611471702
peak_044998,40,1552,1549,18700,19022,fol_40_01040,18861,1,2.2017534096609794
peak_045023,40,1584,1583,18999,19274,fol_40_01065,19137,1,2.145174765737397
peak_045027,40,1589,1586,19041,19228,fol_40_01069,19135,1,2.255629297642471
peak_045035,40,1598,1596,19167,19404,fol_40_01077,19286,1,9.275183324222311
peak_045063,40,1647,1644,19833,20068,fol_40_01105,19951,1,1.7585102015169602
peak_045064,40,1648,1647,19849,20114,fol_40_01106,19982,1,2.4860934459236312
peak_045074,40,1668,1663,20084,20401,fol_40_01116,20243,1,2.4510767450671613
peak_045080,40,1677,1673,20157,20479,fol_40_01122,20318,1,1.714170330107912
peak_045105,40,1707,1706,20560,20882,fol_40_01147,20721,1,2.114687790219095
peak_045120,40,1726,1724,20811,21102,fol_40_01162,20957,1,1.741610099778684
peak_045123,40,1730,1727,20840,21124,fol_40_01165,20982,1,2.44331512719677
peak_045130,40,1740,1739,21056,21318,fol_40_01172,21187,1,2.2491247534732723
peak_045146,40,1765,1762,21465,21728,fol_40_01188,21597,1,1.8974980661524303
peak_045160,40,1788,1785,21885,22163,fol_40_01202,22024,1,2.4825132292370817
peak_045172,40,1808,1806,22155,22476,fol_40_01214,22316,1,1.7619730094465105
peak_045175,40,1813,1808,22221,22497,fol_40_01217,22359,1,1.8875153728750176
peak_045182,40,1827,1828,22437,22631,fol_40_01224,22534,1,2.053027425717204
peak_045188,40,1839,1838,22516,22699,fol_40_01230,22608,1,2.6602400337818013
peak_045192,40,1843,1842,22561,22881,fol_40_01234,22721,1,2.215047797292536
peak_045194,40,1845,1843,22577,22890,fol_40_01236,22734,1,1.74520585920888
peak_045214,40,1879,1877,22941,23197,fol_40_01256,23069,1,2.732886758344096
peak_045238,40,1914,1912,23360,23658,fol_40_01280,23509,1,1.9766794665871683
peak_045246,40,1925,1924,23484,23821,fol_40_01288,23653,1,2.155800758932815
peak_045250,40,1931,1925,23515,23840,fol_40_01292,23678,1,1.7622398326989788
peak_045257,40,1941,1938,23637,23894,fol_40_01299,23766,1,1.9105722312554267
peak_045260,40,1945,1940,23640,23962,fol_40_01302,23801,1,1.75380480094376
peak_045268,40,1958,1956,23793,24106,fol_40_01310,23950,1,3.215368704344167
peak_045272,40,1964,1962,23889,24165,fol_40_01314,24027,1,1.9909518515512972
peak_045285,40,1983,1980,24083,24268,fol_40_01327,24176,1,2.6587626397414645
peak_045312,40,2021,2018,24588,24899,fol_40_01354,24744,1,2.142926729267815
peak_045319,40,2032,2030,24701,25008,fol_40_01361,24855,1,2.360793744452954
peak_045329,40,2048,2041,24905,25045,fol_40_01371,24975,1,2.501215469415356
peak_045340,40,2062,2060,25026,25365,fol_40_01382,25196,1,3.5456940918368685
peak_045347,40,2069,2075,25152,25450,fol_40_01389,25301,1,2.5114291375206914
peak_045351,40,2075,2074,25152,25437,fol_40_01393,25295,1,3.3348986363642408
peak_045355,40,2080,2069,25182,25477,fol_40_01397,25330,1,1.9861247748761912
peak_045356,40,2081,2076,25183,25491,fol_40_01398,25337,1,1.916615964328252
peak_045387,40,2122,2119,25653,26043,fol_40_01429,25848,1,4.298193947010328
peak_045392,40,2127,2124,25790,26090,fol_40_01434,25940,1,1.741480763199836
peak_045399,40,2139,2137,25882,26026,fol_40_01441,25954,1,1.739748762602173
peak_045404,40,2144,2143,25965,26096,fol_40_01446,26031,1,4.727013137068349
peak_045433,40,2184,2182,26562,26812,fol_40_01475,26687,1,1.8874367330278965
peak_045459,40,2226,2225,27121,27309,fol_40_01501,27215,1,1.7630638676309338
peak_045461,40,2230,2227,27165,27434,fol_40_01503,27300,1,2.002533832080983
peak_045469,40,2240,2238,27270,27579,fol_40_01511,27425,1,5.040897023994862
peak_045502,40,2297,2295,28081,28279,fol_40_01544,28180,1,1.9471532674064036
peak_045513,40,2319,2316,28328,28620,fol_40_01555,28474,1,3.1034409458994103
peak_045514,40,2320,2317,28328,28695,fol_40_01556,28512,1,2.419109187554701
peak_045528,40,2334,2330,28487,28782,fol_40_01570,28635,1,1.928226285247743
peak_045538,40,2348,2347,28658,28975,fol_40_01580,28817,1,1.784935599568465
peak_045539,40,2349,2348,28673,29000,fol_40_01581,28837,1,2.403746894004352
peak_045541,40,2351,2345,28701,28928,fol_40_01583,28815,1,3.2756272995600293
peak_045566,40,2391,2390,29183,29356,fol_40_01608,29270,1,3.1756003457661497
peak_045574,41,22,19,1,247,fol_41_00005,124,1,2.077553842278603
peak_045580,41,31,24,7,292,fol_41_00011,150,1,1.7640658306893366
peak_045590,41,43,40,116,409,fol_41_00021,263,1,1.766191310671701
peak_045591,41,45,42,127,332,fol_41_00022,230,1,1.8736737177062528
peak_045597,41,51,50,188,476,fol_41_00028,332,1,1.8203262673525489
peak_045608,41,63,60,281,588,fol_41_00039,435,1,2.1211840691168518
peak_045614,41,70,64,352,601,fol_41_00045,477,1,2.234272468462083
peak_045619,41,77,73,424,610,fol_41_00050,517,1,2.228495332048835
peak_045621,41,81,78,511,767,fol_41_00052,639,1,2.5509495472619284
peak_045647,41,122,119,1129,1412,fol_41_00078,1271,1,1.863652993806007
peak_045648,41,123,120,1141,1471,fol_41_00079,1306,1,1.8017978865618145
peak_045660,41,141,138,1330,1606,fol_41_00091,1468,1,1.735523091625803
peak_045662,41,143,141,1350,1619,fol_41_00093,1485,1,2.0714763721206757
peak_045671,41,160,159,1646,1937,fol_41_00102,1792,1,2.353090249150241
peak_045677,41,170,168,1775,2077,fol_41_00108,1926,1,1.720295983337025
peak_045680,41,174,172,1818,2092,fol_41_00111,1955,1,2.0644070165942967
peak_045689,41,183,181,1916,2205,fol_41_00120,2061,1,2.832980779047375
peak_045695,41,188,186,1949,2192,fol_41_00126,2071,1,4.020623718852528
peak_045697,41,190,187,1968,2102,fol_41_00128,2035,1,2.8506051473261467
peak_045719,41,224,222,2393,2690,fol_41_00150,2542,1,2.397603514785613
peak_045726,41,243,241,2674,2950,fol_41_00157,2812,1,3.831034370055476
peak_045734,41,254,253,2782,3137,fol_41_00165,2960,1,1.7608636390503456
peak_045736,41,257,254,2798,3006,fol_41_00167,2902,1,3.830191601122845
peak_045742,41,266,265,2880,3159,fol_41_00173,3020,1,1.715630665924841
peak_045773,41,312,311,3542,3723,fol_41_00204,3633,1,3.164782783251602
peak_045790,41,335,332,3772,4053,fol_41_00221,3913,1,2.4488485220318363
peak_045798,41,345,342,3876,4149,fol_41_00229,4013,1,3.1252361945721767
peak_045815,41,365,363,4145,4420,fol_41_00246,4283,1,2.049955077967061
peak_045829,41,384,381,4376,4541,fol_41_00260,4459,1,2.539655620516804
peak_045830,41,384,386,4542,4693,fol_41_00261,4618,1,2.006504601739393
peak_045833,41,387,384,4393,4541,fol_41_00264,4467,1,2.82742532982903
peak_045834,41,387,381,4542,4711,fol_41_00265,4627,1,1.7406676512243946
peak_045843,41,397,394,4503,4804,fol_41_00274,4654,1,2.104178349707614
peak_045870,41,432,430,4976,5270,fol_41_00301,5123,1,1.8100216796922632
peak_045887,41,456,455,5352,5579,fol_41_00318,5466,1,2.8342749841686623
peak_045902,41,480,478,5758,5898,fol_41_00333,5828,1,2.135545863950711
peak_045928,41,518,516,6087,6250,fol_41_00359,6169,1,2.2886502178241046
peak_045933,41,529,525,6141,6521,fol_41_00364,6331,1,1.7250179994047132
peak_045941,41,538,532,6179,6368,fol_41_00372,6274,1,3.5811539882737025
peak_045942,41,539,534,6185,6576,fol_41_00373,6381,1,3.708075083922902
peak_045945,41,542,541,6221,6501,fol_41_00376,6361,1,1.7860925237857022
peak_045946,41,543,539,6222,6590,fol_41_00377,6406,1,3.0598455116631285
peak_045947,41,544,543,6235,6400,fol_41_00378,6318,1,5.006266512377575
peak_045948,41,544,546,6401,6557,fol_41_00379,6479,1,2.310333159883923
peak_045951,41,547,544,6401,6576,fol_41_00382,6489,1,2.2739141643481253
peak_045956,41,553,548,6288,6560,fol_41_00387,6424,1,2.493705753220532
peak_045957,41,554,551,6297,6638,fol_41_00388,6468,1,2.0672720956198347
peak_045962,41,559,557,6343,6653,fol_41_00393,6498,1,1.7454418580921716
peak_045968,41,568,566,6449,6777,fol_41_00399,6613,1,2.174043329452751
peak_045972,41,580,576,6559,6831,fol_41_00403,6695,1,1.7491104623341611
peak_045973,41,581,575,6562,6859,fol_41_00404,6711,1,2.569233644429597
peak_045974,41,582,580,6616,6850,fol_41_00405,6733,1,1.7602808252740167
peak_045981,41,590,588,6789,7004,fol_41_00412,6897,1,1.7862317896760769
peak_045982,41,591,589,6749,7038,fol_41_00413,6894,1,2.067426129493553
peak_045986,41,597,596,6862,7108,fol_41_00417,6985,1,2.6152447391078253
peak_045997,41,615,614,7060,7191,fol_41_00428,7126,1,2.2874876978848744
peak_046000,41,622,621,7178,7468,fol_41_00431,7323,1,2.0979871408928235
peak_046004,41,627,626,7218,7514,fol_41_00435,7366,1,2.2048592737980925
peak_046006,41,630,627,7235,7532,fol_41_00437,7384,1,2.723866049916182
peak_046019,41,645,644,7460,7726,fol_41_00450,7593,1,2.32637069986201
peak_046020,41,646,642,7466,7702,fol_41_00451,7584,1,2.265666237703594
peak_046043,41,686,684,7854,8193,fol_41_00474,8024,1,1.8397033115063344
peak_046046,41,689,686,7881,8211,fol_41_00477,8046,1,2.3719353574935127
peak_046051,41,696,693,7955,8258,fol_41_00482,8107,1,2.0176760944177445
peak_046052,41,699,696,7975,8304,fol_41_00483,8140,1,1.746982284726931
peak_046065,41,716,711,8188,8490,fol_41_00496,8339,1,1.8584359349282096
peak_046066,41,717,714,8199,8464,fol_41_00497,8332,1,1.761773947905824
peak_046080,41,739,737,8424,8574,fol_41_00511,8499,1,2.506128305524141
peak_046112,41,787,785,9002,9339,fol_41_00543,9171,1,3.5169094186031904
peak_046129,41,812,810,9239,9513,fol_41_00560,9376,1,2.291400078281825
peak_046130,41,814,809,9270,9455,fol_41_00561,9363,1,1.8733540348691151
peak_046139,41,837,836,9566,9715,fol_41_00570,9641,1,2.571326196821306
peak_046145,41,844,839,9605,9917,fol_41_00576,9761,1,4.705977557851785
peak_046146,41,845,844,9621,9863,fol_41_00577,9742,1,2.220612927551907
peak_046150,41,850,846,9650,9907,fol_41_00581,9779,1,1.8813745629317704
peak_046151,41,852,850,9741,9955,fol_41_00582,9848,1,2.262238586111045
peak_046153,41,855,854,9746,9923,fol_41_00584,9835,1,1.9018968201950088
peak_046155,41,858,856,9768,10011,fol_41_00586,9890,1,1.775595140740046
peak_046164,41,871,864,9894,10079,fol_41_00595,9987,1,3.16038701476214
peak_046172,41,881,879,10028,10158,fol_41_00603,10093,1,3.2398159788204786
peak_046180,41,890,888,10172,10366,fol_41_00611,10269,1,2.0995512938934526
peak_046185,41,899,897,10220,10479,fol_41_00616,10350,1,2.0180017598591107
peak_046187,41,901,899,10238,10542,fol_41_00618,10390,1,2.2137129810582823
peak_046192,41,909,903,10297,10760,fol_41_00623,10529,1,1.984978124927164
peak_046204,41,925,922,10472,10733,fol_41_00635,10603,1,1.864210533792309
peak_046205,41,926,921,10474,10623,fol_41_00636,10549,1,4.36406272588842
peak_046206,41,926,928,10624,10794,fol_41_00637,10709,1,2.677978231617037
peak_046217,41,937,936,10632,10936,fol_41_00648,10784,1,1.8964721909884588
peak_046221,41,941,939,10695,10996,fol_41_00652,10846,1,1.7404680595107938
peak_046223,41,946,944,10848,11021,fol_41_00654,10935,1,2.233833572409305
peak_046226,41,951,949,10779,11037,fol_41_00657,10908,1,3.645839658650793
peak_046257,41,994,991,11248,11539,fol_41_00688,11394,1,2.1927085889857176
peak_046260,41,998,995,11284,11579,fol_41_00691,11432,1,1.7849185413655853
peak_046264,41,1002,998,11307,11493,fol_41_00695,11400,1,3.016310393315589
peak_046268,41,1006,1002,11329,11493,fol_41_00699,11411,1,1.7474453013224809
peak_046286,41,1028,1026,11532,11836,fol_41_00717,11684,1,2.204898433954796
peak_046297,41,1041,1039,11656,11980,fol_41_00728,11818,1,1.7132513166644698
peak_046304,41,1048,1046,11721,11875,fol_41_00735,11798,1,2.8653771694955608
peak_046305,41,1048,1045,11876,12048,fol_41_00736,11962,1,2.3154664708101484
peak_046331,41,1083,1081,12102,12382,fol_41_00762,12242,1,4.102073362499559
peak_046335,41,1090,1083,12167,12394,fol_41_00766,12281,1,1.8658739082317035
peak_046355,41,1134,1133,12749,12890,fol_41_00786,12820,1,2.700619246086528
peak_046363,41,1144,1142,12835,13191,fol_41_00794,13013,1,1.8429560789389892
peak_046365,41,1146,1143,12842,13249,fol_41_00796,13046,1,2.157498247074196
peak_046366,41,1147,1144,12854,13212,fol_41_00797,13033,1,2.0024586353585185
peak_046368,41,1150,1147,12875,13233,fol_41_00799,13054,1,1.973314971251089
peak_046370,41,1152,1150,12887,13251,fol_41_00801,13069,1,2.8621646726592718
peak_046374,41,1155,1149,12893,13176,fol_41_00805,13035,1,2.309850619324823
peak_046385,41,1168,1166,13021,13217,fol_41_00816,13119,1,2.1786045003464687
peak_046392,41,1177,1176,13116,13414,fol_41_00823,13265,1,2.3607271163375403
peak_046395,41,1181,1177,13156,13321,fol_41_00826,13239,1,5.403236111498077
peak_046400,41,1187,1184,13228,13600,fol_41_00831,13414,1,3.303273312952914
peak_046412,41,1210,1206,13453,13797,fol_41_00843,13625,1,1.8403312452895288
peak_046416,41,1215,1213,13498,13796,fol_41_00847,13647,1,5.469520983585696
peak_046451,41,1264,1262,14083,14340,fol_41_00882,14212,1,2.159584640261909
peak_046470,41,1292,1290,14472,14737,fol_41_00901,14605,1,2.3009789363159667
peak_046473,41,1295,1293,14535,14862,fol_41_00904,14699,1,1.7815206702198902
peak_046499,41,1336,1335,15049,15332,fol_41_00930,15191,1,2.1862084621721056
peak_046536,41,1390,1388,15826,16100,fol_41_00967,15963,1,1.887720364063492
peak_046584,41,1453,1450,16503,16812,fol_41_01015,16658,1,2.937089509667512
peak_046586,41,1455,1454,16543,16734,fol_41_01017,16639,1,2.2137111384401007
peak_046592,41,1470,1467,16815,17133,fol_41_01023,16974,1,2.4913964698323587
peak_046595,41,1474,1472,16840,17105,fol_41_01026,16973,1,2.0658104008114413
peak_046604,41,1486,1482,16933,17233,fol_41_01035,17083,1,1.8513922204385584
peak_046607,41,1490,1486,16951,17261,fol_41_01038,17106,1,2.460057503877546
peak_046609,41,1492,1490,16967,17277,fol_41_01040,17122,1,2.0069718677593857
peak_046614,41,1499,1496,17019,17330,fol_41_01045,17175,1,1.9074503547986088
peak_046617,41,1502,1499,17039,17349,fol_41_01048,17194,1,1.8218515475383728
peak_046618,41,1504,1502,17056,17369,fol_41_01049,17213,1,2.485976893638596
peak_046633,41,1521,1519,17200,17437,fol_41_01064,17319,1,3.28476107815175
peak_046635,41,1523,1516,17219,17548,fol_41_01066,17384,1,2.1987321247841938
peak_046643,41,1532,1528,17319,17593,fol_41_01074,17456,1,2.443867688950846
peak_046646,41,1536,1533,17374,17673,fol_41_01077,17524,1,1.944673661836732
peak_046652,41,1545,1543,17478,17779,fol_41_01083,17629,1,2.352189288570592
peak_046677,41,1577,1576,17854,18116,fol_41_01108,17985,1,2.207043727623357
peak_046685,41,1592,1590,18066,18356,fol_41_01116,18211,1,3.5814341325906343
peak_046699,41,1609,1607,18235,18385,fol_41_01130,18310,1,2.2940066076684693
peak_046718,41,1636,1634,18628,18915,fol_41_01149,18772,1,3.894670807672154
peak_046720,41,1638,1635,18643,18964,fol_41_01151,18804,1,4.407943113846737
peak_046741,41,1666,1665,19083,19370,fol_41_01172,19227,1,2.1425881166805607
peak_046762,41,1696,1694,19439,19696,fol_41_01193,19568,1,1.7059523144797917
peak_046780,41,1728,1723,19937,20144,fol_41_01211,20041,1,2.4135642025869872
peak_046791,41,1741,1739,20049,20318,fol_41_01222,20184,1,2.3461476165378627
peak_046793,41,1747,1745,20162,20351,fol_41_01224,20257,1,3.291549050149752
peak_046801,41,1756,1761,20225,20482,fol_41_01232,20354,1,1.8467515084459336
peak_046805,41,1761,1753,20214,20464,fol_41_01236,20339,1,1.8056727296665829
peak_046812,41,1769,1766,20275,20622,fol_41_01243,20449,1,3.7843719934439934
peak_046818,41,1775,1772,20318,20656,fol_41_01249,20487,1,1.815451031467272
peak_046825,41,1783,1782,20508,20671,fol_41_01256,20590,1,1.9140706196473056
peak_046826,41,1788,1787,20571,20957,fol_41_01257,20764,1,1.99796770668107
peak_046865,41,1846,1844,21707,21945,fol_41_01296,21826,1,1.801949582589844
peak_046874,41,1865,1860,22020,22174,fol_41_01305,22097,1,7.306217307076164
peak_046875,41,1866,1864,21979,22256,fol_41_01306,22118,1,1.8514421709990272
peak_046877,41,1870,1866,22015,22276,fol_41_01308,22146,1,3.39135907663257
peak_046900,41,1906,1901,22347,22695,fol_41_01331,22521,1,1.8194526907695672
peak_046901,41,1907,1906,22367,22717,fol_41_01332,22542,1,2.1143155497836768
peak_046909,41,1922,1920,22615,22845,fol_41_01340,22730,1,1.9641550610585563
peak_046910,41,1923,1919,22541,22912,fol_41_01341,22727,1,2.43114353586136
peak_046912,41,1925,1922,22615,22868,fol_41_01343,22742,1,2.0047594362449064
peak_046923,41,1940,1939,22701,23013,fol_41_01354,22857,1,3.27836862878426
peak_046924,41,1943,1942,22773,23060,fol_41_01355,22917,1,1.9850857635924328
peak_046942,41,1974,1970,23084,23303,fol_41_01373,23194,1,2.395251303504069
peak_046949,41,1982,1978,23146,23436,fol_41_01380,23291,1,1.7330593669261567
peak_046969,41,2012,2007,23501,23676,fol_41_01400,23589,1,2.719368536515048
peak_046978,41,2023,2020,23594,23752,fol_41_01409,23673,1,3.435066324724149
peak_046979,41,2023,2022,23753,23901,fol_41_01410,23827,1,2.71691711703727
peak_047000,41,2053,2047,23937,24268,fol_41_01431,24103,1,2.148786796976659
peak_047017,41,2082,2078,24189,24497,fol_41_01448,24343,1,2.2818584711790373
peak_047020,41,2087,2086,24241,24632,fol_41_01451,24437,1,2.6238372752976846
peak_047024,41,2091,2087,24270,24429,fol_41_01455,24350,1,3.1925294720945683
peak_047025,41,2091,2092,24430,24616,fol_41_01456,24523,1,2.1409166642063915
peak_047026,41,2092,2090,24277,24602,fol_41_01457,24440,1,2.731360137638979
peak_047027,41,2093,2084,24302,24516,fol_41_01458,24409,1,1.8712768269744111
peak_047044,41,2115,2112,24657,24921,fol_41_01475,24789,1,1.7160373014644097
peak_047055,41,2135,2131,24966,25218,fol_41_01486,25092,1,1.8307951225708612
peak_047056,41,2136,2132,24951,25081,fol_41_01487,25016,1,2.316915642127836
peak_047078,41,2163,2162,25298,25598,fol_41_01509,25448,1,2.457888656580389
peak_047086,41,2174,2172,25404,25708,fol_41_01517,25556,1,2.364042382461443
peak_047107,41,2205,2203,25799,25935,fol_41_01538,25867,1,3.384801535936792
peak_047116,41,2215,2214,25873,26167,fol_41_01547,26020,1,2.986522644337968
peak_047126,41,2229,2227,26068,26367,fol_41_01557,26218,1,2.8415713641386464
peak_047150,41,2260,2259,26616,26776,fol_41_01581,26696,1,2.8873535740783582
peak_047159,41,2281,2271,26737,26922,fol_41_01590,26830,1,3.0812457916616776
peak_047185,41,2323,2321,27499,27772,fol_41_01616,27636,1,2.185541487770849
peak_047194,41,2334,2330,27633,27957,fol_41_01625,27795,1,1.9744189756241732
peak_047200,41,2348,2346,27787,27965,fol_41_01631,27876,1,3.4151360799360924
peak_047209,42,14,31,3,232,fol_42_00004,118,1,1.721435795114329
peak_047212,42,17,16,23,273,fol_42_00007,148,1,2.170710004106465
peak_047225,42,48,47,181,542,fol_42_00020,362,1,1.9331418911936815
peak_047229,42,59,57,279,661,fol_42_00024,470,1,2.6560483115840845
peak_047238,42,73,70,381,656,fol_42_00033,519,1,1.7392546499712056
peak_047255,42,93,90,544,756,fol_42_00050,650,1,1.886331241065537
peak_047263,42,101,98,612,955,fol_42_00058,784,1,2.8063208857121618
peak_047267,42,106,102,629,923,fol_42_00062,776,1,3.4249454010306573
peak_047274,42,115,113,710,1140,fol_42_00069,925,1,2.374546552799332
peak_047276,42,117,116,734,1027,fol_42_00071,881,1,1.881640684712458
peak_047306,42,162,159,1188,1469,fol_42_00101,1329,1,1.8687544545010852
peak_047313,42,170,166,1270,1550,fol_42_00108,1410,1,1.806601809870289
peak_047331,42,197,194,1598,1855,fol_42_00126,1727,1,1.7199296974646057
peak_047332,42,198,193,1614,1853,fol_42_00127,1734,1,2.750788635105316
peak_047343,42,213,210,1754,2104,fol_42_00138,1929,1,2.1933896641176047
peak_047347,42,219,213,1801,2124,fol_42_00142,1963,1,3.1254681319979136
peak_047354,42,228,227,1875,2290,fol_42_00149,2083,1,1.9413108210803296
peak_047359,42,233,231,1909,2274,fol_42_00154,2092,1,1.914252656585497
peak_047383,42,265,262,2381,2652,fol_42_00178,2517,1,1.8290121978893832
peak_047407,42,302,297,2773,3071,fol_42_00202,2922,1,2.4248340193579243
peak_047412,42,313,309,2867,3148,fol_42_00207,3008,1,2.4867010070304274
peak_047441,42,356,355,3420,3664,fol_42_00236,3542,1,2.4427947208208427
peak_047455,42,380,377,3727,3954,fol_42_00250,3841,1,1.8020971733354911
peak_047461,42,388,386,3818,4120,fol_42_00256,3969,1,1.8990042828294893
peak_047479,42,410,409,4084,4393,fol_42_00274,4239,1,1.896483760811112
peak_047489,42,421,418,4181,4451,fol_42_00284,4316,1,1.7819430417544029
peak_047493,42,425,426,4341,4536,fol_42_00288,4439,1,1.965472749683916
peak_047498,42,432,430,4324,4453,fol_42_00293,4389,1,2.958633131096846
peak_047508,42,447,445,4445,4752,fol_42_00303,4599,1,1.9322797112599372
peak_047531,42,475,472,4670,4957,fol_42_00326,4814,1,2.2825786366121585
peak_047532,42,476,475,4689,4973,fol_42_00327,4831,1,1.8097058939744288
peak_047556,42,510,508,4974,5251,fol_42_00351,5113,1,1.73724515289288
peak_047566,42,522,521,5063,5362,fol_42_00361,5213,1,2.4956821750715585
peak_047567,42,524,522,5073,5380,fol_42_00362,5227,1,1.934234225853924
peak_047570,42,531,529,5146,5475,fol_42_00365,5311,1,1.7926064760192375
peak_047602,42,572,570,5639,5951,fol_42_00397,5795,1,1.8459291513554708
peak_047607,42,578,577,5757,5963,fol_42_00402,5860,1,3.05349229896626
peak_047641,42,628,626,6259,6486,fol_42_00436,6373,1,3.458368560109956
peak_047653,42,654,653,6582,6879,fol_42_00448,6731,1,1.9568748567333816
peak_047654,42,655,654,6612,6901,fol_42_00449,6757,1,1.9682749362356795
peak_047686,42,702,698,7191,7476,fol_42_00481,7334,1,1.9446343887536437
peak_047699,42,721,717,7374,7659,fol_42_00494,7517,1,1.9337373298677965
peak_047700,42,722,721,7396,7676,fol_42_00495,7536,1,1.7472061822177396
peak_047703,42,726,724,7455,7776,fol_42_00498,7616,1,1.9869694403710176
peak_047717,42,744,739,7590,7795,fol_42_00512,7693,1,3.0296389609034784
peak_047718,42,744,747,7796,7942,fol_42_00513,7869,1,2.000849237156745
peak_047721,42,747,746,7618,7913,fol_42_00516,7766,1,1.785352592898981
peak_047726,42,751,744,7796,7942,fol_42_00521,7869,1,2.0172247803338874
peak_047729,42,756,754,7697,8063,fol_42_00524,7880,1,2.4149069125307605
peak_047731,42,758,756,7708,8079,fol_42_00526,7894,1,3.574302983423002
peak_047735,42,763,760,7812,8055,fol_42_00530,7934,1,2.596764574138898
peak_047736,42,764,769,7904,8083,fol_42_00531,7994,1,2.938441390826629
peak_047740,42,769,763,7904,8073,fol_42_00535,7989,1,2.966862038680557
peak_047763,42,808,805,8328,8594,fol_42_00558,8461,1,2.0384801377481057
peak_047783,42,834,833,8702,8912,fol_42_00578,8807,1,2.2544689998474907
peak_047788,42,845,840,8663,8927,fol_42_00583,8795,1,1.7285194607284529
peak_047800,42,862,861,8901,9282,fol_42_00595,9092,1,2.214690450006509
peak_047803,42,866,862,8922,9302,fol_42_00598,9112,1,1.850833918296372
peak_047804,42,867,866,8937,9101,fol_42_00599,9019,1,4.199503863732133
peak_047805,42,867,871,9102,9269,fol_42_00600,9186,1,6.116741466213783
peak_047885,42,974,971,10145,10474,fol_42_00680,10310,1,2.3989334991735194
peak_047886,42,976,974,10168,10483,fol_42_00681,10326,1,2.068732115081777
peak_047921,42,1021,1018,10700,11019,fol_42_00716,10860,1,1.7229495936376402
peak_047924,42,1025,1021,10721,11059,fol_42_00719,10890,1,2.596039356442038
peak_047925,42,1026,1024,10728,11008,fol_42_00720,10868,1,2.2334361072501285
peak_047929,42,1038,1036,10882,11090,fol_42_00724,10986,1,1.8442526023713264
peak_047971,42,1107,1105,11821,12150,fol_42_00766,11986,1,1.7470169059772749
peak_047972,42,1108,1106,11829,12126,fol_42_00767,11978,1,4.189262515914227
peak_047977,42,1115,1114,11883,12118,fol_42_00772,12001,1,3.010434065631268
peak_047979,42,1117,1115,11908,12059,fol_42_00774,11984,1,3.749910201441336
peak_047980,42,1117,1115,12119,12246,fol_42_00775,12183,1,4.086930937076039
peak_047985,42,1125,1117,12060,12258,fol_42_00780,12159,1,1.9804414401005843
peak_047992,42,1134,1132,12046,12322,fol_42_00787,12184,1,2.522641761743051
peak_047995,42,1138,1134,12077,12337,fol_42_00790,12207,1,2.2930282827523
peak_047996,42,1139,1137,12181,12376,fol_42_00791,12279,1,4.047403439849293
peak_048012,42,1159,1157,12448,12650,fol_42_00807,12549,1,3.594194951175718
peak_048022,42,1176,1168,12492,12748,fol_42_00817,12620,1,2.6271694340410274
peak_048035,42,1192,1189,12645,12961,fol_42_00830,12803,1,2.220394969199193
peak_048038,42,1195,1193,12664,13020,fol_42_00833,12842,1,2.0098192979171063
peak_048039,42,1196,1192,12668,12982,fol_42_00834,12825,1,1.8004874050898878
peak_048055,42,1215,1214,12924,13160,fol_42_00850,13042,1,2.38315830734679
peak_048085,42,1254,1252,13237,13519,fol_42_00880,13378,1,2.5115130500239222
peak_048107,42,1282,1281,13589,13861,fol_42_00902,13725,1,2.212467386625413
peak_048115,42,1295,1293,13755,14081,fol_42_00910,13918,1,1.9241281712322231
peak_048119,42,1303,1299,13824,14108,fol_42_00914,13966,1,2.1213651943639804
peak_048128,42,1315,1310,13942,14194,fol_42_00923,14068,1,1.710115047870928
peak_048167,42,1369,1366,14435,14734,fol_42_00962,14585,1,1.851824248318146
peak_048172,42,1374,1371,14506,14820,fol_42_00967,14663,1,2.7825292338736998
peak_048178,42,1384,1380,14632,14835,fol_42_00973,14734,1,2.4259607804116388
peak_048195,42,1413,1410,15148,15418,fol_42_00990,15283,1,3.7099836724079953
peak_048211,42,1432,1430,15299,15615,fol_42_01006,15457,1,2.0014679528146853
peak_048245,42,1474,1473,15729,16110,fol_42_01040,15920,1,2.1876041748762174
peak_048252,42,1482,1481,15814,16105,fol_42_01047,15960,1,1.7646518585200657
peak_048278,42,1515,1514,16148,16438,fol_42_01073,16293,1,1.819516796086368
peak_048288,42,1528,1526,16261,16623,fol_42_01083,16442,1,2.748760603954303
peak_048292,42,1533,1530,16289,16489,fol_42_01087,16389,1,3.707447004873722
peak_048314,42,1560,1556,16595,16866,fol_42_01109,16731,1,1.7863627998153202
peak_048333,42,1592,1589,17178,17360,fol_42_01128,17269,1,2.0329891386467414
peak_048340,42,1604,1603,17261,17528,fol_42_01135,17395,1,2.2424915135064425
peak_048342,42,1606,1604,17273,17550,fol_42_01137,17412,1,2.0577792810824307
peak_048355,42,1624,1622,17533,17745,fol_42_01150,17639,1,2.3855406693918777
peak_048386,42,1669,1665,18077,18479,fol_42_01181,18278,1,2.687516886967125
peak_048407,42,1689,1687,18272,18578,fol_42_01202,18425,1,2.105877006370742
peak_048408,42,1690,1685,18278,18559,fol_42_01203,18419,1,6.776106376379723
peak_048412,42,1694,1691,18310,18494,fol_42_01207,18402,1,2.136612291676101
peak_048413,42,1695,1694,18327,18632,fol_42_01208,18480,1,1.791992037876221
peak_048417,42,1700,1698,18348,18655,fol_42_01212,18502,1,4.33645673218017
peak_048419,42,1702,1701,18470,18706,fol_42_01214,18588,1,2.150950055058725
peak_048450,42,1743,1740,18800,19127,fol_42_01245,18964,1,2.2204563060815543
peak_048462,42,1756,1755,18925,19286,fol_42_01257,19106,1,1.7310061364644933
peak_048472,42,1768,1763,19163,19407,fol_42_01267,19285,1,3.08201920382863
peak_048473,42,1769,1765,19113,19282,fol_42_01268,19198,1,2.378285635839553
peak_048474,42,1771,1767,19118,19357,fol_42_01269,19238,1,1.8690500985556608
peak_048500,42,1815,1811,19727,19996,fol_42_01295,19862,1,3.87625210541416
peak_048503,42,1819,1817,19753,20018,fol_42_01298,19886,1,1.7868599119395898
peak_048512,42,1829,1828,19854,20139,fol_42_01307,19997,1,3.652422530403172
peak_048517,42,1835,1832,19930,20239,fol_42_01312,20085,1,3.3587981679665937
peak_048552,42,1886,1883,20671,20940,fol_42_01347,20806,1,1.7409846858548452
peak_048560,42,1895,1891,20761,21014,fol_42_01355,20888,1,2.102075789850705
peak_048577,42,1928,1926,21199,21480,fol_42_01372,21340,1,1.713290809010286
peak_048587,42,1940,1938,21362,21651,fol_42_01382,21507,1,1.8609374822929403
peak_048593,42,1951,1949,21487,21788,fol_42_01388,21638,1,1.8883470179044024
peak_048597,42,1957,1956,21579,21849,fol_42_01392,21714,1,2.131516212159549
peak_048603,42,1972,1968,21706,21987,fol_42_01398,21847,1,3.294849121225685
peak_048604,42,1973,1972,21721,22027,fol_42_01399,21874,1,1.755142677117863
peak_048612,42,1988,1986,21862,22015,fol_42_01407,21939,1,2.157651059581325
peak_048617,42,1993,1991,21948,22205,fol_42_01412,22077,1,2.1824421346403127
peak_048629,42,2008,2005,22117,22430,fol_42_01424,22274,1,2.2754840172930737
peak_048632,42,2011,2008,22154,22446,fol_42_01427,22300,1,2.200942886126084
peak_048640,42,2028,2026,22364,22594,fol_42_01435,22479,1,2.875450058673345
peak_048646,42,2038,2036,22430,22769,fol_42_01441,22600,1,1.8476147395732347
peak_048657,42,2052,2050,22532,22831,fol_42_01452,22682,1,2.07030359169918
peak_048659,42,2054,2052,22555,22858,fol_42_01454,22707,1,1.9119271589495053
peak_048661,42,2057,2054,22574,22875,fol_42_01456,22725,1,1.7565199321113658
peak_048676,42,2074,2073,22778,23084,fol_42_01471,22931,1,2.16756139096918
peak_048683,42,2082,2077,22815,23127,fol_42_01478,22971,1,1.926929349000492
peak_048717,42,2127,2123,23306,23638,fol_42_01512,23472,1,1.747300294833746
peak_048729,42,2145,2142,23549,23940,fol_42_01524,23745,1,1.9354480360019104
peak_048731,42,2148,2146,23576,23885,fol_42_01526,23731,1,1.9966495912858824
peak_048735,42,2153,2149,23605,23990,fol_42_01530,23798,1,3.5557700914931045
peak_048736,42,2154,2153,23618,24003,fol_42_01531,23811,1,2.2289883822962744
peak_048743,42,2161,2160,23688,24044,fol_42_01538,23866,1,2.95530790651576
peak_048744,42,2162,2161,23699,24044,fol_42_01539,23872,1,3.5377423560876946
peak_048767,42,2196,2193,24098,24434,fol_42_01562,24266,1,1.7237381960656477
peak_048776,42,2209,2206,24287,24602,fol_42_01571,24445,1,2.016981786733848
peak_048780,42,2215,2213,24368,24536,fol_42_01575,24452,1,3.029246049768504
peak_048801,42,2244,2243,24732,25039,fol_42_01596,24886,1,3.1141847800607207
peak_048809,42,2258,2259,24964,25221,fol_42_01604,25093,1,2.379223672628377
peak_048816,42,2271,2267,25130,25388,fol_42_01611,25259,1,2.022665767535649
peak_048819,42,2275,2274,25166,25471,fol_42_01614,25319,1,2.3313143244660406
peak_048821,42,2278,2275,25184,25485,fol_42_01616,25335,1,1.9750889538178864
peak_048840,42,2300,2299,25393,25712,fol_42_01635,25553,1,2.1328396635877627
peak_048847,42,2309,2308,25482,25746,fol_42_01642,25614,1,2.375041865525539
peak_048851,42,2316,2314,25525,25807,fol_42_01646,25666,1,1.8795979939975749
peak_048855,42,2320,2319,25599,25835,fol_42_01650,25717,1,1.7500331328530343
peak_048871,42,2345,2344,25805,25985,fol_42_01666,25895,1,1.7167661636698404
peak_048894,42,2379,2374,26091,26421,fol_42_01689,26256,1,1.782108549166123
peak_048896,42,2382,2380,26118,26427,fol_42_01691,26273,1,1.746904366531056
peak_048899,42,2385,2382,26136,26448,fol_42_01694,26292,1,3.4489990842666938
peak_048903,42,2391,2388,26199,26530,fol_42_01698,26365,1,4.674332559306378
peak_048905,42,2394,2391,26223,26540,fol_42_01700,26382,1,1.907100888723841
peak_048913,42,2404,2401,26342,26673,fol_42_01708,26508,1,2.172414462752477
peak_048914,42,2405,2402,26348,26713,fol_42_01709,26531,1,2.1540024004956515
peak_048917,42,2408,2407,26376,26674,fol_42_01712,26525,1,2.244754783823816
peak_048927,42,2419,2417,26457,26740,fol_42_01722,26599,1,1.7376545604126623
peak_048939,43,12,11,1,170,fol_43_00002,86,1,2.8287760934783788
peak_048951,43,37,20,185,378,fol_43_00014,282,1,2.082585028915779
peak_048956,43,43,39,110,402,fol_43_00019,256,1,2.294262742476308
peak_048957,43,44,41,113,326,fol_43_00020,220,1,3.039702631260188
peak_048958,43,45,43,125,419,fol_43_00021,272,1,1.7239803646364311
peak_048966,43,54,52,271,511,fol_43_00029,391,1,2.0310944470697097
peak_048976,43,69,68,513,745,fol_43_00039,629,1,2.7563228271207465
peak_048996,43,97,96,921,1268,fol_43_00059,1095,1,2.040131912437256
peak_049015,43,127,126,1184,1548,fol_43_00078,1366,1,2.893686235468906
peak_049020,43,133,131,1231,1575,fol_43_00083,1403,1,2.24028576780484
peak_049028,43,144,142,1367,1622,fol_43_00091,1495,1,4.338687567939779
peak_049029,43,145,144,1383,1652,fol_43_00092,1518,1,1.800966286534718
peak_049044,43,168,166,1707,1988,fol_43_00107,1848,1,1.8615525745749169
peak_049054,43,186,183,1960,2261,fol_43_00117,2111,1,2.056951947697548
peak_049056,43,191,189,2044,2317,fol_43_00119,2181,1,2.011836318524592
peak_049074,43,216,222,2521,2655,fol_43_00137,2588,1,2.235585578672786
peak_049076,43,218,222,2386,2520,fol_43_00139,2453,1,1.7621683855563672
peak_049093,43,240,238,2536,2804,fol_43_00156,2670,1,2.059491791128272
peak_049094,43,241,240,2558,2819,fol_43_00157,2689,1,2.402441328981381
peak_049131,43,292,290,3206,3440,fol_43_00194,3323,1,2.7586126778035944
peak_049134,43,295,292,3227,3472,fol_43_00197,3350,1,1.905411688994578
peak_049135,43,297,295,3246,3490,fol_43_00198,3368,1,1.7207648588612336
peak_049138,43,303,301,3353,3676,fol_43_00201,3515,1,4.00620960308954
peak_049143,43,308,306,3397,3665,fol_43_00206,3531,1,2.1190109249640834
peak_049145,43,312,308,3431,3682,fol_43_00208,3557,1,2.3519983595069744
peak_049150,43,317,315,3501,3731,fol_43_00213,3616,1,2.8865688163938747
peak_049158,43,328,325,3666,3868,fol_43_00221,3767,1,2.593375269966128
peak_049170,43,348,345,3837,4156,fol_43_00233,3997,1,2.418988195923121
peak_049173,43,351,349,3855,4153,fol_43_00236,4004,1,2.465519982235437
peak_049176,43,356,353,3895,4202,fol_43_00239,4049,1,2.006371601645958
peak_049180,43,361,360,4039,4316,fol_43_00243,4178,1,2.3490749059949385
peak_049212,43,397,394,4400,4690,fol_43_00275,4545,1,3.019991123374381
peak_049216,43,402,399,4447,4723,fol_43_00279,4585,1,2.094616735364037
peak_049241,43,436,434,4934,5220,fol_43_00304,5077,1,1.8498841873921936
peak_049249,43,444,441,5044,5237,fol_43_00312,5141,1,1.7216850811661415
peak_049265,43,465,464,5332,5585,fol_43_00328,5459,1,1.7273196094943088
peak_049270,43,475,474,5422,5684,fol_43_00333,5553,1,2.1649221962073013
peak_049279,43,489,487,5613,5870,fol_43_00342,5742,1,2.9736959530183023
peak_049292,43,509,506,5855,5998,fol_43_00355,5927,1,2.0016436330055023
peak_049316,43,539,536,6194,6456,fol_43_00379,6325,1,1.9929330688704283
peak_049328,43,558,554,6503,6665,fol_43_00391,6584,1,1.878650167189274
peak_049333,43,563,560,6434,6586,fol_43_00396,6510,1,2.844314538991095
peak_049337,43,569,565,6504,6781,fol_43_00400,6643,1,1.7235333543354612
peak_049340,43,573,570,6549,6946,fol_43_00403,6748,1,2.002425685654483
peak_049352,43,589,587,6825,7078,fol_43_00415,6952,1,6.682237700712493
peak_049366,43,614,612,7253,7566,fol_43_00429,7410,1,2.4619223277823834
peak_049375,43,624,622,7340,7645,fol_43_00438,7493,1,2.6480343206127537
peak_049379,43,631,628,7381,7654,fol_43_00442,7518,1,2.580153782293474
peak_049382,43,635,632,7398,7735,fol_43_00445,7567,1,2.8461514259845107
peak_049384,43,637,635,7420,7751,fol_43_00447,7586,1,1.833437638233781
peak_049388,43,641,637,7457,7591,fol_43_00451,7524,1,2.660545263254417
peak_049397,43,649,646,7558,7831,fol_43_00460,7695,1,1.7143015654050082
peak_049402,43,654,651,7606,7893,fol_43_00465,7750,1,2.6118958829900576
peak_049444,43,709,707,8259,8495,fol_43_00507,8377,1,1.843109677851197
peak_049453,43,721,717,8371,8663,fol_43_00516,8517,1,1.9492837773169636
peak_049481,43,773,767,9164,9302,fol_43_00544,9233,1,2.462989940506961
peak_049486,43,785,784,9346,9682,fol_43_00549,9514,1,3.1634944227063486
peak_049490,43,791,787,9379,9530,fol_43_00553,9455,1,2.017266567248217
peak_049492,43,793,789,9484,9673,fol_43_00555,9579,1,3.0034331382131976
peak_049493,43,794,792,9408,9731,fol_43_00556,9570,1,2.1716124496530296
peak_049507,43,813,812,9678,9980,fol_43_00570,9829,1,2.032046762744467
peak_049512,43,821,817,9732,10026,fol_43_00575,9879,1,1.822670951027132
peak_049515,43,824,820,9762,10031,fol_43_00578,9897,1,5.620965784008394
peak_049518,43,828,823,9805,10007,fol_43_00581,9906,1,1.9585191357018743
peak_049525,43,837,835,9944,10191,fol_43_00588,10068,1,1.7487763210467413
peak_049528,43,840,839,9969,10286,fol_43_00591,10128,1,2.404917022711135
peak_049536,43,849,848,10124,10372,fol_43_00599,10248,1,1.7692262507122294
peak_049537,43,850,849,10248,10390,fol_43_00600,10319,1,1.889747860967536
peak_049554,43,874,873,10471,10712,fol_43_00617,10592,1,1.7588355047489073
peak_049557,43,887,883,10585,10725,fol_43_00620,10655,1,1.8991855505247024
peak_049562,43,896,894,10656,11056,fol_43_00625,10856,1,4.214123205287865
peak_049571,43,905,901,10732,11045,fol_43_00634,10889,1,2.6874529474838007
peak_049576,43,910,909,10799,11063,fol_43_00639,10931,1,1.9060777846496288
peak_049584,43,920,918,10887,11209,fol_43_00647,11048,1,1.7195181209460697
peak_049586,43,922,920,11082,11229,fol_43_00649,11156,1,3.25267450118719
peak_049609,43,957,953,11249,11527,fol_43_00672,11388,1,2.1216204947588806
peak_049633,43,991,990,11501,11835,fol_43_00696,11668,1,2.2554098420965394
peak_049656,43,1024,1020,11856,12210,fol_43_00719,12033,1,1.985212215373916
peak_049664,43,1032,1030,12163,12308,fol_43_00727,12236,1,2.267229246544821
peak_049665,43,1033,1029,11922,12147,fol_43_00728,12035,1,1.8840103039213865
peak_049676,43,1050,1046,12062,12396,fol_43_00739,12229,1,1.943026347654124
peak_049698,43,1074,1071,12357,12736,fol_43_00761,12547,1,2.5767623570536173
peak_049700,43,1077,1075,12394,12709,fol_43_00763,12552,1,3.019858043081047
peak_049705,43,1085,1081,12452,12602,fol_43_00768,12527,1,2.122784167420815
peak_049710,43,1093,1086,12600,12800,fol_43_00773,12700,1,1.7564295561766226
peak_049727,43,1117,1114,12858,12998,fol_43_00790,12928,1,2.1862968612543834
peak_049733,43,1124,1120,12785,13119,fol_43_00796,12952,1,2.0717918813954603
peak_049738,43,1129,1124,12841,13137,fol_43_00801,12989,1,1.949369739760124
peak_049774,43,1181,1179,13510,13862,fol_43_00837,13686,1,3.165669143226646
peak_049778,43,1185,1181,13528,13874,fol_43_00841,13701,1,1.7939655536562238
peak_049780,43,1187,1184,13545,13877,fol_43_00843,13711,1,1.7589593415992302
peak_049792,43,1201,1200,13751,14053,fol_43_00855,13902,1,2.8555818084792124
peak_049799,43,1210,1206,13831,14113,fol_43_00862,13972,1,2.186493618484496
peak_049802,43,1215,1214,13936,14113,fol_43_00865,14025,1,1.747373343750362
peak_049808,43,1223,1222,13957,14264,fol_43_00871,14111,1,1.8901954983194236
peak_049819,43,1236,1234,14102,14445,fol_43_00882,14274,1,2.438906700906767
peak_049825,43,1245,1243,14164,14503,fol_43_00888,14334,1,1.781081523936925
peak_049830,43,1253,1251,14200,14481,fol_43_00893,14341,1,2.5011105411361805
peak_049831,43,1254,1252,14200,14427,fol_43_00894,14314,1,5.194313674530761
peak_049841,43,1267,1266,14304,14621,fol_43_00904,14463,1,1.9173007849878545
peak_049860,43,1293,1290,14587,14809,fol_43_00923,14698,1,2.528047271891984
peak_049873,43,1312,1309,14847,15098,fol_43_00936,14973,1,1.992861520254676
peak_049896,43,1343,1341,15187,15516,fol_43_00959,15352,1,1.815947748462964
peak_049907,43,1361,1359,15351,15678,fol_43_00970,15515,1,4.228262779740829
peak_049908,43,1363,1360,15357,15667,fol_43_00971,15512,1,3.1017915438322827
peak_049914,43,1371,1367,15405,15798,fol_43_00977,15602,1,2.0155592107520457
peak_049918,43,1375,1374,15457,15792,fol_43_00981,15625,1,1.875426463957754
peak_049923,43,1381,1379,15503,15817,fol_43_00986,15660,1,1.8945323231063416
peak_049931,43,1389,1386,15549,15833,fol_43_00994,15691,1,3.249830261598205
peak_049933,43,1392,1388,15585,15856,fol_43_00996,15721,1,7.609922985999832
peak_049967,43,1436,1433,16170,16491,fol_43_01030,16331,1,2.3113289679155504
peak_049982,43,1460,1456,16379,16667,fol_43_01045,16523,1,1.7613032408638185
peak_049989,43,1469,1465,16454,16736,fol_43_01052,16595,1,1.719976002631433
peak_050007,43,1495,1492,16737,17013,fol_43_01070,16875,1,1.8445132581696704
peak_050014,43,1505,1502,16861,17174,fol_43_01077,17018,1,3.125378949759314
peak_050020,43,1510,1508,16896,17171,fol_43_01083,17034,1,1.7871310330782932
peak_050038,43,1537,1536,17467,17615,fol_43_01101,17541,1,2.100425153102935
peak_050041,43,1540,1537,17467,17634,fol_43_01104,17551,1,1.7314504778609578
peak_050048,43,1549,1548,17555,17748,fol_43_01111,17652,1,2.805296444994552
peak_050052,43,1553,1551,17500,17764,fol_43_01115,17632,1,2.0852002294367296
peak_050062,43,1568,1567,17935,18083,fol_43_01125,18009,1,1.7888542149100857
peak_050067,43,1579,1575,17931,18171,fol_43_01130,18051,1,2.010001805150303
peak_050068,43,1580,1579,17949,18252,fol_43_01131,18101,1,1.759755849671194
peak_050070,43,1588,1585,18004,18324,fol_43_01133,18164,1,1.8184542930744545
peak_050091,43,1619,1617,18345,18652,fol_43_01154,18499,1,2.0933848282074137
peak_050096,43,1625,1623,18385,18690,fol_43_01159,18538,1,1.9117731560491515
peak_050104,43,1638,1636,18525,18801,fol_43_01167,18663,1,1.9447917695074624
peak_050106,43,1641,1638,18541,18818,fol_43_01169,18680,1,3.008313770823572
peak_050120,43,1656,1655,18693,18977,fol_43_01183,18835,1,1.7572604671917855
peak_050125,43,1673,1671,19000,19274,fol_43_01188,19137,1,2.152929869603065
peak_050132,43,1682,1679,19098,19403,fol_43_01195,19251,1,1.9471143385830032
peak_050135,43,1686,1684,19284,19435,fol_43_01198,19360,1,2.345739905408306
peak_050136,43,1687,1681,19115,19400,fol_43_01199,19258,1,2.1559983001040672
peak_050159,43,1715,1714,19408,19653,fol_43_01222,19531,1,1.8634113261379743
peak_050186,43,1746,1744,19786,20087,fol_43_01249,19937,1,1.8783211597337688
peak_050189,43,1751,1749,19910,20202,fol_43_01252,20056,1,3.967108003178698
peak_050197,43,1762,1761,20027,20278,fol_43_01260,20153,1,2.139699787310159
peak_050202,43,1769,1765,20067,20199,fol_43_01265,20133,1,3.5993140385832616
peak_050208,43,1780,1778,20150,20365,fol_43_01271,20258,1,3.3032050807282114
peak_050209,43,1781,1779,20152,20437,fol_43_01272,20295,1,1.9749753986917955
peak_050222,43,1799,1797,20325,20622,fol_43_01285,20474,1,2.2093052562805062
peak_050231,43,1809,1808,20459,20648,fol_43_01294,20554,1,2.1740241556571847
peak_050249,43,1831,1830,20716,20999,fol_43_01312,20858,1,1.7907299414833977
peak_050274,43,1865,1863,21053,21396,fol_43_01337,21225,1,2.373625744695369
peak_050282,43,1875,1873,21155,21481,fol_43_01345,21318,1,2.157872575469692
peak_050301,43,1902,1896,21478,21654,fol_43_01364,21566,1,2.8891729512600524
peak_050302,43,1904,1901,21488,21743,fol_43_01365,21616,1,2.61975268813653
peak_050315,43,1919,1917,21633,21915,fol_43_01378,21774,1,2.143291410469332
peak_050333,43,1942,1940,21860,22195,fol_43_01396,22028,1,1.7595701271407411
peak_050337,43,1946,1944,21900,22282,fol_43_01400,22091,1,1.8027322863837725
peak_050342,43,1953,1952,22157,22316,fol_43_01405,22237,1,4.293519572842391
peak_050349,43,1961,1958,22158,22427,fol_43_01412,22293,1,2.5841381555364804
peak_050356,43,1971,1966,22256,22577,fol_43_01419,22417,1,2.093868050732578
peak_050389,43,2014,2013,22744,23063,fol_43_01452,22904,1,4.265671702799691
peak_050397,43,2022,2019,22788,23083,fol_43_01460,22936,1,1.7885269035769902
peak_050400,43,2026,2024,22823,23121,fol_43_01463,22972,1,2.134084810576274
peak_050402,43,2028,2026,22853,22999,fol_43_01465,22926,1,2.724533639852912
peak_050407,43,2035,2032,22922,23134,fol_43_01470,23028,1,3.0254765429524206
peak_050411,43,2041,2038,22972,23247,fol_43_01474,23110,1,2.13938387801062
peak_050421,43,2056,2053,23130,23414,fol_43_01484,23272,1,1.769938557360759
peak_050425,43,2060,2057,23181,23453,fol_43_01488,23317,1,1.9064610465318343
peak_050427,43,2063,2059,23285,23493,fol_43_01490,23389,1,4.205922740778009
peak_050445,43,2085,2084,23392,23688,fol_43_01508,23540,1,2.351232635074225
peak_050454,43,2096,2093,23494,23767,fol_43_01517,23631,1,2.50122110955178
peak_050462,43,2105,2104,23723,23863,fol_43_01525,23793,1,2.874882493926178
peak_050468,43,2116,2115,23742,24052,fol_43_01531,23897,1,1.8028399025209565
peak_050470,43,2118,2116,23763,24073,fol_43_01533,23918,1,1.7761784362488309
peak_050507,43,2168,2166,24358,24671,fol_43_01570,24515,1,2.039101886289379
peak_050529,43,2195,2190,24557,24831,fol_43_01592,24694,1,2.0477966980460662
peak_050530,43,2196,2195,24572,24848,fol_43_01593,24710,1,1.710057364506717
peak_050540,43,2208,2206,24691,25072,fol_43_01603,24882,1,3.023179896597492
peak_050543,43,2212,2210,24709,25009,fol_43_01606,24859,1,1.7612449070007412
peak_050548,43,2221,2217,24790,24925,fol_43_01611,24858,1,1.9814674665342336
peak_050549,43,2221,2222,24926,25182,fol_43_01612,25054,1,2.5563993426932505
peak_050552,43,2227,2221,24926,25203,fol_43_01615,25065,1,3.103522229483965
peak_050565,43,2244,2238,24970,25295,fol_43_01628,25133,1,7.363623754169406
peak_050583,44,28,25,35,341,fol_44_00005,188,1,1.7565195588428393
peak_050587,44,32,29,61,375,fol_44_00009,218,1,2.3960293063702
peak_050588,44,33,28,62,353,fol_44_00010,208,1,2.0065856652277585
peak_050594,44,40,37,121,385,fol_44_00016,253,1,2.105253577031696
peak_050616,44,73,72,634,859,fol_44_00038,747,1,1.736052865413492
peak_050629,44,89,88,794,1063,fol_44_00051,929,1,2.013630301096232
peak_050634,44,96,92,859,1119,fol_44_00056,989,1,2.025240369718403
peak_050642,44,105,101,946,1213,fol_44_00064,1080,1,1.706670260021503
peak_050647,44,112,111,1074,1365,fol_44_00069,1220,1,1.9369261824421653
peak_050650,44,116,110,1103,1407,fol_44_00072,1255,1,2.3190819865310925
peak_050652,44,119,117,1152,1443,fol_44_00074,1298,1,2.605020665739039
peak_050654,44,122,118,1175,1468,fol_44_00076,1322,1,2.152130998565116
peak_050656,44,125,122,1192,1485,fol_44_00078,1339,1,1.9837549885195356
peak_050670,44,151,148,1547,1830,fol_44_00092,1689,1,1.7249018021641935
peak_050681,44,165,164,1780,2023,fol_44_00103,1902,1,2.0917957532379434
peak_050691,44,180,177,1911,2185,fol_44_00113,2048,1,2.168488521377832
peak_050706,44,203,200,2139,2507,fol_44_00128,2323,1,1.929064597921879
peak_050708,44,205,204,2158,2387,fol_44_00130,2273,1,3.2328267721088544
peak_050711,44,209,210,2192,2503,fol_44_00133,2348,1,1.7647130616050135
peak_050712,44,210,202,2192,2486,fol_44_00134,2339,1,2.141278576189089
peak_050720,44,219,215,2290,2596,fol_44_00142,2443,1,2.2756174782027334
peak_050730,44,231,228,2386,2638,fol_44_00152,2512,1,2.374017795380506
peak_050745,44,249,246,2655,2793,fol_44_00167,2724,1,3.1878294292769844
peak_050763,44,275,272,2897,3172,fol_44_00185,3035,1,2.033942866218396
peak_050767,44,281,280,2985,3286,fol_44_00189,3136,1,2.229699252575738
peak_050778,44,301,299,3306,3449,fol_44_00200,3378,1,2.1873463499640216
peak_050781,44,307,303,3242,3515,fol_44_00203,3379,1,2.135252183901494
peak_050783,44,309,308,3270,3564,fol_44_00205,3417,1,1.748494646111922
peak_050789,44,319,317,3394,3664,fol_44_00211,3529,1,2.1688070239350563
peak_050818,44,364,363,3977,4180,fol_44_00240,4079,1,2.6357518163593032
peak_050824,44,376,370,4004,4258,fol_44_00246,4131,1,2.0543494421460884
peak_050845,44,405,399,4487,4620,fol_44_00267,4554,1,2.1359284530038
peak_050849,44,410,408,4362,4665,fol_44_00271,4514,1,2.0780283382893314
peak_050851,44,414,410,4374,4681,fol_44_00273,4528,1,4.114879475194474
peak_050852,44,415,409,4378,4658,fol_44_00274,4518,1,2.4115110317909303
peak_050853,44,416,413,4385,4604,fol_44_00275,4495,1,6.50834601583469
peak_050866,44,428,425,4519,4886,fol_44_00288,4703,1,1.8209809486451007
peak_050868,44,430,428,4547,4901,fol_44_00290,4724,1,2.0968261049860493
peak_050869,44,431,430,4567,4929,fol_44_00291,4748,1,2.435392650845432
peak_050872,44,434,431,4584,4943,fol_44_00294,4764,1,2.7077822173322783
peak_050876,44,439,434,4614,4957,fol_44_00298,4786,1,1.739410078105674
peak_050877,44,440,439,4629,4975,fol_44_00299,4802,1,2.961629476975073
peak_050885,44,450,447,4707,4988,fol_44_00307,4848,1,1.9841342768517267
peak_050886,44,451,449,4713,5027,fol_44_00308,4870,1,2.3091492069519366
peak_050889,44,454,453,4753,5023,fol_44_00311,4888,1,1.853687665886672
peak_050894,44,464,462,4840,5124,fol_44_00316,4982,1,2.46752380736734
peak_050901,44,476,474,4942,5083,fol_44_00323,5013,1,1.8507457088743244
peak_050906,44,481,478,4964,5348,fol_44_00328,5156,1,2.33662592941138
peak_050907,44,483,481,4982,5199,fol_44_00329,5091,1,3.604150158428149
peak_050908,44,483,486,5200,5332,fol_44_00330,5266,1,1.9120527329928825
peak_050920,44,503,501,5329,5616,fol_44_00342,5473,1,1.8245668513855824
peak_050922,44,506,505,5379,5628,fol_44_00344,5504,1,1.7777572154475716
peak_050933,44,520,518,5548,5789,fol_44_00355,5669,1,2.26487759713122
peak_050936,44,527,526,5642,5869,fol_44_00358,5756,1,1.7948649819971223
peak_050957,44,557,552,5905,6097,fol_44_00379,6001,1,2.581640080931704
peak_050977,44,586,581,6357,6563,fol_44_00399,6460,1,1.7140499828535605
peak_050983,44,596,592,6455,6755,fol_44_00405,6605,1,1.8371379503257472
peak_050987,44,603,594,6657,6812,fol_44_00409,6735,1,1.819481765874214
peak_050990,44,608,607,6598,6837,fol_44_00412,6718,1,1.7957747560963344
peak_051001,44,622,621,6740,7011,fol_44_00423,6876,1,1.7570741244929442
peak_051008,44,631,626,6862,7083,fol_44_00430,6973,1,2.7762352126976486
peak_051012,44,638,635,6942,7230,fol_44_00434,7086,1,2.851197545663047
peak_051013,44,639,637,6936,7236,fol_44_00435,7086,1,4.904835149489826
peak_051019,44,648,646,7028,7386,fol_44_00441,7207,1,2.592659340318761
peak_051021,44,650,647,7044,7356,fol_44_00443,7200,1,1.9230631342628723
peak_051024,44,654,653,7082,7429,fol_44_00446,7256,1,2.1354689748626066
peak_051034,44,673,669,7233,7433,fol_44_00456,7333,1,2.022928123607361
peak_051035,44,673,675,7434,7567,fol_44_00457,7501,1,1.7828879454593791
peak_051046,44,685,681,7346,7715,fol_44_00468,7531,1,1.7098420693665102
peak_051079,44,729,726,7932,8201,fol_44_00501,8067,1,1.7335893393534263
peak_051080,44,730,729,7943,8227,fol_44_00502,8085,1,3.5812397498746917
peak_051087,44,737,735,8070,8356,fol_44_00509,8213,1,1.9118022249888165
peak_051097,44,751,749,8246,8479,fol_44_00519,8363,1,1.7673409388726964
peak_051112,44,771,770,8457,8768,fol_44_00534,8613,1,2.421555502464141
peak_051118,44,780,779,8551,8817,fol_44_00540,8684,1,1.837397790658755
peak_051141,44,815,811,9014,9301,fol_44_00563,9158,1,1.895323379455818
peak_051146,44,822,820,9132,9399,fol_44_00568,9266,1,5.167696344764333
peak_051151,44,828,827,9197,9469,fol_44_00573,9333,1,2.061818837506141
peak_051165,44,853,851,9573,9856,fol_44_00587,9715,1,1.7769181254901287
peak_051177,44,874,869,9803,9970,fol_44_00599,9887,1,2.024569556165419
peak_051190,44,896,894,10091,10416,fol_44_00612,10254,1,1.8768797712393723
peak_051200,44,909,908,10297,10489,fol_44_00622,10393,1,1.962291139625851
peak_051202,44,912,910,10229,10470,fol_44_00624,10350,1,2.267832926495649
peak_051206,44,922,919,10297,10562,fol_44_00628,10430,1,4.0234152743553055
peak_051216,44,936,935,10430,10776,fol_44_00638,10603,1,1.788772540638352
peak_051231,44,957,953,10655,10811,fol_44_00653,10733,1,2.0633569467760293
peak_051232,44,959,956,10663,11026,fol_44_00654,10845,1,1.7734648325178843
peak_051233,44,960,950,10678,10875,fol_44_00655,10777,1,1.7552978295589807
peak_051239,44,969,973,10810,11161,fol_44_00661,10986,1,1.884244429472819
peak_051245,44,977,976,10866,11112,fol_44_00667,10989,1,1.9372071017509709
peak_051251,44,985,980,10964,11180,fol_44_00673,11072,1,2.0691723557135155
peak_051265,44,1010,1007,11335,11540,fol_44_00687,11438,1,5.245457955392869
peak_051267,44,1014,1012,11475,11674,fol_44_00689,11575,1,2.548069545271055
peak_051280,44,1033,1029,11605,11907,fol_44_00702,11756,1,1.763744752397557
peak_051293,44,1052,1054,12004,12147,fol_44_00715,12076,1,1.9393148918212395
peak_051338,44,1121,1120,12899,13208,fol_44_00760,13054,1,2.298719708825035
peak_051362,44,1158,1156,13364,13633,fol_44_00784,13499,1,2.4772829075870004
peak_051400,44,1214,1212,14106,14414,fol_44_00822,14260,1,1.9132033046108436
peak_051407,44,1225,1223,14190,14530,fol_44_00829,14360,1,3.139467662372309
peak_051428,44,1250,1246,14455,14682,fol_44_00850,14569,1,1.7689851248711457
peak_051430,44,1253,1248,14472,14630,fol_44_00852,14551,1,4.341975469088389
peak_051435,44,1268,1265,14620,14890,fol_44_00857,14755,1,1.8316986686666383
peak_051446,44,1282,1280,14811,15129,fol_44_00868,14970,1,2.2158679192214485
peak_051454,44,1291,1288,14896,15168,fol_44_00876,15032,1,2.019313482380805
peak_051469,44,1315,1313,15294,15537,fol_44_00891,15416,1,1.89323362346366
peak_051478,44,1331,1329,15607,15737,fol_44_00900,15672,1,2.452007255812089
peak_051480,44,1335,1333,15629,15988,fol_44_00902,15809,1,2.7525268990876604
peak_051502,44,1369,1368,16068,16444,fol_44_00924,16256,1,1.913135126516669
peak_051503,44,1370,1367,16073,16316,fol_44_00925,16195,1,2.320831045635074
peak_051504,44,1373,1369,16083,16472,fol_44_00926,16278,1,3.18204360291484
peak_051505,44,1374,1370,16098,16365,fol_44_00927,16232,1,2.164352512228145
peak_051518,44,1391,1387,16279,16646,fol_44_00940,16463,1,1.9265509690720295
peak_051525,44,1401,1397,16369,16760,fol_44_00947,16565,1,1.8718970075712025
peak_051526,44,1402,1398,16386,16755,fol_44_00948,16571,1,2.146982555054459
peak_051527,44,1404,1402,16403,16771,fol_44_00949,16587,1,1.9461388640669943
peak_051534,44,1416,1411,16500,16853,fol_44_00956,16677,1,1.8054816322097111
peak_051535,44,1417,1415,16511,16811,fol_44_00957,16661,1,2.425170657224335
peak_051538,44,1421,1417,16533,16826,fol_44_00960,16680,1,2.0424472347659397
peak_051539,44,1422,1421,16545,16841,fol_44_00961,16693,1,1.7732362295655433
peak_051554,44,1440,1436,16681,17065,fol_44_00976,16873,1,2.5018318483291253
peak_051556,44,1442,1435,16720,17059,fol_44_00978,16890,1,3.9997121672631626
peak_051565,44,1456,1452,16853,17139,fol_44_00987,16996,1,1.7807825441678515
peak_051575,44,1468,1465,16972,17259,fol_44_00997,17116,1,2.265706041474792
peak_051581,44,1477,1474,17062,17279,fol_44_01003,17171,1,2.446827834038059
peak_051584,44,1480,1478,17081,17341,fol_44_01006,17211,1,1.7261642367939851
peak_051593,44,1489,1487,17178,17509,fol_44_01015,17344,1,4.2593096136026585
peak_051601,44,1499,1497,17322,17634,fol_44_01023,17478,1,1.977357891263406
peak_051603,44,1502,1498,17335,17728,fol_44_01025,17532,1,1.7807881305278304
peak_051628,44,1535,1533,17648,17916,fol_44_01050,17782,1,2.043775808576568
peak_051636,44,1543,1539,17711,17967,fol_44_01058,17839,1,1.9132444526092585
peak_051642,44,1549,1548,17797,18105,fol_44_01064,17951,1,1.9845350892894116
peak_051648,44,1558,1555,17872,18180,fol_44_01070,18026,1,1.9680684432816955
peak_051655,44,1567,1566,18019,18341,fol_44_01077,18180,1,2.318595419609325
peak_051658,44,1572,1571,18074,18264,fol_44_01080,18169,1,2.685693802420442
peak_051675,44,1598,1597,18294,18606,fol_44_01097,18450,1,1.866785840867554
peak_051688,44,1622,1620,18547,18788,fol_44_01110,18668,1,2.173782528339396
peak_051717,44,1666,1659,19141,19284,fol_44_01139,19213,1,4.40489144771084
peak_051718,44,1666,1664,19285,19438,fol_44_01140,19362,1,1.7991297201926215
peak_051758,44,1728,1727,19954,20222,fol_44_01180,20088,1,2.804560893429884
peak_051783,44,1762,1760,20476,20753,fol_44_01205,20615,1,1.903047774175029
peak_051786,44,1765,1762,20492,20770,fol_44_01208,20631,1,2.548940838128366
peak_051787,44,1766,1765,20503,20784,fol_44_01209,20644,1,5.229220246030239
peak_051798,44,1782,1779,20636,20902,fol_44_01220,20769,1,1.8890155776964968
peak_051801,44,1785,1784,20717,20940,fol_44_01223,20829,1,2.9058130388672043
peak_051819,44,1812,1809,21053,21312,fol_44_01241,21183,1,1.973390721985768
peak_051841,44,1851,1847,21620,21928,fol_44_01263,21774,1,2.436227868497433
peak_051843,44,1855,1853,21646,21775,fol_44_01265,21711,1,4.7855622733435
peak_051849,44,1867,1864,21771,22070,fol_44_01271,21921,1,1.703695689673616
peak_051856,44,1876,1875,21898,22197,fol_44_01278,22048,1,1.7079169423113894
peak_051862,44,1885,1884,21969,22236,fol_44_01284,22103,1,1.8491183914031668
peak_051869,44,1898,1896,22089,22371,fol_44_01291,22230,1,1.9146255310909224
peak_051893,44,1936,1930,22524,22827,fol_44_01315,22676,1,1.9202250477726837
peak_051895,44,1939,1938,22554,22719,fol_44_01317,22637,1,4.242232749759756
peak_051900,44,1944,1942,22633,22929,fol_44_01322,22781,1,2.363121170949311
peak_051903,44,1950,1947,22671,22856,fol_44_01325,22764,1,1.8679167392918383
peak_051915,44,1971,1968,22852,23173,fol_44_01337,23013,1,1.8932268844491915
peak_051921,44,1978,1975,22934,23228,fol_44_01343,23081,1,2.015222793894772
peak_051923,44,1981,1979,22961,23217,fol_44_01345,23089,1,3.419480862352891
peak_051955,44,2037,2035,23671,23945,fol_44_01377,23808,1,1.7199271165144747
peak_051959,44,2046,2045,23799,23964,fol_44_01381,23882,1,2.339410273549049
peak_051960,44,2048,2046,23817,24098,fol_44_01382,23958,1,2.044528035563475
peak_051962,44,2051,2049,23844,24055,fol_44_01384,23950,1,4.335021401300204
peak_051972,44,2063,2060,23968,24286,fol_44_01394,24127,1,2.5071179684831977
peak_051990,44,2094,2090,24274,24574,fol_44_01412,24424,1,1.941952674802671
peak_051991,44,2095,2093,24282,24655,fol_44_01413,24469,1,2.040241113213038
peak_051994,44,2099,2095,24301,24680,fol_44_01416,24491,1,3.269041739263446
peak_051997,44,2104,2102,24344,24629,fol_44_01419,24487,1,1.903861222696454
peak_052029,44,2148,2143,24679,24997,fol_44_01451,24838,1,1.8027023729073608
peak_052030,44,2149,2147,24684,25053,fol_44_01452,24869,1,4.066904752965123
peak_052032,44,2151,2148,24706,25017,fol_44_01454,24862,1,1.9916205600627448
peak_052108,44,2262,2259,26068,26211,fol_44_01530,26140,1,1.8875799991005255
peak_052113,44,2273,2271,26045,26321,fol_44_01535,26183,1,2.689227881019012
peak_052124,44,2286,2282,26146,26414,fol_44_01546,26280,1,2.5269873216438423
peak_052125,44,2287,2283,26148,26284,fol_44_01547,26216,1,2.018203286716441
peak_052128,44,2292,2283,26285,26477,fol_44_01550,26381,1,2.9481762073957536
peak_052130,44,2294,2292,26194,26490,fol_44_01552,26342,1,3.179186756755276
peak_052134,44,2299,2298,26225,26566,fol_44_01556,26396,1,3.266864488716397
peak_052135,44,2300,2297,26227,26531,fol_44_01557,26379,1,1.770682631811679
peak_052137,44,2302,2299,26246,26578,fol_44_01559,26412,1,1.8755801427442207
peak_052140,44,2305,2302,26262,26597,fol_44_01562,26430,1,2.1999943645275417
peak_052141,44,2307,2305,26280,26614,fol_44_01563,26447,1,2.1180855895929063
peak_052169,44,2343,2340,26642,27031,fol_44_01591,26837,1,2.6464941680395317
peak_052171,44,2345,2341,26664,26957,fol_44_01593,26811,1,1.7678825024213434
peak_052172,44,2346,2344,26664,26993,fol_44_01594,26829,1,2.6931204490747307
peak_052176,44,2351,2353,26790,27093,fol_44_01598,26942,1,2.349936769442148
peak_052177,44,2352,2350,26693,27034,fol_44_01599,26864,1,2.5236224923126978
peak_052178,44,2353,2349,26702,27076,fol_44_01600,26889,1,2.5120147654190474
peak_052180,44,2357,2351,26790,27111,fol_44_01602,26951,1,2.186235719178
peak_052184,44,2362,2361,26809,27176,fol_44_01606,26993,1,2.229386243814534
peak_052188,44,2368,2366,26898,27210,fol_44_01610,27054,1,1.9456051469010889
peak_052195,44,2380,2378,27167,27489,fol_44_01617,27328,1,1.871923447991735
peak_052197,44,2382,2379,27185,27429,fol_44_01619,27307,1,2.286760170201784
peak_052227,44,2428,2426,27960,28266,fol_44_01649,28113,1,1.9550068123270932
peak_052242,44,2454,2452,28233,28522,fol_44_01664,28378,1,1.722752200853232
peak_052248,44,2464,2462,28361,28655,fol_44_01670,28508,1,2.2357000249204875
peak_052255,44,2477,2476,28516,28822,fol_44_01677,28669,1,2.493990384872112
peak_052259,44,2482,2480,28577,28885,fol_44_01681,28731,1,2.7730206485107995
peak_052264,44,2489,2488,28655,28952,fol_44_01686,28804,1,2.2229675017157176
peak_052283,44,2519,2517,28969,29294,fol_44_01705,29132,1,2.1190412029645604
peak_052289,44,2525,2524,29135,29282,fol_44_01711,29209,1,1.7410298113558582
peak_052302,45,12,24,2,157,fol_45_00001,80,1,1.730615218376681
peak_052324,45,50,48,227,539,fol_45_00023,383,1,1.7675761691820546
peak_052353,45,89,87,755,1068,fol_45_00052,912,1,2.132629439605418
peak_052369,45,115,114,1039,1454,fol_45_00068,1247,1,1.845198264990424
peak_052386,45,136,134,1415,1621,fol_45_00085,1518,1,1.7943468943848364
peak_052393,45,145,143,1426,1689,fol_45_00092,1558,1,1.7854332258767636
peak_052401,45,158,154,1540,1862,fol_45_00100,1701,1,1.93793049914932
peak_052420,45,189,187,1995,2238,fol_45_00119,2117,1,2.9790117399640903
peak_052436,45,212,209,2297,2485,fol_45_00135,2391,1,2.70400687870748
peak_052444,45,224,221,2447,2726,fol_45_00143,2587,1,1.785710178241771
peak_052445,45,225,224,2479,2745,fol_45_00144,2612,1,1.9045005088879845
peak_052447,45,229,226,2503,2739,fol_45_00146,2621,1,1.845820510360487
peak_052456,45,249,247,2795,3218,fol_45_00155,3007,1,2.976395036708658
peak_052462,45,256,255,2861,3174,fol_45_00161,3018,1,1.9739625468181128
peak_052463,45,258,257,2883,3214,fol_45_00162,3049,1,2.036537253495
peak_052471,45,271,268,2973,3290,fol_45_00170,3132,1,1.9512396787769464
peak_052472,45,273,269,2983,3295,fol_45_00171,3139,1,2.726493680906137
peak_052489,45,295,291,3200,3563,fol_45_00188,3382,1,4.269506559969553
peak_052493,45,300,293,3231,3613,fol_45_00192,3422,1,1.726249637435389
peak_052508,45,318,316,3444,3711,fol_45_00207,3578,1,3.0297151025551936
peak_052516,45,326,325,3656,3812,fol_45_00215,3734,1,3.909529717501223
peak_052533,45,351,349,3825,4101,fol_45_00232,3963,1,2.2284484184022118
peak_052536,45,354,352,3869,4024,fol_45_00235,3947,1,2.5069721115237527
peak_052545,45,366,362,4029,4281,fol_45_00244,4155,1,1.7717225549797335
peak_052574,45,403,400,4390,4680,fol_45_00273,4535,1,1.821784706855232
peak_052584,45,417,419,4578,4880,fol_45_00283,4729,1,2.3707987447962875
peak_052594,45,433,431,4699,5089,fol_45_00293,4894,1,1.7315462600704845
peak_052599,45,439,438,4755,5066,fol_45_00298,4911,1,2.833389739497291
peak_052604,45,448,445,4858,5077,fol_45_00303,4968,1,4.365370210494502
peak_052605,45,449,446,4860,5161,fol_45_00304,5011,1,2.2208265870462967
peak_052620,45,473,468,5129,5417,fol_45_00319,5273,1,1.913473434694189
peak_052630,45,484,479,5250,5518,fol_45_00329,5384,1,4.586189538692869
peak_052633,45,487,485,5286,5569,fol_45_00332,5428,1,2.049275120106237
peak_052636,45,490,488,5311,5627,fol_45_00335,5469,1,1.8800782037220647
peak_052643,45,499,495,5398,5705,fol_45_00342,5552,1,2.073655243648791
peak_052648,45,507,506,5457,5752,fol_45_00347,5605,1,1.785536402294582
peak_052653,45,514,512,5554,5883,fol_45_00352,5719,1,2.3089155373600248
peak_052657,45,519,514,5596,5903,fol_45_00356,5750,1,2.1893001178370066
peak_052673,45,537,536,5948,6080,fol_45_00372,6014,1,3.48652225030684
peak_052683,45,549,547,5972,6265,fol_45_00382,6119,1,1.8480852492834523
peak_052685,45,553,551,6013,6342,fol_45_00384,6178,1,3.094440678746479
peak_052699,45,570,567,6212,6492,fol_45_00398,6352,1,2.09697661224392
peak_052701,45,572,568,6221,6489,fol_45_00400,6355,1,3.261755104423608
peak_052716,45,591,589,6484,6812,fol_45_00415,6648,1,1.9410429395478588
peak_052724,45,600,598,6578,6841,fol_45_00423,6710,1,3.1197546801338354
peak_052725,45,601,599,6595,6901,fol_45_00424,6748,1,1.7106778000055176
peak_052726,45,602,601,6611,6927,fol_45_00425,6769,1,1.791670979846136
peak_052739,45,620,619,6895,7257,fol_45_00438,7076,1,3.013058297203886
peak_052742,45,624,620,6923,7270,fol_45_00441,7097,1,2.108548534534377
peak_052781,45,686,685,7721,7969,fol_45_00480,7845,1,1.937167259847088
peak_052782,45,687,683,7721,7987,fol_45_00481,7854,1,3.1310119330832102
peak_052786,45,693,691,7778,8013,fol_45_00485,7896,1,2.0563937294542494
peak_052798,45,707,705,7908,8185,fol_45_00497,8047,1,2.5148386950977057
peak_052805,45,719,718,8079,8343,fol_45_00504,8211,1,2.2949476618682114
peak_052817,45,732,730,8315,8598,fol_45_00516,8457,1,3.164375960308382
peak_052819,45,735,734,8419,8682,fol_45_00518,8551,1,1.883365167330694
peak_052837,45,767,762,8753,9038,fol_45_00536,8896,1,3.226156472061368
peak_052841,45,771,769,8807,9055,fol_45_00540,8931,1,1.8248670218566916
peak_052850,45,781,779,8953,9120,fol_45_00549,9037,1,3.033186457275993
peak_052866,45,808,806,9350,9717,fol_45_00565,9534,1,2.994323335962801
peak_052870,45,812,810,9402,9773,fol_45_00569,9588,1,1.730339142716863
peak_052872,45,817,812,9440,9650,fol_45_00571,9545,1,2.1928760657365807
peak_052874,45,819,817,9651,9794,fol_45_00573,9723,1,2.513154756662017
peak_052888,45,836,834,9618,9878,fol_45_00587,9748,1,1.7887905031603617
peak_052891,45,840,838,9657,9976,fol_45_00590,9817,1,1.72949446706273
peak_052897,45,848,844,9719,9991,fol_45_00596,9855,1,2.358779170732653
peak_052900,45,851,849,9745,10110,fol_45_00599,9928,1,2.21786927842974
peak_052908,45,860,858,9829,10174,fol_45_00607,10002,1,2.0828714024796646
peak_052910,45,862,857,9841,10141,fol_45_00609,9991,1,2.6750983868076794
peak_052914,45,868,867,9891,10181,fol_45_00613,10036,1,2.3184388227407173
peak_052933,45,897,888,10136,10399,fol_45_00632,10268,1,2.4615751855168377
peak_052944,45,913,909,10369,10549,fol_45_00643,10459,1,1.900892422600768
peak_052954,45,926,925,10570,10803,fol_45_00653,10687,1,2.710431831911794
peak_052962,45,935,932,10603,10920,fol_45_00661,10762,1,2.131743203705875
peak_052963,45,936,934,10601,10889,fol_45_00662,10745,1,1.7551222680860532
peak_052972,45,950,947,10698,10963,fol_45_00671,10831,1,2.474148603116848
peak_052974,45,952,949,10729,10893,fol_45_00673,10811,1,2.692959745566118
peak_052997,45,982,981,11104,11328,fol_45_00696,11216,1,1.998525347051597
peak_052998,45,983,979,11077,11259,fol_45_00697,11168,1,1.7775966850785376
peak_053004,45,991,989,11143,11450,fol_45_00703,11297,1,2.0293457889363338
peak_053012,45,1000,999,11252,11584,fol_45_00711,11418,1,1.739830470141526
peak_053023,45,1019,1018,11508,11681,fol_45_00722,11595,1,2.63648374302111
peak_053031,45,1030,1027,11590,11868,fol_45_00730,11729,1,3.7508524564165993
peak_053052,45,1058,1057,11896,12196,fol_45_00751,12046,1,2.1106993168319685
peak_053055,45,1062,1060,11962,12259,fol_45_00754,12111,1,2.199229716935424
peak_053065,45,1077,1076,12120,12387,fol_45_00764,12254,1,1.9987860864188995
peak_053066,45,1079,1074,12120,12365,fol_45_00765,12243,1,3.974469501861977
peak_053079,45,1104,1102,12488,12678,fol_45_00778,12583,1,3.532859918204304
peak_053103,45,1140,1139,13046,13378,fol_45_00802,13212,1,2.6335349912693347
peak_053104,45,1143,1140,13060,13393,fol_45_00803,13227,1,2.4648881981834707
peak_053105,45,1146,1143,13091,13408,fol_45_00804,13250,1,2.0611203434921737
peak_053106,45,1147,1146,13195,13425,fol_45_00805,13310,1,1.886476905035697
peak_053116,45,1163,1160,13233,13517,fol_45_00815,13375,1,2.270007436044419
peak_053119,45,1167,1166,13269,13555,fol_45_00818,13412,1,2.413785614084509
peak_053126,45,1179,1174,13374,13576,fol_45_00825,13475,1,2.463770878439886
peak_053127,45,1181,1176,13484,13692,fol_45_00826,13588,1,1.785023548072932
peak_053131,45,1187,1186,13488,13782,fol_45_00830,13635,1,2.090925122008669
peak_053135,45,1192,1189,13546,13843,fol_45_00834,13695,1,2.3840130438095475
peak_053140,45,1200,1198,13683,13862,fol_45_00839,13773,1,2.901722108239696
peak_053148,45,1211,1210,13814,14128,fol_45_00847,13971,1,2.8546069870548947
peak_053156,45,1223,1222,13920,14210,fol_45_00855,14065,1,1.868619768994608
peak_053159,45,1226,1224,13939,14229,fol_45_00858,14084,1,1.7763529619975398
peak_053166,45,1236,1233,14079,14403,fol_45_00865,14241,1,1.7659710733958227
peak_053167,45,1237,1236,14095,14422,fol_45_00866,14259,1,2.628899192903357
peak_053169,45,1240,1241,14271,14473,fol_45_00868,14372,1,2.504762041226804
peak_053171,45,1242,1240,14137,14270,fol_45_00870,14204,1,1.7107374076157436
peak_053175,45,1245,1243,14157,14518,fol_45_00874,14338,1,2.558521590418514
peak_053179,45,1252,1248,14204,14561,fol_45_00878,14383,1,2.190645692008357
peak_053182,45,1255,1252,14227,14581,fol_45_00881,14404,1,1.7486170347413006
peak_053193,45,1270,1267,14411,14678,fol_45_00892,14545,1,2.180466618602848
peak_053213,45,1303,1301,14809,15095,fol_45_00912,14952,1,1.973042099101417
peak_053227,45,1322,1324,15136,15410,fol_45_00926,15273,1,3.299764615442893
peak_053236,45,1335,1334,15288,15606,fol_45_00935,15447,1,2.429036999749168
peak_053237,45,1337,1335,15310,15625,fol_45_00936,15468,1,1.9493916672077427
peak_053241,45,1345,1343,15379,15671,fol_45_00940,15525,1,1.898613867946993
peak_053243,45,1347,1345,15396,15688,fol_45_00942,15542,1,1.8958275486614349
peak_053250,45,1356,1353,15515,15760,fol_45_00949,15638,1,1.9799976587304564
peak_053258,45,1368,1367,15645,15949,fol_45_00957,15797,1,1.7422831640924474
peak_053276,45,1389,1387,15910,16190,fol_45_00975,16050,1,1.974669896677168
peak_053278,45,1392,1389,15929,16207,fol_45_00977,16068,1,2.0415040787896603
peak_053285,45,1402,1400,16016,16260,fol_45_00984,16138,1,5.567699121358897
peak_053302,45,1421,1418,16207,16372,fol_45_01001,16290,1,1.7126898193324254
peak_053309,45,1430,1428,16340,16580,fol_45_01008,16460,1,2.807947509868397
peak_053314,45,1438,1435,16450,16742,fol_45_01013,16596,1,1.9951267216249269
peak_053317,45,1442,1439,16472,16753,fol_45_01016,16613,1,2.126046559154379
peak_053335,45,1465,1462,16745,16892,fol_45_01034,16819,1,5.419071285840642
peak_053337,45,1470,1468,16790,17086,fol_45_01036,16938,1,1.722210010025415
peak_053340,45,1477,1475,16849,17228,fol_45_01039,17039,1,3.1427411237565583
peak_053344,45,1481,1478,16929,17171,fol_45_01043,17050,1,3.091786212256665
peak_053357,45,1497,1496,17170,17352,fol_45_01056,17261,1,3.197408410104523
peak_053359,45,1503,1501,17254,17487,fol_45_01058,17371,1,2.996644978670038
peak_053374,45,1529,1526,17580,17859,fol_45_01073,17720,1,1.9240131745190676
peak_053377,45,1536,1531,17614,17895,fol_45_01076,17755,1,2.6456615378287958
peak_053389,45,1554,1551,17764,18046,fol_45_01088,17905,1,2.2171004011797764
peak_053398,45,1564,1556,17835,17994,fol_45_01097,17915,1,2.5934944902454617
peak_053399,45,1564,1563,17995,18173,fol_45_01098,18084,1,2.487271233429745
peak_053400,45,1565,1563,17846,17994,fol_45_01099,17920,1,2.139203881209004
peak_053401,45,1565,1564,17995,18181,fol_45_01100,18088,1,3.218347628933956
peak_053405,45,1570,1569,17899,18246,fol_45_01104,18073,1,4.21306072180144
peak_053409,45,1574,1570,17959,18267,fol_45_01108,18113,1,4.970467176333227
peak_053410,45,1575,1574,17978,18281,fol_45_01109,18130,1,2.0836019816035174
peak_053417,45,1583,1578,18082,18337,fol_45_01116,18210,1,1.82414252520485
peak_053445,45,1634,1631,18690,18979,fol_45_01144,18835,1,2.3687576416897707
peak_053447,45,1636,1633,18705,18980,fol_45_01146,18843,1,4.1228872637358265
peak_053449,45,1639,1636,18720,18990,fol_45_01148,18855,1,2.272139746534534
peak_053456,45,1646,1644,18809,19123,fol_45_01155,18966,1,1.945351759048708
peak_053470,45,1670,1665,19035,19320,fol_45_01169,19178,1,1.779820396919534
peak_053472,45,1673,1669,19065,19228,fol_45_01171,19147,1,2.715621226869264
peak_053487,45,1696,1695,19399,19705,fol_45_01186,19552,1,1.7955496860796238
peak_053504,45,1725,1724,19760,19889,fol_45_01203,19825,1,1.7111145736212867
peak_053512,45,1738,1736,20004,20177,fol_45_01211,20091,1,1.7487340948287031
peak_053515,45,1745,1739,20087,20296,fol_45_01214,20192,1,1.912215659089599
peak_053519,45,1750,1747,20135,20276,fol_45_01218,20206,1,2.172880950892992
peak_053522,45,1754,1751,20199,20472,fol_45_01221,20336,1,3.1151048080114125
peak_053527,45,1760,1757,20385,20590,fol_45_01226,20488,1,1.9526818633605985
peak_053557,45,1803,1801,21097,21444,fol_45_01256,21271,1,1.7672875682975009
peak_053568,45,1816,1814,21226,21653,fol_45_01267,21440,1,1.7792204815649724
peak_053569,45,1817,1813,21227,21516,fol_45_01268,21372,1,1.7150581062846115
peak_053570,45,1818,1815,21231,21605,fol_45_01269,21418,1,1.9979043958962763
peak_053583,45,1834,1833,21413,21648,fol_45_01282,21531,1,1.7484636671518785
peak_053590,45,1842,1840,21460,21744,fol_45_01289,21602,1,2.026034188750118
peak_053598,45,1852,1849,21525,21820,fol_45_01297,21673,1,3.3493410260151806
peak_053602,45,1859,1855,21568,21871,fol_45_01301,21720,1,1.807997317922254
peak_053603,45,1861,1857,21589,21830,fol_45_01302,21710,1,1.7565777467374115
peak_053606,45,1864,1856,21724,21925,fol_45_01305,21825,1,1.7891663775522848
peak_053607,45,1866,1863,21620,21964,fol_45_01306,21792,1,3.002073327152161
peak_053621,45,1887,1884,21909,22205,fol_45_01320,22057,1,3.0575167333469246
peak_053629,45,1895,1894,22006,22174,fol_45_01328,22090,1,2.786164932300636
peak_053630,45,1895,1896,22175,22327,fol_45_01329,22251,1,3.051195981831288
peak_053634,45,1899,1895,22175,22341,fol_45_01333,22258,1,1.994827255866833
peak_053636,45,1901,1899,22051,22359,fol_45_01335,22205,1,1.7481739509777112
peak_053642,45,1907,1904,22099,22444,fol_45_01341,22272,1,2.1276302852555804
peak_053643,45,1909,1906,22122,22405,fol_45_01342,22264,1,1.870746635871871
peak_053647,45,1913,1911,22211,22442,fol_45_01346,22327,1,1.7847892668911662
peak_053648,45,1914,1912,22178,22486,fol_45_01347,22332,1,2.0997672923546773
peak_053656,45,1925,1923,22282,22530,fol_45_01355,22406,1,1.763035782574128
peak_053665,45,1934,1930,22439,22647,fol_45_01364,22543,1,1.7452825064224389
peak_053666,45,1937,1936,22454,22835,fol_45_01365,22645,1,2.3226895210188845
peak_053678,45,1952,1950,22590,22840,fol_45_01377,22715,1,2.0670840310786973
peak_053713,45,2006,2003,23094,23476,fol_45_01412,23285,1,3.3199724054736715
peak_053719,45,2015,2013,23153,23444,fol_45_01418,23299,1,1.754115045910685
peak_053728,45,2028,2026,23253,23604,fol_45_01427,23429,1,2.8796844283810263
peak_053729,45,2030,2028,23270,23622,fol_45_01428,23446,1,2.1162990326274835
peak_053731,45,2032,2031,23321,23584,fol_45_01430,23453,1,1.7755232277909876
peak_053744,45,2051,2048,23471,23801,fol_45_01443,23636,1,2.041581773575251
peak_053748,45,2056,2054,23533,23851,fol_45_01447,23692,1,4.683509662575866
peak_053752,45,2063,2059,23611,23865,fol_45_01451,23738,1,2.0543855943933824
peak_053753,45,2067,2060,23645,23966,fol_45_01452,23806,1,2.2183057805871518
peak_053778,45,2108,2102,24150,24370,fol_45_01477,24260,1,2.634063578930159
peak_053790,45,2125,2123,24401,24662,fol_45_01489,24532,1,1.7539426099882258
peak_053799,45,2137,2133,24567,24848,fol_45_01498,24708,1,1.7904645688474532
peak_053800,45,2138,2134,24568,24832,fol_45_01499,24700,1,4.589051907267982
peak_053805,45,2144,2143,24631,24904,fol_45_01504,24768,1,1.7961078061372064
peak_053810,45,2155,2154,24734,24865,fol_45_01509,24800,1,2.0856894823611816
peak_053828,45,2177,2175,24966,25251,fol_45_01527,25109,1,2.217496593772709
peak_053833,45,2186,2184,25034,25305,fol_45_01532,25170,1,1.7976964624680625
peak_053834,45,2187,2183,25038,25312,fol_45_01533,25175,1,1.8021284788298977
peak_053839,45,2194,2191,25082,25353,fol_45_01538,25218,1,1.7383915684942026
peak_053855,45,2218,2215,25287,25544,fol_45_01554,25416,1,1.89014535459455
peak_053862,45,2228,2224,25377,25713,fol_45_01561,25545,1,3.1197900700967462
peak_053872,45,2240,2235,25487,25777,fol_45_01571,25632,1,1.7554564920235525
peak_053873,45,2241,2238,25488,25799,fol_45_01572,25644,1,2.7552518898782625
peak_053878,45,2248,2247,25571,25864,fol_45_01577,25718,1,2.447432273250888
peak_053882,45,2252,2250,25601,25941,fol_45_01581,25771,1,2.047704913098639
peak_053885,45,2255,2253,25628,25971,fol_45_01584,25800,1,1.883520845105174
peak_053886,45,2256,2254,25636,25925,fol_45_01585,25781,1,2.097807778455471
peak_053893,45,2265,2262,25838,26041,fol_45_01592,25940,1,2.440011323414127
peak_053894,45,2266,2264,25842,26045,fol_45_01593,25944,1,2.2130874757880394
peak_053909,45,2284,2281,26007,26161,fol_45_01608,26084,1,4.64028511022999
peak_053910,45,2284,2285,26162,26295,fol_45_01609,26229,1,2.218982830619612
peak_053913,45,2287,2284,26162,26311,fol_45_01612,26237,1,2.498174746113276
peak_053918,45,2294,2292,26135,26267,fol_45_01617,26201,1,1.720596563859216
peak_053919,45,2297,2294,26158,26368,fol_45_01618,26263,1,5.797833200097711
peak_053922,45,2301,2300,26222,26518,fol_45_01621,26370,1,1.8317412573815384
peak_053946,45,2332,2330,26598,26896,fol_45_01645,26747,1,1.7750803869400826
peak_053953,45,2340,2334,26694,26957,fol_45_01652,26826,1,3.340450161877733
peak_053966,45,2357,2356,26933,27194,fol_45_01665,27064,1,2.0512141404413566
peak_053968,45,2360,2357,26954,27212,fol_45_01667,27083,1,1.7646705990215952
peak_053975,45,2373,2371,27087,27424,fol_45_01674,27256,1,2.393896577876069
peak_053986,45,2393,2387,27366,27508,fol_45_01685,27437,1,2.7305583484216958
peak_053998,45,2409,2406,27400,27627,fol_45_01697,27514,1,4.1952637903352406
peak_054036,46,45,43,1,877,fol_46_00021,439,1,2.139878067332616
peak_054058,46,74,24,32,313,fol_46_00043,173,1,1.820840208398192
peak_054080,46,109,103,630,1531,fol_46_00065,1081,1,2.2239474673428794
peak_054086,46,118,114,730,1275,fol_46_00071,1003,1,2.3608343210407536
peak_054087,46,118,115,1276,1619,fol_46_00072,1448,1,2.021774509452442
peak_054098,46,131,129,904,1732,fol_46_00083,1318,1,2.4292377999027965
peak_054116,46,154,151,1259,1441,fol_46_00101,1350,1,1.992484253961774
peak_054128,46,172,169,1485,1769,fol_46_00113,1627,1,1.9037396242411864
peak_054129,46,174,172,1502,1787,fol_46_00114,1645,1,2.7517501744131074
peak_054146,46,195,191,1780,2540,fol_46_00131,2160,1,1.88185510348544
peak_054154,46,210,208,2010,2287,fol_46_00139,2149,1,1.7321505335232723
peak_054185,46,255,254,2447,2802,fol_46_00170,2625,1,1.819608077684632
peak_054193,46,264,262,2516,2870,fol_46_00178,2693,1,2.206669466937633
peak_054200,46,274,273,2623,2775,fol_46_00185,2699,1,5.198384889401213
peak_054201,46,274,276,2776,2967,fol_46_00186,2872,1,3.1540822007114726
peak_054271,46,378,376,3895,4179,fol_46_00256,4037,1,1.778738949440032
peak_054272,46,379,373,3908,4135,fol_46_00257,4022,1,1.9037412984368312
peak_054290,46,400,397,4146,4407,fol_46_00275,4277,1,1.7642342257299215
peak_054292,46,402,396,4158,4564,fol_46_00277,4361,1,2.012315309053895
peak_054294,46,404,401,4166,4470,fol_46_00279,4318,1,1.9901348872508369
peak_054336,46,460,458,4852,5217,fol_46_00321,5035,1,1.7248612086021111
peak_054340,46,463,462,4953,5112,fol_46_00325,5033,1,2.2328308052070325
peak_054341,46,465,464,4919,5118,fol_46_00326,5019,1,4.5038450751424985
peak_054342,46,468,466,4941,5116,fol_46_00327,5029,1,2.5979233507899644
peak_054347,46,472,469,4964,5360,fol_46_00332,5162,1,2.98785142528901
peak_054349,46,477,474,5023,5281,fol_46_00334,5152,1,2.5384969871467047
peak_054351,46,479,477,5039,5296,fol_46_00336,5168,1,2.203770216154486
peak_054386,46,528,523,5665,5880,fol_46_00371,5773,1,1.7424066477509514
peak_054430,46,584,581,6296,6444,fol_46_00415,6370,1,2.213384342887289
peak_054446,46,601,599,6466,6676,fol_46_00431,6571,1,2.275743863707011
peak_054461,46,613,609,6588,6845,fol_46_00446,6717,1,1.7629376410967097
peak_054478,46,633,630,6772,7035,fol_46_00463,6904,1,1.871344643509792
peak_054499,46,660,656,7124,7386,fol_46_00484,7255,1,2.270380589797576
peak_054551,46,725,716,8004,8339,fol_46_00536,8172,1,1.7464046459046498
peak_054569,46,747,745,8249,8629,fol_46_00554,8439,1,2.011520241586245
peak_054610,46,797,794,8816,9227,fol_46_00595,9022,1,3.622542137601776
peak_054621,46,813,811,9019,9240,fol_46_00606,9130,1,2.719685927435372
peak_054624,46,816,812,8984,9434,fol_46_00609,9209,1,2.3400840045528684
peak_054641,46,839,841,9313,9598,fol_46_00626,9456,1,3.7733313364348926
peak_054644,46,842,840,9227,9493,fol_46_00629,9360,1,1.8596610250133483
peak_054672,46,883,881,9621,9769,fol_46_00657,9695,1,1.9643420280872117
peak_054685,46,897,894,9751,10178,fol_46_00670,9965,1,2.8803090726685374
peak_054715,46,930,927,10161,10532,fol_46_00700,10347,1,2.5297215739875285
peak_054716,46,932,931,10178,10428,fol_46_00701,10303,1,2.1236364318640337
peak_054720,46,938,936,10214,10602,fol_46_00705,10408,1,1.715756297227951
peak_054724,46,948,946,10316,10669,fol_46_00709,10493,1,2.0206427430659057
peak_054753,46,985,984,10774,11016,fol_46_00738,10895,1,3.275284038802627
peak_054786,46,1026,1023,11174,11578,fol_46_00771,11376,1,1.71208098033703
peak_054795,46,1041,1038,11352,11584,fol_46_00780,11468,1,1.9997299979344547
peak_054811,46,1065,1061,11648,12088,fol_46_00796,11868,1,2.675072223940983
peak_054826,46,1086,1084,11838,12276,fol_46_00811,12057,1,4.239891006742036
peak_054838,46,1104,1099,12009,12421,fol_46_00823,12215,1,3.348401855134582
peak_054854,46,1128,1125,12247,12540,fol_46_00839,12394,1,2.504511033509315
peak_054866,46,1151,1147,12497,12688,fol_46_00851,12593,1,6.920425537604175
peak_054917,46,1215,1214,13168,13397,fol_46_00902,13283,1,3.701127652705925
peak_054920,46,1218,1215,13197,13397,fol_46_00905,13297,1,1.799399919166666
peak_054941,46,1245,1244,13494,13736,fol_46_00926,13615,1,5.0784983034195
peak_054946,46,1251,1245,13494,13751,fol_46_00931,13623,1,2.980006532635947
peak_054964,46,1281,1280,13824,14200,fol_46_00949,14012,1,1.7981017257678564
peak_054966,46,1283,1281,13849,14221,fol_46_00951,14035,1,1.8450929696662584
peak_054972,46,1294,1293,13982,14339,fol_46_00957,14161,1,3.0638988381550702
peak_054975,46,1299,1295,13976,14249,fol_46_00960,14113,1,2.8937051550585835
peak_054978,46,1302,1300,14016,14289,fol_46_00963,14153,1,2.1326583704298883
peak_055000,46,1336,1333,14326,14707,fol_46_00985,14517,1,2.187304596712092
peak_055021,46,1370,1365,14655,15049,fol_46_01006,14852,1,2.124953095086797
peak_055032,46,1390,1389,14865,15274,fol_46_01017,15070,1,2.6506185922287244
peak_055045,46,1404,1401,14992,15289,fol_46_01030,15141,1,2.9542116488864565
peak_055051,46,1410,1403,15044,15326,fol_46_01036,15185,1,1.74078179496367
peak_055067,46,1431,1434,15267,15533,fol_46_01052,15400,1,1.7267558497707558
peak_055068,46,1431,1433,15534,15683,fol_46_01053,15609,1,1.8330164794772088
peak_055071,46,1435,1431,15271,15533,fol_46_01056,15402,1,2.079825935629048
peak_055095,46,1475,1474,15647,16044,fol_46_01080,15846,1,1.7229791488133763
peak_055105,46,1486,1483,15782,16130,fol_46_01090,15956,1,1.8888083769307304
peak_055111,46,1494,1493,15878,16228,fol_46_01096,16053,1,3.060088724907004
peak_055120,46,1508,1506,15989,16319,fol_46_01105,16154,1,2.608525149286416
peak_055138,46,1531,1529,16296,16566,fol_46_01123,16431,1,2.6779346863181424
peak_055139,46,1533,1530,16238,16492,fol_46_01124,16365,1,2.403574787480537
peak_055141,46,1536,1533,16361,16507,fol_46_01126,16434,1,2.1172928893278997
peak_055144,46,1539,1535,16310,16614,fol_46_01129,16462,1,1.766783142082818
peak_055158,46,1557,1556,16539,16865,fol_46_01143,16702,1,2.7973453088101587
peak_055160,46,1560,1557,16562,16879,fol_46_01145,16721,1,2.3037900592650145
peak_055169,46,1571,1568,16662,16984,fol_46_01154,16823,1,2.751761950549272
peak_055172,46,1575,1571,16689,16997,fol_46_01157,16843,1,2.233239794034777
peak_055174,46,1578,1573,16704,17105,fol_46_01159,16905,1,3.956810878023796
peak_055179,46,1583,1582,16855,17090,fol_46_01164,16973,1,2.7395042889205685
peak_055181,46,1585,1581,16750,17072,fol_46_01166,16911,1,1.8750046607583255
peak_055186,46,1592,1589,16820,17091,fol_46_01171,16956,1,1.7083709100374125
peak_055219,46,1635,1632,17205,17478,fol_46_01204,17342,1,1.760428104590886
peak_055221,46,1637,1635,17224,17498,fol_46_01206,17361,1,2.3729451399543406
peak_055239,46,1665,1664,17517,17918,fol_46_01224,17718,1,2.155403464720452
peak_055256,46,1687,1683,17680,18043,fol_46_01241,17862,1,3.2452814775408063
peak_055275,46,1708,1706,17862,18152,fol_46_01260,18007,1,2.0203240527568567
peak_055330,46,1777,1774,18498,18774,fol_46_01315,18636,1,1.727848608220902
peak_055360,46,1811,1809,18833,18992,fol_46_01345,18913,1,1.9189613395492988
peak_055365,46,1815,1813,18889,19214,fol_46_01350,19052,1,1.8454466397414804
peak_055434,46,1920,1918,20026,20393,fol_46_01419,20210,1,3.0820721986090405
peak_055448,46,1945,1943,20303,20583,fol_46_01433,20443,1,2.273044892424352
peak_055450,46,1950,1947,20347,20658,fol_46_01435,20503,1,1.751422281020236
peak_055456,46,1958,1955,20430,20691,fol_46_01441,20561,1,2.11478823195276
peak_055467,46,1972,1968,20554,20895,fol_46_01452,20725,1,1.818550075606357
peak_055472,46,1978,1976,20602,20895,fol_46_01457,20749,1,1.8964739832051212
peak_055493,46,2008,2004,20873,21212,fol_46_01478,21043,1,2.026456020635322
peak_055506,46,2024,2020,21004,21309,fol_46_01491,21157,1,2.0647480313316224
peak_055516,46,2036,2035,21142,21436,fol_46_01501,21289,1,1.816600870205794
peak_055524,46,2052,2050,21289,21563,fol_46_01509,21426,1,2.5098713830096053
peak_055532,46,2064,2062,21412,21791,fol_46_01517,21602,1,1.7945315250108416
peak_055550,46,2084,2082,21554,21841,fol_46_01535,21698,1,2.7149074491762963
peak_055563,46,2101,2096,21738,22003,fol_46_01548,21871,1,1.816337267619448
peak_055582,46,2128,2127,22081,22436,fol_46_01567,22259,1,1.8240973950078097
peak_055597,46,2152,2150,22325,22679,fol_46_01582,22502,1,1.8045287688527047
peak_055599,46,2154,2152,22350,22703,fol_46_01584,22527,1,1.9855163790015795
peak_055624,46,2192,2191,22865,23061,fol_46_01609,22963,1,1.8804740777843232
peak_055628,46,2195,2192,22865,23062,fol_46_01613,22964,1,2.482834990569988
peak_055629,46,2196,2194,22727,23034,fol_46_01614,22881,1,1.8833443263350216
peak_055646,46,2216,2215,22875,23197,fol_46_01631,23036,1,1.80925494146416
peak_055661,46,2236,2234,23034,23373,fol_46_01646,23204,1,1.9232567394662148
peak_055672,46,2248,2246,23175,23519,fol_46_01657,23347,1,2.3718417014958364
peak_055680,46,2258,2256,23273,23563,fol_46_01665,23418,1,1.9955418314404756
peak_055692,46,2272,2271,23443,23725,fol_46_01677,23584,1,1.8674426506947217
peak_055694,46,2274,2272,23461,23744,fol_46_01679,23603,1,2.8091774079575447
peak_055697,46,2279,2275,23495,23803,fol_46_01682,23649,1,3.1593832638319133
peak_055700,46,2282,2283,23650,23845,fol_46_01685,23748,1,2.4316279652313884
peak_055710,46,2296,2293,23728,23920,fol_46_01695,23824,1,2.8796279611958817
peak_055745,46,2348,2344,24355,24579,fol_46_01730,24467,1,2.284737330036048
peak_055746,46,2349,2346,24366,24609,fol_46_01731,24488,1,1.929918990139649
peak_055747,46,2350,2348,24371,24579,fol_46_01732,24475,1,1.846003360545997
peak_055755,46,2362,2361,24467,24796,fol_46_01740,24632,1,2.4085224273657357
peak_055782,46,2398,2396,24911,25181,fol_46_01767,25046,1,2.737906039028676
peak_055786,46,2402,2400,24972,25290,fol_46_01771,25131,1,1.8557750800129087
peak_055788,46,2405,2404,25001,25255,fol_46_01773,25128,1,1.945004050175913
peak_055823,46,2459,2458,25639,25877,fol_46_01808,25758,1,2.489668085235398
peak_055829,46,2469,2465,25761,25986,fol_46_01814,25874,1,2.006797753018508
peak_055854,46,2503,2500,26112,26378,fol_46_01839,26245,1,2.869259812944624
peak_055890,46,2553,2552,26735,27033,fol_46_01875,26884,1,3.4236249257411773
peak_055892,46,2557,2554,26785,27020,fol_46_01877,26903,1,2.8152899052659355
peak_055897,46,2562,2558,26813,27094,fol_46_01882,26954,1,2.001785222651883
peak_055918,46,2604,2602,27268,27621,fol_46_01903,27445,1,2.732421456707637
peak_055934,46,2626,2625,27505,27816,fol_46_01919,27661,1,2.777461620210418
peak_055984,46,2688,2685,28156,28484,fol_46_01969,28320,1,2.617669414724953
peak_055990,46,2695,2690,28208,28563,fol_46_01975,28386,1,2.1873454678336763
peak_055992,46,2697,2694,28224,28566,fol_46_01977,28395,1,1.944580671716347
peak_055993,46,2698,2695,28225,28384,fol_46_01978,28305,1,3.01402877628839
peak_055996,46,2703,2699,28261,28688,fol_46_01981,28475,1,3.3899497334728377
peak_056028,46,2748,2747,28875,29050,fol_46_02013,28963,1,2.248829905650901
peak_056032,46,2753,2750,28859,29104,fol_46_02017,28982,1,4.507129578637679
peak_056041,46,2763,2761,29006,29205,fol_46_02026,29106,1,3.0892108175298443
peak_056046,46,2777,2775,29166,29418,fol_46_02031,29292,1,4.092923355549775
peak_056051,46,2783,2782,29226,29523,fol_46_02036,29375,1,2.190161548586517
peak_056081,47,46,43,68,364,fol_47_00015,216,1,1.8791395388510044
peak_056085,47,50,48,129,257,fol_47_00019,193,1,1.7303789682259194
peak_056141,47,129,128,1035,1304,fol_47_00075,1170,1,2.0068725433868653
peak_056150,47,143,140,1197,1500,fol_47_00084,1349,1,2.3751412877223634
peak_056152,47,145,144,1221,1573,fol_47_00086,1397,1,2.5301281171976653
peak_056154,47,149,146,1258,1565,fol_47_00088,1412,1,2.037742960415673
peak_056155,47,150,148,1269,1543,fol_47_00089,1406,1,2.0333623767334164
peak_056157,47,154,150,1284,1644,fol_47_00091,1464,1,3.1506101681506222
peak_056167,47,166,164,1403,1736,fol_47_00101,1570,1,3.454801719554269
peak_056214,47,230,227,2064,2397,fol_47_00148,2231,1,1.9368268952913836
peak_056225,47,241,240,2158,2541,fol_47_00159,2350,1,1.904096458015254
peak_056227,47,243,241,2184,2567,fol_47_00161,2376,1,1.919417375340392
peak_056252,47,274,273,2510,2901,fol_47_00186,2706,1,4.938676636444022
peak_056259,47,284,282,2577,2854,fol_47_00193,2716,1,1.7553597787082027
peak_056274,47,302,300,2763,3169,fol_47_00208,2966,1,2.300795345629392
peak_056298,47,336,332,3089,3463,fol_47_00232,3276,1,2.745256496741564
peak_056302,47,342,340,3160,3529,fol_47_00236,3345,1,1.9286806446022997
peak_056317,47,358,356,3314,3614,fol_47_00251,3464,1,1.7336435174689024
peak_056328,47,384,382,3654,4044,fol_47_00262,3849,1,3.5588906570750938
peak_056333,47,392,387,3739,3923,fol_47_00267,3831,1,2.8522590713876297
peak_056334,47,392,393,3924,4056,fol_47_00268,3990,1,1.7710445705906628
peak_056347,47,407,405,3918,4167,fol_47_00281,4043,1,3.2785256085219108
peak_056349,47,410,408,3952,4372,fol_47_00283,4162,1,3.779541949180447
peak_056358,47,425,423,4119,4452,fol_47_00292,4286,1,1.7573920145619724
peak_056376,47,455,450,4408,4738,fol_47_00310,4573,1,1.8016670254045788
peak_056386,47,469,466,4555,4873,fol_47_00320,4714,1,2.6383706573189403
peak_056388,47,471,469,4581,4745,fol_47_00322,4663,1,5.061445932484287
peak_056407,47,501,500,4951,5237,fol_47_00341,5094,1,3.0095422268010257
peak_056416,47,519,515,5253,5459,fol_47_00350,5356,1,2.2463914482977083
peak_056422,47,532,529,5327,5462,fol_47_00356,5395,1,2.728101200426517
peak_056429,47,543,541,5454,5762,fol_47_00363,5608,1,1.8178491021018344
peak_056448,47,567,566,5713,6070,fol_47_00382,5892,1,2.809988335678762
peak_056463,47,588,579,5892,6169,fol_47_00397,6031,1,1.9808819638850053
peak_056469,47,596,594,5955,6244,fol_47_00403,6100,1,1.948567993803034
peak_056470,47,598,593,5964,6284,fol_47_00404,6124,1,1.779828967812541
peak_056481,47,612,611,6136,6483,fol_47_00415,6310,1,2.6664821000621517
peak_056485,47,616,612,6152,6497,fol_47_00419,6325,1,1.7750712359825311
peak_056486,47,617,616,6172,6516,fol_47_00420,6344,1,1.9246065970186823
peak_056506,47,643,641,6377,6760,fol_47_00440,6569,1,2.5850010416292992
peak_056510,47,647,646,6434,6832,fol_47_00444,6633,1,1.878871117779816
peak_056512,47,650,647,6446,6867,fol_47_00446,6657,1,3.4525186992893557
peak_056523,47,665,662,6549,6852,fol_47_00457,6701,1,3.879452880522417
peak_056530,47,674,672,6622,6813,fol_47_00464,6718,1,3.952291107884992
peak_056544,47,688,685,6769,6941,fol_47_00478,6855,1,2.28898794350974
peak_056588,47,747,744,7452,7599,fol_47_00522,7526,1,2.0182834779775187
peak_056604,47,769,766,7725,7938,fol_47_00538,7832,1,1.9735681729266863
peak_056621,47,794,793,8001,8286,fol_47_00555,8144,1,1.900250722200571
peak_056641,47,820,815,8264,8440,fol_47_00575,8352,1,3.397167728462416
peak_056646,47,825,823,8317,8632,fol_47_00580,8475,1,1.7114799706518131
peak_056647,47,827,824,8333,8617,fol_47_00581,8475,1,1.928258625322833
peak_056649,47,830,826,8349,8536,fol_47_00583,8443,1,1.8346760799059012
peak_056652,47,834,831,8388,8659,fol_47_00586,8524,1,1.995247472686133
peak_056664,47,849,847,8571,8707,fol_47_00598,8639,1,5.803529446296165
peak_056673,47,861,859,8787,9083,fol_47_00607,8935,1,2.4466901893849498
peak_056675,47,864,858,8807,9046,fol_47_00609,8927,1,2.7979160799868006
peak_056676,47,865,861,8822,9099,fol_47_00610,8961,1,3.2696013057484192
peak_056701,47,904,902,9259,9543,fol_47_00635,9401,1,2.145934117871075
peak_056722,47,933,930,9499,9831,fol_47_00656,9665,1,2.551134656785154
peak_056742,47,962,959,9801,10087,fol_47_00676,9944,1,1.8178250774026683
peak_056752,47,975,972,9911,10215,fol_47_00686,10063,1,1.9142674499107184
peak_056753,47,976,973,9983,10251,fol_47_00687,10117,1,1.9998402000666329
peak_056760,47,986,981,9993,10333,fol_47_00694,10163,1,2.0577480284337324
peak_056765,47,993,989,10043,10384,fol_47_00699,10214,1,2.4252022374919937
peak_056773,47,1002,1001,10125,10429,fol_47_00707,10277,1,1.9207231432863607
peak_056798,47,1029,1025,10427,10757,fol_47_00732,10592,1,2.2548189925524373
peak_056805,47,1039,1035,10538,10875,fol_47_00739,10707,1,1.7454927760698205
peak_056840,47,1086,1081,10954,11307,fol_47_00774,11131,1,1.8499576160211304
peak_056853,47,1101,1102,11291,11421,fol_47_00787,11356,1,2.0589707136047646
peak_056866,47,1118,1115,11345,11657,fol_47_00800,11501,1,2.127136227878532
peak_056880,47,1135,1132,11499,11637,fol_47_00814,11568,1,1.947619623223863
peak_056898,47,1158,1157,11778,11997,fol_47_00832,11888,1,2.031210114814256
peak_056908,47,1174,1173,11913,12184,fol_47_00842,12049,1,2.255328850819831
peak_056910,47,1176,1174,11927,12200,fol_47_00844,12064,1,3.098868653607821
peak_056915,47,1185,1180,12087,12328,fol_47_00849,12208,1,1.7337165887037826
peak_056925,47,1198,1197,12160,12465,fol_47_00859,12313,1,1.7339395283046644
peak_056928,47,1202,1199,12201,12522,fol_47_00862,12362,1,2.650852270457684
peak_056929,47,1203,1200,12237,12519,fol_47_00863,12378,1,2.5931482863245803
peak_056932,47,1209,1207,12259,12569,fol_47_00866,12414,1,2.536408593938736
peak_056936,47,1215,1213,12314,12632,fol_47_00870,12473,1,3.2331621286824785
peak_056945,47,1227,1225,12482,12693,fol_47_00879,12588,1,2.0325950232760706
peak_056952,47,1238,1237,12684,13005,fol_47_00886,12845,1,1.7264341160440242
peak_056954,47,1243,1240,12728,13014,fol_47_00888,12871,1,1.9704860791058905
peak_056965,47,1262,1260,12963,13226,fol_47_00899,13095,1,1.7078061415410155
peak_056986,47,1293,1291,13300,13513,fol_47_00920,13407,1,3.732404545711291
peak_056997,47,1305,1302,13426,13695,fol_47_00931,13561,1,1.804870268616285
peak_057009,47,1323,1321,13595,13916,fol_47_00943,13756,1,1.760423274405532
peak_057031,47,1348,1344,13801,14126,fol_47_00965,13964,1,1.7723466834930028
peak_057064,47,1385,1382,14130,14340,fol_47_00998,14235,1,3.23246025549398
peak_057067,47,1388,1383,14140,14460,fol_47_01001,14300,1,3.1625081483001045
peak_057085,47,1416,1413,14555,14892,fol_47_01019,14724,1,2.334821038175882
peak_057088,47,1421,1417,14580,14908,fol_47_01022,14744,1,2.168982238789533
peak_057089,47,1422,1421,14592,14925,fol_47_01023,14759,1,2.884530329475653
peak_057097,47,1430,1429,14859,14995,fol_47_01031,14927,1,3.6852502591775664
peak_057109,47,1446,1442,14764,15085,fol_47_01043,14925,1,1.7552477063658531
peak_057113,47,1451,1449,14813,15121,fol_47_01047,14967,1,1.9866735908252209
peak_057115,47,1453,1450,14832,15142,fol_47_01049,14987,1,1.8712125185128397
peak_057123,47,1467,1463,14928,15228,fol_47_01057,15078,1,1.840412752906573
peak_057126,47,1470,1469,14948,15256,fol_47_01060,15102,1,2.325621734214685
peak_057127,47,1472,1470,14990,15278,fol_47_01061,15134,1,1.8111972156874676
peak_057135,47,1484,1482,15121,15408,fol_47_01069,15265,1,1.8937966943772413
peak_057139,47,1488,1489,15338,15479,fol_47_01073,15409,1,1.818447095622857
peak_057140,47,1489,1486,15176,15461,fol_47_01074,15319,1,3.1052289093997727
peak_057174,47,1533,1528,15603,15865,fol_47_01108,15734,1,2.7320751755578363
peak_057187,47,1551,1545,15780,16081,fol_47_01121,15931,1,1.9503137956955008
peak_057194,47,1562,1560,15914,16278,fol_47_01128,16096,1,2.229803722063642
peak_057217,47,1596,1595,16297,16547,fol_47_01151,16422,1,2.097632369491372
peak_057222,47,1603,1600,16316,16598,fol_47_01156,16457,1,3.6340211125803874
peak_057227,47,1609,1606,16358,16666,fol_47_01161,16512,1,1.7778512312539758
peak_057228,47,1610,1608,16371,16660,fol_47_01162,16516,1,2.020250680331265
peak_057252,47,1651,1648,16818,17066,fol_47_01186,16942,1,2.0866338195466674
peak_057257,47,1657,1652,16848,17046,fol_47_01191,16947,1,4.110533601006937
peak_057258,47,1657,1658,17047,17196,fol_47_01192,17122,1,3.0298810706380626
peak_057259,47,1658,1653,16862,17196,fol_47_01193,17029,1,1.767696099144076
peak_057276,47,1683,1680,17134,17488,fol_47_01210,17311,1,1.833425114794808
peak_057286,47,1694,1693,17210,17511,fol_47_01220,17361,1,2.125293549044783
peak_057291,47,1700,1698,17272,17619,fol_47_01225,17446,1,1.766141198372336
peak_057313,47,1728,1725,17511,17907,fol_47_01247,17709,1,1.960094320984676
peak_057332,47,1751,1747,17715,17947,fol_47_01266,17831,1,1.805723703788929
peak_057342,47,1761,1759,17792,18211,fol_47_01276,18002,1,2.4642468067837244
peak_057350,47,1770,1768,17885,18243,fol_47_01284,18064,1,2.8393151825613283
peak_057371,47,1796,1793,18098,18541,fol_47_01305,18320,1,2.022428299043772
peak_057375,47,1800,1798,18149,18608,fol_47_01309,18379,1,3.4569796109805906
peak_057376,47,1801,1800,18163,18627,fol_47_01310,18395,1,2.466612596850023
peak_057381,47,1807,1805,18325,18538,fol_47_01315,18432,1,2.1652051121710745
peak_057386,47,1815,1813,18377,18549,fol_47_01320,18463,1,1.8725136938077065
peak_057390,47,1820,1819,18448,18728,fol_47_01324,18588,1,1.7444285625805964
peak_057396,47,1829,1824,18526,18798,fol_47_01330,18662,1,1.895215838442565
peak_057399,47,1833,1829,18563,18818,fol_47_01333,18691,1,1.7391533892898818
peak_057416,47,1858,1855,18821,19121,fol_47_01350,18971,1,1.7979755399775472
peak_057426,47,1872,1868,18994,19301,fol_47_01360,19148,1,2.753801544584011
peak_057448,47,1912,1910,19478,19790,fol_47_01382,19634,1,2.233667308363446
peak_057452,47,1919,1918,19530,19882,fol_47_01386,19706,1,3.1471046270883813
peak_057455,47,1924,1919,19568,19897,fol_47_01389,19733,1,1.8186406506002064
peak_057462,47,1934,1931,19642,19927,fol_47_01396,19785,1,1.8597841823133328
peak_057468,47,1943,1940,19710,20083,fol_47_01402,19897,1,1.835808298793009
peak_057473,47,1948,1946,19770,20148,fol_47_01407,19959,1,2.101857577106249
peak_057496,47,1978,1974,20090,20259,fol_47_01430,20175,1,5.225104587926728
peak_057525,47,2014,2012,20432,20684,fol_47_01459,20558,1,2.287797534544868
peak_057544,47,2038,2037,20742,20978,fol_47_01478,20860,1,1.9790776652588171
peak_057554,47,2056,2055,20963,21249,fol_47_01488,21106,1,1.92493796834888
peak_057555,47,2057,2054,20965,21252,fol_47_01489,21109,1,2.232944362631132
peak_057556,47,2060,2057,20981,21268,fol_47_01490,21125,1,1.8325467668908737
peak_057565,47,2074,2073,21155,21421,fol_47_01499,21288,1,1.7154307548175405
peak_057570,47,2082,2080,21247,21511,fol_47_01504,21379,1,1.762433330462987
peak_057574,47,2089,2088,21338,21649,fol_47_01508,21494,1,1.828627128142846
peak_057576,47,2091,2089,21360,21668,fol_47_01510,21514,1,2.284136125773939
peak_057581,47,2098,2096,21414,21761,fol_47_01515,21588,1,1.8387195117331807
peak_057587,47,2104,2103,21462,21725,fol_47_01521,21594,1,4.5680714327836816
peak_057590,47,2107,2106,21484,21795,fol_47_01524,21640,1,2.8308783520502567
peak_057602,47,2121,2118,21604,21767,fol_47_01536,21686,1,2.041783684441305
peak_057617,47,2140,2136,21756,22057,fol_47_01551,21907,1,2.54148196746313
peak_057629,47,2159,2157,22006,22333,fol_47_01563,22170,1,2.045311631716992
peak_057633,47,2165,2163,22068,22311,fol_47_01567,22190,1,1.7300498850131458
peak_057641,47,2176,2174,22203,22510,fol_47_01575,22357,1,1.7486258418263367
peak_057644,47,2179,2176,22238,22376,fol_47_01578,22307,1,1.7654843162248417
peak_057652,47,2191,2187,22358,22598,fol_47_01586,22478,1,1.7652788649577225
peak_057669,47,2214,2212,22678,23079,fol_47_01603,22879,1,2.176763965106007
peak_057682,47,2229,2227,22832,23146,fol_47_01616,22989,1,1.929027997970268
peak_057685,47,2232,2231,22848,23191,fol_47_01619,23020,1,2.721272875664117
peak_057687,47,2236,2232,22874,23080,fol_47_01621,22977,1,2.0468008070077586
peak_057701,47,2251,2248,23048,23352,fol_47_01635,23200,1,2.112333593722175
peak_057715,47,2274,2268,23404,23629,fol_47_01649,23517,1,1.7315605238035965
peak_057721,47,2283,2279,23394,23611,fol_47_01655,23503,1,1.8890395652530672
peak_057727,47,2291,2290,23509,23773,fol_47_01661,23641,1,1.7043107983148205
peak_057734,47,2302,2300,23673,23935,fol_47_01668,23804,1,1.704964363040327
peak_057736,47,2306,2302,23697,23954,fol_47_01670,23826,1,1.7123275645029377
peak_057745,47,2318,2312,23827,24051,fol_47_01679,23939,1,1.76296844053667
peak_057759,47,2346,2345,24164,24426,fol_47_01693,24295,1,2.459714974336624
peak_057765,47,2358,2356,24306,24635,fol_47_01699,24471,1,1.7396145463789732
peak_057766,47,2359,2357,24310,24636,fol_47_01700,24473,1,1.8054829108178416
peak_057768,47,2363,2360,24338,24700,fol_47_01702,24519,1,2.199726093112653
peak_057770,47,2366,2362,24347,24678,fol_47_01704,24513,1,1.9779548419100348
peak_057773,47,2370,2366,24367,24700,fol_47_01707,24534,1,1.9804639443862744
peak_057775,47,2372,2370,24383,24722,fol_47_01709,24553,1,2.1140604097024345
peak_057776,47,2373,2367,24385,24682,fol_47_01710,24534,1,1.7714245319192676
peak_057777,47,2374,2373,24411,24704,fol_47_01711,24558,1,2.228864544046317
peak_057779,47,2376,2371,24411,24744,fol_47_01713,24578,1,1.7503400411639547
peak_057781,47,2378,2375,24420,24770,fol_47_01715,24595,1,2.140978007896684
peak_057787,47,2384,2382,24490,24815,fol_47_01721,24653,1,2.038673564798803
peak_057790,47,2388,2386,24514,24813,fol_47_01724,24664,1,2.8719494215932264
peak_057791,47,2389,2388,24538,24820,fol_47_01725,24679,1,2.6950748685085717
peak_057795,47,2397,2395,24606,24889,fol_47_01729,24748,1,1.91331213977405
peak_057796,47,2399,2393,24612,24813,fol_47_01730,24713,1,5.802568579999453
peak_057816,47,2426,2425,24915,25149,fol_47_01750,25032,1,2.677275543485189
peak_057817,47,2427,2426,24915,25164,fol_47_01751,25040,1,2.4782355388030357
peak_057821,47,2432,2428,24936,25255,fol_47_01755,25096,1,1.715695566674618
peak_057843,48,27,26,2,150,fol_48_00008,76,1,1.7404455889009245
peak_057844,48,28,27,2,186,fol_48_00009,94,1,2.872478587794672
peak_057855,48,46,45,109,430,fol_48_00020,270,1,2.9697950075452297
peak_057880,48,88,86,697,859,fol_48_00045,778,1,2.0434979379290925
peak_057892,48,100,94,792,1103,fol_48_00057,948,1,1.8737681313768977
peak_057904,48,118,114,1006,1189,fol_48_00069,1098,1,3.394785301471038
peak_057905,48,119,116,1006,1280,fol_48_00070,1143,1,1.7411104052167152
peak_057909,48,128,125,1090,1368,fol_48_00074,1229,1,2.4558095128959216
peak_057922,48,149,147,1503,1636,fol_48_00087,1570,1,2.2452963531408945
peak_057923,48,150,149,1404,1652,fol_48_00088,1528,1,2.1920417177756124
peak_057937,48,178,174,1671,1995,fol_48_00102,1833,1,2.1023360006158023
peak_057938,48,179,175,1675,1959,fol_48_00103,1817,1,2.1143029564252807
peak_057943,48,185,184,1738,2030,fol_48_00108,1884,1,2.1975561937940373
peak_057954,48,200,194,1911,2048,fol_48_00119,1980,1,1.7329675185705251
peak_057956,48,202,201,1932,2227,fol_48_00121,2080,1,2.0016174156056903
peak_057964,48,212,211,2024,2375,fol_48_00129,2200,1,1.781767219071537
peak_057985,48,240,237,2373,2661,fol_48_00150,2517,1,1.8315823879353863
peak_057991,48,248,244,2424,2797,fol_48_00156,2611,1,2.0718161609930026
peak_057992,48,249,245,2439,2623,fol_48_00157,2531,1,2.3591415813246424
peak_057993,48,250,246,2440,2735,fol_48_00158,2588,1,2.162035214723533
peak_057995,48,252,250,2452,2751,fol_48_00160,2602,1,2.1909386604965264
peak_058014,48,274,273,2623,2970,fol_48_00179,2797,1,1.986351114005696
peak_058022,48,284,282,2696,2862,fol_48_00187,2779,1,2.4323897251565763
peak_058027,48,289,288,2730,3077,fol_48_00192,2904,1,2.135783881697838
peak_058034,48,297,296,2793,3155,fol_48_00199,2974,1,2.0523692467455548
peak_058055,48,329,326,3222,3377,fol_48_00220,3300,1,4.5580064444515545
peak_058059,48,333,327,3245,3458,fol_48_00224,3352,1,1.7671947220046018
peak_058076,48,362,361,3605,3943,fol_48_00241,3774,1,3.636448650435491
peak_058086,48,376,375,3689,4049,fol_48_00251,3869,1,1.783775958176278
peak_058108,48,404,401,4053,4334,fol_48_00273,4194,1,1.830609572088872
peak_058115,48,414,412,4130,4408,fol_48_00280,4269,1,2.139763486244338
peak_058123,48,424,421,4256,4541,fol_48_00288,4399,1,2.195862278920885
peak_058133,48,438,435,4392,4682,fol_48_00298,4537,1,2.1123674552643346
peak_058134,48,440,436,4412,4704,fol_48_00299,4558,1,1.706640317422048
peak_058137,48,443,440,4427,4725,fol_48_00302,4576,1,2.617919543169877
peak_058142,48,450,446,4503,4631,fol_48_00307,4567,1,2.5788171361920478
peak_058146,48,454,451,4523,4845,fol_48_00311,4684,1,2.280539074515316
peak_058149,48,457,454,4536,4862,fol_48_00314,4699,1,2.7481373109424845
peak_058164,48,476,477,4889,5093,fol_48_00329,4991,1,1.970695121046432
peak_058166,48,479,476,4889,5108,fol_48_00331,4999,1,2.022592913772248
peak_058167,48,482,479,4847,5134,fol_48_00332,4991,1,2.1557078470802398
peak_058174,48,489,487,4957,5236,fol_48_00339,5097,1,2.005867250616175
peak_058175,48,490,489,4972,5254,fol_48_00340,5113,1,2.929693224348194
peak_058185,48,506,505,5226,5530,fol_48_00350,5378,1,3.202630545761036
peak_058201,48,533,531,5505,5832,fol_48_00366,5669,1,1.939545071654545
peak_058204,48,536,533,5542,5852,fol_48_00369,5697,1,1.9349805480823488
peak_058215,48,553,551,5683,6039,fol_48_00380,5861,1,2.2641881996775552
peak_058223,48,568,566,5850,6143,fol_48_00388,5997,1,3.094249968616462
peak_058224,48,569,568,5870,6156,fol_48_00389,6013,1,1.706561000080688
peak_058252,48,608,606,6265,6555,fol_48_00417,6410,1,1.990670499179809
peak_058253,48,610,608,6286,6571,fol_48_00418,6429,1,1.705978040311757
peak_058254,48,611,607,6311,6591,fol_48_00419,6451,1,1.7966673561290352
peak_058257,48,616,614,6380,6686,fol_48_00422,6533,1,2.0945417788572973
peak_058269,48,637,634,6600,6922,fol_48_00434,6761,1,2.128585409643603
peak_058281,48,655,651,6810,6997,fol_48_00446,6904,1,3.3815120096958213
peak_058287,48,660,655,6998,7144,fol_48_00452,7071,1,3.277614195953205
peak_058290,48,663,661,6907,7175,fol_48_00455,7041,1,2.829519421246168
peak_058291,48,665,662,6918,7174,fol_48_00456,7046,1,2.1953270300569603
peak_058323,48,732,729,7939,8253,fol_48_00488,8096,1,2.325888036740936
peak_058324,48,733,732,7955,8269,fol_48_00489,8112,1,2.17541398814099
peak_058330,48,745,742,8061,8395,fol_48_00495,8228,1,2.0017346449259645
peak_058333,48,749,748,8102,8431,fol_48_00498,8267,1,2.69529561840658
peak_058345,48,765,763,8242,8543,fol_48_00510,8393,1,2.1064714338292445
peak_058347,48,767,765,8261,8560,fol_48_00512,8411,1,2.3432505001371937
peak_058354,48,778,775,8340,8669,fol_48_00519,8505,1,2.021340711544398
peak_058367,48,792,790,8481,8790,fol_48_00532,8636,1,1.8064746644850636
peak_058374,48,805,803,8570,8869,fol_48_00539,8720,1,1.7422605490433034
peak_058382,48,815,812,8653,8950,fol_48_00547,8802,1,2.0956516268218035
peak_058384,48,817,815,8675,8967,fol_48_00549,8821,1,2.233776364344179
peak_058401,48,841,837,8922,9122,fol_48_00566,9022,1,2.905825937248472
peak_058413,48,862,861,9143,9446,fol_48_00578,9295,1,2.97990930460244
peak_058435,48,893,888,9420,9701,fol_48_00600,9561,1,2.1591065091835664
peak_058452,48,922,920,9725,10013,fol_48_00617,9869,1,1.8900084748281112
peak_058456,48,926,923,9777,10055,fol_48_00621,9916,1,1.8208061407584
peak_058457,48,927,925,9793,10069,fol_48_00622,9931,1,1.808343724250028
peak_058459,48,930,928,9815,10168,fol_48_00624,9992,1,2.0666351530237264
peak_058470,48,945,941,9961,10288,fol_48_00635,10125,1,2.49832417361616
peak_058499,48,985,982,10381,10685,fol_48_00664,10533,1,1.757927494227538
peak_058524,48,1018,1016,10821,11041,fol_48_00689,10931,1,1.9689237008340377
peak_058536,48,1034,1030,10950,11132,fol_48_00701,11041,1,3.0872154961736022
peak_058558,48,1063,1061,11291,11612,fol_48_00723,11452,1,1.8849035963683796
peak_058566,48,1074,1070,11411,11712,fol_48_00731,11562,1,1.7853285484814798
peak_058577,48,1092,1090,11640,11938,fol_48_00742,11789,1,1.7509834870544787
peak_058582,48,1098,1096,11729,12021,fol_48_00747,11875,1,1.913701588321517
peak_058583,48,1100,1098,11742,12041,fol_48_00748,11892,1,2.4872322875499138
peak_058596,48,1119,1116,11889,12217,fol_48_00761,12053,1,2.357525683833157
peak_058600,48,1124,1119,11923,12233,fol_48_00765,12078,1,1.8411664011310025
peak_058623,48,1154,1150,12226,12425,fol_48_00788,12326,1,2.746560198721827
peak_058624,48,1154,1152,12426,12554,fol_48_00789,12490,1,4.469372239108592
peak_058647,48,1186,1180,12582,12875,fol_48_00812,12729,1,2.461727602718654
peak_058673,48,1231,1228,13087,13356,fol_48_00838,13222,1,1.8744395856555036
peak_058679,48,1243,1241,13286,13478,fol_48_00844,13382,1,2.893798107197985
peak_058690,48,1258,1253,13408,13710,fol_48_00855,13559,1,1.778695614494787
peak_058697,48,1268,1266,13524,13806,fol_48_00862,13665,1,1.8000671874328755
peak_058711,48,1288,1280,13702,14007,fol_48_00876,13855,1,2.043481079312671
peak_058717,48,1295,1293,13772,13902,fol_48_00882,13837,1,5.049045873203936
peak_058737,48,1323,1320,14078,14351,fol_48_00902,14215,1,1.775899629053288
peak_058741,48,1328,1326,14137,14466,fol_48_00906,14302,1,1.896536371336679
peak_058755,48,1348,1346,14359,14674,fol_48_00920,14517,1,2.627489330459797
peak_058760,48,1354,1351,14438,14693,fol_48_00925,14566,1,2.0365300261462265
peak_058761,48,1355,1354,14426,14713,fol_48_00926,14570,1,2.027664146837257
peak_058770,48,1365,1362,14504,14788,fol_48_00935,14646,1,1.9395299943087223
peak_058781,48,1379,1378,14675,14950,fol_48_00946,14813,1,2.634659899436765
peak_058783,48,1381,1379,14690,14962,fol_48_00948,14826,1,2.724203003963684
peak_058792,48,1393,1391,14839,15094,fol_48_00957,14967,1,1.715457166839913
peak_058799,48,1401,1399,14924,15191,fol_48_00964,15058,1,1.8524559266964675
peak_058810,48,1415,1411,15140,15408,fol_48_00975,15274,1,2.3316749607381064
peak_058814,48,1420,1416,15181,15502,fol_48_00979,15342,1,1.732593736750935
peak_058817,48,1423,1420,15207,15521,fol_48_00982,15364,1,2.222503188207767
peak_058832,48,1443,1441,15445,15793,fol_48_00997,15619,1,2.680805858956755
peak_058833,48,1445,1443,15480,15806,fol_48_00998,15643,1,2.0053145766086
peak_058878,48,1514,1511,16216,16490,fol_48_01043,16353,1,1.840408393138292
peak_058885,48,1521,1520,16287,16574,fol_48_01050,16431,1,3.623084789378856
peak_058886,48,1524,1521,16302,16590,fol_48_01051,16446,1,2.56945473414002
peak_058912,48,1559,1558,16739,17070,fol_48_01077,16905,1,2.056077739376933
peak_058916,48,1563,1562,16810,17106,fol_48_01081,16958,1,1.9985356571356827
peak_058921,48,1571,1568,16884,17182,fol_48_01086,17033,1,1.8210336180158024
peak_058944,48,1601,1600,17132,17479,fol_48_01109,17306,1,1.7646332802439026
peak_058946,48,1605,1602,17154,17644,fol_48_01111,17399,1,1.9321464747904988
peak_058962,48,1628,1626,17386,17727,fol_48_01127,17557,1,1.715711282537864
peak_058966,48,1635,1634,17565,17752,fol_48_01131,17659,1,2.188993028273925
peak_058981,48,1659,1656,17695,17989,fol_48_01146,17842,1,2.150153246128883
peak_058982,48,1660,1659,17708,18007,fol_48_01147,17858,1,2.4499980221959565
peak_058987,48,1665,1661,17736,17997,fol_48_01152,17867,1,2.0213966947037805
peak_058998,48,1679,1676,17927,18311,fol_48_01163,18119,1,2.1846833613534327
peak_059012,48,1699,1697,18158,18430,fol_48_01177,18294,1,1.720738708642343
peak_059014,48,1701,1699,18175,18448,fol_48_01179,18312,1,1.9011010763589828
peak_059016,48,1703,1696,18200,18509,fol_48_01181,18355,1,1.978119091748547
peak_059018,48,1705,1702,18215,18489,fol_48_01183,18352,1,1.7252624646140593
peak_059026,48,1715,1713,18515,18712,fol_48_01191,18614,1,2.1129916419195003
peak_059038,48,1745,1740,18783,19121,fol_48_01203,18952,1,1.9247996356272328
peak_059039,48,1746,1745,18805,19138,fol_48_01204,18972,1,2.320539011661184
peak_059042,48,1751,1746,18868,19084,fol_48_01207,18976,1,1.7764537456516931
peak_059051,48,1762,1758,18981,19254,fol_48_01216,19118,1,1.935355352604512
peak_059052,48,1763,1759,18982,19143,fol_48_01217,19063,1,1.893207892295774
peak_059054,48,1765,1764,19005,19331,fol_48_01219,19168,1,3.1238685012655707
peak_059069,48,1787,1786,19205,19362,fol_48_01234,19284,1,3.7477159224978944
peak_059078,48,1796,1792,19271,19547,fol_48_01243,19409,1,2.9336267807917613
peak_059087,48,1806,1804,19351,19697,fol_48_01252,19524,1,3.32240161429478
peak_059096,48,1817,1816,19428,19753,fol_48_01261,19591,1,2.6381599587123183
peak_059146,48,1888,1884,20075,20477,fol_48_01311,20276,1,2.1645185496906003
peak_059149,48,1892,1887,20102,20343,fol_48_01314,20223,1,2.921713126347568
peak_059151,48,1896,1888,20299,20458,fol_48_01316,20379,1,3.039503444718884
peak_059167,48,1925,1924,20481,20760,fol_48_01332,20621,1,1.9814057891117407
peak_059195,48,1958,1955,20839,21113,fol_48_01360,20976,1,1.7666201208550614
peak_059203,48,1969,1967,20918,21240,fol_48_01368,21079,1,1.7504539983800218
peak_059224,48,1997,1995,21200,21488,fol_48_01389,21344,1,1.916221059740653
peak_059271,48,2072,2070,22145,22434,fol_48_01436,22290,1,2.159011521544953
peak_059274,48,2076,2073,22163,22323,fol_48_01439,22243,1,2.0608518929805104
peak_059283,48,2090,2089,22434,22721,fol_48_01448,22578,1,1.7227695497802469
peak_059304,48,2126,2123,22873,23189,fol_48_01469,23031,1,2.0260634114953757
peak_059329,48,2155,2153,23193,23500,fol_48_01494,23347,1,2.321786324525738
peak_059336,48,2164,2160,23247,23609,fol_48_01501,23428,1,2.883551904167442
peak_059337,48,2165,2159,23248,23560,fol_48_01502,23404,1,1.7872094913643355
peak_059338,48,2166,2164,23272,23625,fol_48_01503,23449,1,3.255146730728128
peak_059348,48,2180,2179,23410,23739,fol_48_01513,23575,1,2.018729173427543
peak_059349,48,2182,2180,23441,23762,fol_48_01514,23602,1,2.04914893050653
peak_059360,48,2199,2196,23695,23949,fol_48_01525,23822,1,2.193367447716042
peak_059365,48,2205,2203,23768,24069,fol_48_01530,23919,1,2.4202571657588874
peak_059381,48,2239,2237,24368,24530,fol_48_01546,24449,1,1.7423979836709074
peak_059393,48,2261,2258,24452,24714,fol_48_01558,24583,1,1.7893750253239784
peak_059401,48,2272,2270,24549,24860,fol_48_01566,24705,1,1.889379524254818
peak_059407,48,2280,2279,24722,24945,fol_48_01572,24834,1,2.43744299066278
peak_059415,48,2298,2296,24958,25280,fol_48_01580,25119,1,2.6274826296169342
peak_059425,48,2318,2316,25276,25506,fol_48_01590,25391,1,3.0344304393480943
peak_059442,48,2343,2341,25468,25728,fol_48_01607,25598,1,1.7168364208406928
peak_059455,48,2361,2358,25660,25939,fol_48_01620,25800,1,1.8326612353192084
peak_059475,48,2389,2387,25975,26279,fol_48_01640,26127,1,4.082150616814954
peak_059478,48,2393,2390,26023,26305,fol_48_01643,26164,1,1.952910706636619
peak_059485,48,2402,2400,26143,26346,fol_48_01650,26245,1,2.0914411680715688
peak_059496,48,2419,2415,26355,26630,fol_48_01661,26493,1,1.827383356990934
peak_059547,48,2498,2494,27291,27578,fol_48_01712,27435,1,1.7174219857419215
peak_059556,48,2511,2509,27439,27742,fol_48_01721,27591,1,1.988374081184474
peak_059558,48,2514,2512,27448,27648,fol_48_01723,27548,1,2.464738779481883
peak_059562,48,2518,2516,27476,27637,fol_48_01727,27557,1,2.0530607723577634
peak_059568,48,2523,2521,27548,27827,fol_48_01733,27688,1,2.4694671286630805
peak_059586,49,20,33,2,278,fol_49_00011,140,1,1.733395288976159
peak_059588,49,22,19,1,288,fol_49_00013,145,1,1.9609398747738385
peak_059589,49,23,20,1,298,fol_49_00014,150,1,3.7942207130559
peak_059601,49,41,38,21,330,fol_49_00026,176,1,2.0627404438495547
peak_059603,49,44,41,45,346,fol_49_00028,196,1,2.0930763602052385
peak_059677,49,157,152,1731,1932,fol_49_00102,1832,1,2.652331172400201
peak_059679,49,159,157,1785,2015,fol_49_00104,1900,1,1.7066342435211923
peak_059694,49,183,180,1963,2132,fol_49_00119,2048,1,1.8695499713287649
peak_059733,49,235,232,2565,2866,fol_49_00158,2716,1,1.8694930307997013
peak_059735,49,237,228,2584,2790,fol_49_00160,2687,1,1.7890634579751414
peak_059747,49,256,253,2871,3017,fol_49_00172,2944,1,3.481467344836411
peak_059759,49,275,273,3047,3343,fol_49_00184,3195,1,1.8288716813267003
peak_059767,49,287,286,3259,3481,fol_49_00192,3370,1,1.893670570083023
peak_059768,49,289,283,3216,3404,fol_49_00193,3310,1,2.583907948202722
peak_059786,49,311,309,3456,3757,fol_49_00211,3607,1,1.704828398399212
peak_059795,49,321,318,3608,3874,fol_49_00220,3741,1,1.8896059172621784
peak_059820,49,376,374,4418,4760,fol_49_00245,4589,1,2.3597096385328062
peak_059830,49,392,391,4559,4910,fol_49_00255,4735,1,1.9287165242693105
peak_059843,49,409,405,4706,4986,fol_49_00268,4846,1,1.8637833499100356
peak_059846,49,413,411,4750,5091,fol_49_00271,4921,1,3.403277929457273
peak_059849,49,417,413,4810,5085,fol_49_00274,4948,1,2.025137240255644
peak_059877,49,467,465,5488,5695,fol_49_00302,5592,1,1.7156945370953067
peak_059950,49,565,563,6602,7006,fol_49_00375,6804,1,2.161003179515724
peak_059987,49,619,614,7327,7613,fol_49_00412,7470,1,1.948949248169098
peak_059993,49,627,625,7448,7727,fol_49_00418,7588,1,1.845824866666415
peak_059999,49,638,633,7595,7837,fol_49_00424,7716,1,2.205425307239455
peak_060015,49,671,666,8082,8329,fol_49_00440,8206,1,2.101456151197856
peak_060038,49,713,706,8774,8926,fol_49_00463,8850,1,2.03371646090396
peak_060045,49,725,720,8782,9057,fol_49_00470,8920,1,2.0777413918735457
peak_060056,49,741,736,8934,9168,fol_49_00481,9051,1,3.5767192836141226
peak_060075,49,775,771,9315,9588,fol_49_00500,9452,1,1.897029639607404
peak_060083,49,788,784,9415,9729,fol_49_00508,9572,1,2.6381742559289947
peak_060093,49,799,797,9514,9827,fol_49_00518,9671,1,4.053304629674384
peak_060095,49,801,799,9540,9840,fol_49_00520,9690,1,3.270140896562794
peak_060111,49,823,821,9799,10073,fol_49_00536,9936,1,1.8568729235509889
peak_060118,49,834,831,9936,10162,fol_49_00543,10049,1,2.39899527220778
peak_060132,49,851,847,10103,10385,fol_49_00557,10244,1,2.3710154753722565
peak_060168,49,907,904,10777,11101,fol_49_00593,10939,1,2.4689357019395546
peak_060169,49,908,906,10801,11072,fol_49_00594,10937,1,1.7828013419510282
peak_060188,49,937,934,11081,11388,fol_49_00613,11235,1,3.656259466522656
peak_060190,49,939,937,11097,11401,fol_49_00615,11249,1,1.9993297818506648
peak_060194,49,943,941,11142,11440,fol_49_00619,11291,1,2.63452554347413
peak_060199,49,950,947,11216,11493,fol_49_00624,11355,1,1.7325545913718472
peak_060208,49,960,956,11340,11652,fol_49_00633,11496,1,2.6713484439571724
peak_060245,49,1017,1015,12222,12483,fol_49_00670,12353,1,4.05326407186308
peak_060259,49,1035,1033,12442,12763,fol_49_00684,12603,1,2.722752620562827
peak_060337,49,1159,1156,14166,14431,fol_49_00762,14299,1,1.946361893288615
peak_060338,49,1160,1159,14173,14450,fol_49_00763,14312,1,5.155473635726866
peak_060341,49,1165,1162,14250,14477,fol_49_00766,14364,1,2.7156912916336675
peak_060343,49,1168,1164,14294,14553,fol_49_00768,14424,1,3.167248792073226
peak_060362,49,1196,1195,14791,15056,fol_49_00787,14924,1,1.8962027682345648
peak_060368,49,1204,1202,14901,15192,fol_49_00793,15047,1,1.8131541211298217
peak_060370,49,1207,1206,14959,15216,fol_49_00795,15088,1,1.7075391088965073
peak_060400,49,1261,1257,15732,15935,fol_49_00825,15834,1,1.880844531512136
peak_060416,49,1287,1285,15954,16236,fol_49_00841,16095,1,1.9916567166274344
peak_060457,49,1348,1345,16640,16946,fol_49_00882,16793,1,3.1049968420142133
peak_060461,49,1352,1350,16691,17019,fol_49_00886,16855,1,1.7315549971076836
peak_060464,49,1358,1355,16741,17096,fol_49_00889,16919,1,3.110958663426832
peak_060467,49,1361,1356,16756,17066,fol_49_00892,16911,1,2.7232695860309404
peak_060472,49,1367,1364,16805,17100,fol_49_00897,16953,1,1.8633528492025355
peak_060477,49,1374,1371,16875,17212,fol_49_00902,17044,1,2.8426046477087987
peak_060479,49,1376,1374,16899,17118,fol_49_00904,17009,1,3.806498078332137
peak_060490,49,1397,1395,17166,17495,fol_49_00915,17331,1,3.4208010761326544
peak_060522,49,1452,1449,17890,18140,fol_49_00947,18015,1,2.3733005919539463
peak_060533,49,1467,1465,18120,18279,fol_49_00958,18200,1,2.4806850125816857
peak_060534,49,1469,1467,18139,18407,fol_49_00959,18273,1,1.9019978671518936
peak_060554,49,1504,1499,18447,18779,fol_49_00979,18613,1,1.7134585321568094
peak_060571,49,1529,1526,18760,19014,fol_49_00996,18887,1,1.9791418130291625
peak_060593,49,1564,1562,19185,19409,fol_49_01018,19297,1,3.8014222890453615
peak_060598,49,1574,1573,19353,19711,fol_49_01023,19532,1,2.287255264362193
peak_060607,49,1587,1582,19525,19717,fol_49_01032,19621,1,1.82210831320935
peak_060636,49,1629,1627,19967,20257,fol_49_01061,20112,1,1.9606363392605404
peak_060677,49,1717,1714,21408,21716,fol_49_01102,21562,1,3.7993423734194103
peak_060683,49,1721,1717,21429,21727,fol_49_01108,21578,1,1.9392288906584825
peak_060685,49,1723,1720,21437,21602,fol_49_01110,21520,1,2.517182118082463
peak_060698,49,1739,1735,21543,21836,fol_49_01123,21690,1,1.9946333112319092
peak_060714,49,1756,1753,21762,22113,fol_49_01139,21938,1,2.268388789172288
peak_060717,49,1759,1757,21758,22090,fol_49_01142,21924,1,2.1652876705907413
peak_060721,49,1763,1762,21804,22077,fol_49_01146,21941,1,2.546193356150196
peak_060725,49,1768,1767,21891,22065,fol_49_01150,21978,1,2.542754761761556
peak_060742,49,1792,1790,22333,22505,fol_49_01167,22419,1,2.446311369498801
peak_060744,49,1794,1793,22237,22554,fol_49_01169,22396,1,1.7634834365050367
peak_060756,49,1813,1812,22460,22832,fol_49_01181,22646,1,2.1209169391901272
peak_060786,49,1853,1851,23048,23316,fol_49_01211,23182,1,2.1709930901938543
peak_060792,49,1863,1860,23164,23339,fol_49_01217,23252,1,2.107977145432194
peak_060849,49,1954,1952,24165,24519,fol_49_01274,24342,1,3.3386051952728617
peak_060856,49,1963,1959,24278,24410,fol_49_01281,24344,1,1.7372837842565207
peak_060863,49,1970,1969,24396,24673,fol_49_01288,24535,1,4.535670523214207
peak_060880,49,1995,1992,24742,25009,fol_49_01305,24876,1,2.555552933652638
peak_060889,49,2010,2007,24886,25265,fol_49_01314,25076,1,1.9643202000837672
peak_060891,49,2012,2010,24914,25277,fol_49_01316,25096,1,1.7348068633715463
peak_060921,49,2056,2051,25365,25576,fol_49_01346,25471,1,6.204263715116577
peak_060960,50,48,46,326,623,fol_50_00021,475,1,1.8576564412724796
peak_061004,50,133,131,1605,1746,fol_50_00065,1676,1,1.9625808724376823
peak_061006,50,135,133,1428,1604,fol_50_00067,1516,1,3.526974707897151
peak_061012,50,147,142,1538,1827,fol_50_00073,1683,1,2.305434025948452
peak_061017,50,157,155,1647,1896,fol_50_00078,1772,1,7.192223934937807
peak_061048,50,224,220,2851,3018,fol_50_00109,2935,1,5.8173181526514535
peak_061053,50,235,231,2992,3247,fol_50_00114,3120,1,2.1004143758143954
peak_061058,50,246,244,3109,3313,fol_50_00119,3211,1,2.1248613838423136
peak_061062,50,251,241,3307,3440,fol_50_00123,3374,1,3.298272706226268
peak_061070,50,272,269,3576,3830,fol_50_00131,3703,1,2.266189803761815
peak_061076,50,282,277,3817,4018,fol_50_00137,3918,1,1.8564720471747236
peak_061116,50,351,349,4799,5065,fol_50_00177,4932,1,3.803065360282448
peak_061130,50,381,378,5377,5505,fol_50_00191,5441,1,2.878106346074613
peak_061131,50,383,381,5395,5651,fol_50_00192,5523,1,2.20062288787034
peak_061138,50,391,387,5445,5725,fol_50_00199,5585,1,1.9710304371844525
peak_061139,50,392,389,5452,5723,fol_50_00200,5588,1,3.613720281513356
peak_061143,50,398,394,5491,5773,fol_50_00204,5632,1,1.958646250980569
peak_061162,50,435,431,5875,6166,fol_50_00223,6021,1,2.582360760393421
peak_061186,50,478,476,6355,6722,fol_50_00247,6539,1,3.827566514907055
peak_061192,50,487,486,6442,6765,fol_50_00253,6604,1,1.727642098890212
peak_061219,50,537,535,7076,7341,fol_50_00280,7209,1,2.6017723856363526
peak_061232,50,557,555,7299,7553,fol_50_00293,7426,1,3.321818786867861
peak_061233,50,558,554,7299,7718,fol_50_00294,7509,1,1.85376841534428
peak_061263,50,606,604,8066,8379,fol_50_00324,8223,1,2.726970992740681
peak_061265,50,609,608,8095,8383,fol_50_00326,8239,1,1.8327430726896607
peak_061268,50,614,610,8147,8423,fol_50_00329,8285,1,1.8877368542170447
peak_061284,50,644,638,8468,8637,fol_50_00345,8553,1,1.881527818058003
peak_061290,50,657,655,8595,9004,fol_50_00351,8800,1,2.059758335620874
peak_061296,50,665,662,8706,9098,fol_50_00357,8902,1,2.883944965647147
peak_061303,50,676,673,8881,9153,fol_50_00364,9017,1,1.899425040494617
peak_061304,50,677,674,8885,9191,fol_50_00365,9038,1,2.1649211738116225
peak_061306,50,680,676,8925,9170,fol_50_00367,9048,1,2.3098013731579004
peak_061314,50,699,694,9308,9465,fol_50_00375,9387,1,1.999970043454035
peak_061320,50,710,706,9298,9583,fol_50_00381,9441,1,2.062318546766419
peak_061324,50,715,711,9463,9598,fol_50_00385,9531,1,2.1316974421768813
peak_061330,50,722,721,9426,9701,fol_50_00391,9564,1,3.263430404132174
peak_061357,50,773,769,10018,10332,fol_50_00418,10175,1,2.07004647945164
peak_061362,50,779,774,10076,10373,fol_50_00423,10225,1,1.8577113122012348
peak_061366,50,784,780,10115,10278,fol_50_00427,10197,1,5.258944371049614
peak_061378,50,799,797,10299,10584,fol_50_00439,10442,1,1.7212564253434048
peak_061380,50,801,799,10323,10604,fol_50_00441,10464,1,2.411568039803366
peak_061382,50,807,804,10467,10736,fol_50_00443,10602,1,2.660261432519888
peak_061384,50,811,808,10523,10751,fol_50_00445,10637,1,3.2990518762391887
peak_061389,50,821,819,10692,10850,fol_50_00450,10771,1,2.374547814253656
peak_061409,50,850,848,11098,11395,fol_50_00470,11247,1,2.422465068871372
peak_061419,50,873,869,11462,11770,fol_50_00480,11616,1,1.8835996258600396
peak_061428,50,896,894,11832,12122,fol_50_00489,11977,1,2.99556647632516
peak_061443,50,922,921,12129,12453,fol_50_00504,12291,1,4.950041887383007
peak_061444,50,925,922,12145,12469,fol_50_00505,12307,1,2.3835635002252293
peak_061449,50,931,926,12183,12538,fol_50_00510,12361,1,1.7774519992623163
peak_061452,50,935,934,12259,12532,fol_50_00513,12396,1,1.866440974739925
peak_061466,50,954,952,12528,12842,fol_50_00527,12685,1,2.727174200007892
peak_061472,50,962,961,12642,12931,fol_50_00533,12787,1,2.2670763122899995
peak_061476,50,967,964,12692,12980,fol_50_00537,12836,1,3.0820331255470257
peak_061482,50,975,973,12793,13060,fol_50_00543,12927,1,3.152451710834967
peak_061490,50,989,985,12898,13147,fol_50_00551,13023,1,1.9398671202735571
peak_061496,50,997,994,12998,13289,fol_50_00557,13144,1,1.8744138516315945
peak_061512,50,1015,1013,13157,13483,fol_50_00573,13320,1,2.4176796600559944
peak_061513,50,1017,1014,13178,13490,fol_50_00574,13334,1,2.448243223356995
peak_061519,50,1024,1022,13245,13552,fol_50_00580,13399,1,1.8644606891369968
peak_061522,50,1028,1024,13262,13571,fol_50_00583,13417,1,1.9833276504558737
peak_061552,50,1075,1072,13908,14200,fol_50_00613,14054,1,2.3358501427967737
peak_061556,50,1081,1073,13952,14157,fol_50_00617,14055,1,1.8768316144116184
peak_061558,50,1083,1078,13957,14251,fol_50_00619,14104,1,2.165889654985305
peak_061572,50,1115,1114,14444,14725,fol_50_00633,14585,1,2.43444824273291
peak_061600,50,1159,1158,15076,15386,fol_50_00661,15231,1,2.303802930510105
peak_061601,50,1160,1156,15076,15296,fol_50_00662,15186,1,5.200131217470604
peak_061606,50,1168,1164,15153,15461,fol_50_00667,15307,1,2.0276711118539894
peak_061612,50,1178,1175,15256,15530,fol_50_00673,15393,1,2.171505129400039
peak_061614,50,1181,1176,15276,15641,fol_50_00675,15459,1,2.36709224754096
peak_061618,50,1188,1186,15348,15619,fol_50_00679,15484,1,1.729401142666022
peak_061622,50,1194,1192,15403,15735,fol_50_00683,15569,1,2.9494563310097366
peak_061635,50,1218,1214,15701,15971,fol_50_00696,15836,1,1.7857892077105737
peak_061637,50,1220,1218,15724,15999,fol_50_00698,15862,1,2.850872552012618
peak_061638,50,1222,1221,15745,16078,fol_50_00699,15912,1,2.4020781419428787
peak_061659,50,1253,1251,16120,16430,fol_50_00720,16275,1,1.7683903418978308
peak_061664,50,1262,1260,16267,16465,fol_50_00725,16366,1,2.592815626870568
peak_061679,50,1297,1294,16925,17064,fol_50_00740,16995,1,1.774234670711696
peak_061688,50,1316,1313,16977,17249,fol_50_00749,17113,1,1.7967791740766468
peak_061702,50,1340,1337,17278,17526,fol_50_00763,17402,1,1.886756977596231
peak_061711,50,1354,1351,17432,17699,fol_50_00772,17566,1,1.7049135098794574
peak_061718,50,1364,1362,17528,17811,fol_50_00779,17670,1,3.0295910694180472
peak_061746,50,1402,1398,17945,18257,fol_50_00807,18101,1,1.7090388162764274
peak_061753,50,1410,1405,18001,18300,fol_50_00814,18151,1,2.781645878252452
peak_061761,50,1425,1424,18267,18445,fol_50_00822,18356,1,3.303831851781899
peak_061770,50,1443,1440,18383,18662,fol_50_00831,18523,1,1.9009414692245643
peak_061778,50,1453,1451,18670,18811,fol_50_00839,18741,1,3.0957540985528933
peak_061789,50,1468,1465,18691,18985,fol_50_00850,18838,1,1.7856568380193791
peak_061793,50,1476,1473,18797,19119,fol_50_00854,18958,1,1.8803045327893
peak_061808,50,1500,1497,18989,19285,fol_50_00869,19137,1,2.351434419152613
peak_061823,50,1516,1515,19141,19411,fol_50_00884,19276,1,2.940253297423288
peak_061869,50,1595,1593,20421,20690,fol_50_00930,20556,1,1.817755496287938
peak_061875,50,1608,1606,20572,20879,fol_50_00936,20726,1,2.221203249415772
peak_061883,50,1623,1620,20757,21085,fol_50_00944,20921,1,1.7043095399743002
peak_061903,50,1651,1647,21068,21399,fol_50_00964,21234,1,2.0343811917891768
peak_061904,50,1653,1651,21081,21415,fol_50_00965,21248,1,2.420794673927313
peak_061909,50,1660,1656,21228,21481,fol_50_00970,21355,1,2.1119895898906638
peak_061916,50,1673,1672,21458,21628,fol_50_00977,21543,1,3.2134939611221576
peak_061922,50,1685,1682,21586,21795,fol_50_00983,21691,1,2.2776614197926723
peak_061942,50,1713,1707,21877,22151,fol_50_01003,22014,1,2.1104163892189547
peak_061957,50,1732,1728,22132,22264,fol_50_01018,22198,1,2.6176690381017003
peak_061968,50,1749,1746,22395,22635,fol_50_01029,22515,1,1.7196900313964236
peak_061972,50,1753,1752,22483,22764,fol_50_01033,22624,1,1.8156942540972365
peak_062006,50,1810,1808,23226,23480,fol_50_01067,23353,1,1.965095786847584
peak_062011,50,1817,1815,23195,23464,fol_50_01072,23330,1,1.934649917593308
peak_062015,50,1822,1814,23228,23539,fol_50_01076,23384,1,1.9631937537629447
peak_062023,50,1832,1829,23302,23629,fol_50_01084,23466,1,1.8152144405427253
peak_062024,50,1833,1831,23314,23595,fol_50_01085,23455,1,2.2891854067301
peak_062025,50,1834,1832,23322,23625,fol_50_01086,23474,1,2.807714226124375
peak_062026,50,1836,1833,23335,23611,fol_50_01087,23473,1,2.005585587166141
peak_062029,50,1839,1830,23353,23626,fol_50_01090,23490,1,2.1905143030986247
peak_062033,50,1846,1843,23465,23628,fol_50_01094,23547,1,3.805311818630171
peak_062044,50,1863,1858,23652,23940,fol_50_01105,23796,1,2.055512749500493
peak_062048,50,1868,1864,23697,24013,fol_50_01109,23855,1,2.078629974408882
peak_062088,50,1940,1937,24771,24974,fol_50_01149,24873,1,2.7559014008400573
peak_062092,50,1945,1942,24814,25077,fol_50_01153,24946,1,2.332147014167511
peak_062094,50,1947,1946,24847,25221,fol_50_01155,25034,1,2.036402662425782
peak_062098,50,1952,1949,24883,25197,fol_50_01159,25040,1,2.401153382683612
peak_062104,50,1963,1960,24978,25154,fol_50_01165,25066,1,3.068785389543647
peak_062105,50,1965,1962,25000,25289,fol_50_01166,25145,1,2.0741359968256914
peak_062116,50,1993,1992,25383,25768,fol_50_01177,25576,1,1.7357497775040711
peak_062119,50,1996,1994,25408,25720,fol_50_01180,25564,1,2.116147048007952
peak_062126,50,2008,2004,25579,25825,fol_50_01187,25702,1,2.451295923779531
peak_062128,50,2011,2009,25616,25906,fol_50_01189,25761,1,2.021546111603969
peak_062134,50,2020,2016,25683,25843,fol_50_01195,25763,1,4.0703787851463815
peak_062140,50,2032,2030,25879,26145,fol_50_01201,26012,1,2.5310007593368047
peak_062171,50,2084,2081,26585,26891,fol_50_01232,26738,1,2.338190496762315
peak_062191,50,2115,2114,26998,27180,fol_50_01252,27089,1,2.687676325928194
peak_062205,50,2137,2135,27141,27432,fol_50_01266,27287,1,2.458035205289874
peak_062221,50,2166,2161,27405,27782,fol_50_01282,27594,1,2.0166766420336644
peak_062231,50,2178,2175,27588,27757,fol_50_01292,27673,1,4.163272390830449
peak_062235,50,2184,2182,27646,27927,fol_50_01296,27787,1,3.6339333654424766
peak_062255,50,2217,2213,28069,28316,fol_50_01316,28193,1,1.7509990613802082
peak_062263,51,13,26,2,168,fol_51_00001,85,1,1.731720674115785
peak_062264,51,15,13,1,194,fol_51_00002,98,1,1.799456368817775
peak_062272,51,33,31,44,330,fol_51_00010,187,1,2.212116722850522
peak_062297,51,70,67,357,681,fol_51_00035,519,1,2.219220567204651
peak_062309,51,86,83,678,811,fol_51_00047,745,1,1.843137636920816
peak_062369,51,221,216,2481,2796,fol_51_00107,2639,1,1.920208722615817
peak_062381,51,239,236,2664,3030,fol_51_00119,2847,1,2.41762419456698
peak_062386,51,246,245,2750,3121,fol_51_00124,2936,1,1.858621469612452
peak_062388,51,249,246,2781,3141,fol_51_00126,2961,1,2.895309616768196
peak_062415,51,290,288,3206,3604,fol_51_00153,3405,1,2.943356860052243
peak_062442,51,327,326,3757,4067,fol_51_00180,3912,1,1.903928479839291
peak_062443,51,334,331,3805,4077,fol_51_00181,3941,1,2.6235092947976524
peak_062445,51,338,334,3822,4090,fol_51_00183,3956,1,2.044852946686692
peak_062448,51,343,341,3894,4174,fol_51_00186,4034,1,3.258338602157157
peak_062453,51,351,350,3958,4131,fol_51_00191,4045,1,1.9507689861839048
peak_062466,51,368,365,4152,4304,fol_51_00204,4228,1,2.3591589851352106
peak_062481,51,391,390,4440,4693,fol_51_00219,4567,1,3.3638220750253365
peak_062482,51,392,391,4532,4704,fol_51_00220,4618,1,1.749747059551472
peak_062491,51,406,403,4665,4891,fol_51_00229,4778,1,1.774298909062531
peak_062497,51,424,422,4919,5259,fol_51_00235,5089,1,3.045892794637082
peak_062502,51,430,427,4962,5254,fol_51_00240,5108,1,1.7131453579260318
peak_062510,51,440,436,5056,5355,fol_51_00248,5206,1,1.920567941694881
peak_062519,51,452,445,5188,5518,fol_51_00257,5353,1,1.8327807326927736
peak_062537,51,482,479,5610,5901,fol_51_00275,5756,1,2.027153357192611
peak_062563,51,522,521,5975,6156,fol_51_00301,6066,1,4.575560593536977
peak_062568,51,530,528,6050,6308,fol_51_00306,6179,1,1.7189322175826978
peak_062574,51,537,534,6123,6363,fol_51_00312,6243,1,3.8341404039554874
peak_062587,51,559,556,6365,6643,fol_51_00325,6504,1,2.0534869829673923
peak_062598,51,577,576,6810,7030,fol_51_00336,6920,1,2.5530174736087345
peak_062601,51,582,577,6810,7049,fol_51_00339,6930,1,2.2806627502458743
peak_062602,51,584,582,6791,7064,fol_51_00340,6928,1,1.91479479373447
peak_062606,51,588,584,6808,7081,fol_51_00344,6945,1,2.3217919525577546
peak_062616,51,603,601,6979,7236,fol_51_00354,7108,1,1.7633514391621663
peak_062633,51,637,634,7457,7647,fol_51_00371,7552,1,3.051915847765173
peak_062637,51,648,645,7564,7724,fol_51_00375,7644,1,4.426810245013292
peak_062645,51,655,653,7623,7897,fol_51_00383,7760,1,2.1229606513782784
peak_062655,51,666,663,7768,7976,fol_51_00393,7872,1,4.048913911638287
peak_062665,51,685,679,7973,8311,fol_51_00403,8142,1,3.0896819759825087
peak_062666,51,686,684,7979,8268,fol_51_00404,8124,1,2.4150602348181494
peak_062668,51,688,687,7995,8295,fol_51_00406,8145,1,1.9696283508147645
peak_062670,51,690,686,8000,8286,fol_51_00408,8143,1,1.738272784973916
peak_062677,51,702,700,8110,8408,fol_51_00415,8259,1,2.320569989468944
peak_062689,51,716,714,8276,8541,fol_51_00427,8409,1,2.107706419596985
peak_062717,51,757,754,8819,8978,fol_51_00455,8899,1,1.7386266328065278
peak_062719,51,764,762,8930,9097,fol_51_00457,9014,1,2.8973362077489964
peak_062734,51,792,789,9357,9598,fol_51_00472,9478,1,2.112660680206516
peak_062741,51,807,805,9530,9811,fol_51_00479,9671,1,1.8229414881380648
peak_062751,51,824,823,9803,10123,fol_51_00489,9963,1,1.8193431929675048
peak_062752,51,827,824,9824,10145,fol_51_00490,9985,1,1.82227091498295
peak_062754,51,830,827,9843,10164,fol_51_00492,10004,1,2.1068283251635664
peak_062786,51,889,888,10711,10992,fol_51_00524,10852,1,2.137347304231681
peak_062790,51,897,894,10782,11035,fol_51_00528,10909,1,1.7218664741848857
peak_062791,51,899,897,10799,11055,fol_51_00529,10927,1,2.11630251244084
peak_062794,51,902,901,10829,11113,fol_51_00532,10971,1,1.982656078225859
peak_062798,51,908,904,10881,11152,fol_51_00536,11017,1,2.889017183235496
peak_062839,51,975,974,11695,11991,fol_51_00577,11843,1,2.185991442255264
peak_062842,51,978,977,11716,11998,fol_51_00580,11857,1,2.171209858457808
peak_062857,51,1001,998,12007,12299,fol_51_00595,12153,1,3.590889481738297
peak_062858,51,1002,1001,12026,12313,fol_51_00596,12170,1,1.9250650755661571
peak_062869,51,1020,1017,12295,12560,fol_51_00607,12428,1,2.326330226986128
peak_062873,51,1027,1024,12366,12665,fol_51_00611,12516,1,1.9922222751623964
peak_062876,51,1033,1030,12396,12662,fol_51_00614,12529,1,3.030705496494331
peak_062881,51,1045,1042,12600,12847,fol_51_00619,12724,1,1.843152975122591
peak_062899,51,1072,1071,12949,13264,fol_51_00637,13107,1,2.13361962013726
peak_062901,51,1076,1072,12972,13286,fol_51_00639,13129,1,2.4637373884246654
peak_062904,51,1079,1077,13011,13254,fol_51_00642,13133,1,1.8030257132063163
peak_062926,51,1122,1119,13600,13794,fol_51_00664,13697,1,2.179336064115533
peak_062928,51,1134,1131,13784,13997,fol_51_00666,13891,1,1.7245083559548484
peak_062935,51,1145,1143,13870,14149,fol_51_00673,14010,1,2.1673619558860437
peak_062943,51,1159,1154,14007,14269,fol_51_00681,14138,1,2.03509899887236
peak_062954,51,1174,1171,14206,14465,fol_51_00692,14336,1,1.7989616907752917
peak_062962,51,1189,1185,14392,14669,fol_51_00700,14531,1,2.4007363286477807
peak_062978,51,1226,1223,14782,14962,fol_51_00716,14872,1,2.8790157768710007
peak_062979,51,1228,1227,14805,14994,fol_51_00717,14900,1,2.313258078540319
peak_062983,51,1233,1228,14848,15083,fol_51_00721,14966,1,2.497296020010177
peak_062986,51,1237,1234,14877,15204,fol_51_00724,15041,1,1.8428454546421813
peak_062991,51,1244,1242,14948,15242,fol_51_00729,15095,1,1.760986605789472
peak_062996,51,1249,1247,14989,15286,fol_51_00734,15138,1,2.153119389068623
peak_062999,51,1253,1251,15016,15315,fol_51_00737,15166,1,2.805920053057816
peak_063027,51,1291,1290,15471,15741,fol_51_00765,15606,1,1.869257696295372
peak_063032,51,1298,1295,15523,15808,fol_51_00770,15666,1,2.2172649400713
peak_063047,51,1322,1319,15795,16117,fol_51_00785,15956,1,2.256600486758628
peak_063050,51,1327,1325,15864,16148,fol_51_00788,16006,1,1.7238049483550852
peak_063063,51,1347,1345,16165,16436,fol_51_00801,16301,1,1.903280598758691
peak_063064,51,1349,1347,16180,16453,fol_51_00802,16317,1,1.7740257329826483
peak_063073,51,1360,1357,16243,16649,fol_51_00811,16446,1,1.8926559094091115
peak_063083,51,1373,1370,16371,16652,fol_51_00821,16512,1,1.8062733287960424
peak_063085,51,1376,1374,16398,16728,fol_51_00823,16563,1,2.113523916053991
peak_063101,51,1407,1404,16766,17055,fol_51_00839,16911,1,2.506129957531335
peak_063116,51,1436,1434,17206,17417,fol_51_00854,17312,1,2.5798515613246065
peak_063124,51,1447,1445,17387,17660,fol_51_00862,17524,1,1.8576508977930577
peak_063125,51,1449,1446,17418,17721,fol_51_00863,17570,1,3.809721011276892
peak_063126,51,1451,1449,17436,17694,fol_51_00864,17565,1,5.689946164675512
peak_063133,51,1467,1465,17672,17930,fol_51_00871,17801,1,3.292015173216163
peak_063134,51,1468,1467,17704,17967,fol_51_00872,17836,1,1.838927684091447
peak_063154,51,1509,1503,18230,18577,fol_51_00892,18404,1,1.757041769810801
peak_063193,51,1567,1565,18944,19233,fol_51_00931,19089,1,1.7316431774718877
peak_063204,51,1583,1579,19118,19378,fol_51_00942,19248,1,2.073320276173468
peak_063224,51,1626,1625,19681,19983,fol_51_00962,19832,1,2.7347460199214018
peak_063226,51,1631,1629,19731,19939,fol_51_00964,19835,1,2.4601964749866863
peak_063242,51,1658,1656,20032,20294,fol_51_00980,20163,1,2.1040050615247603
peak_063250,51,1669,1666,20313,20455,fol_51_00988,20384,1,1.9943868042365869
peak_063256,51,1684,1683,20339,20614,fol_51_00994,20477,1,1.9757731969034624
peak_063257,51,1685,1681,20356,20511,fol_51_00995,20434,1,1.8102001436510124
peak_063267,51,1705,1702,20594,20807,fol_51_01005,20701,1,5.486280487895448
peak_063271,51,1713,1711,20687,20972,fol_51_01009,20830,1,1.7360627670411903
peak_063274,51,1719,1713,20736,21002,fol_51_01012,20869,1,1.7186464819671323
peak_063275,51,1720,1719,20758,21023,fol_51_01013,20891,1,2.364815696879049
peak_063280,51,1730,1729,20875,21278,fol_51_01018,21077,1,2.441399149797502
peak_063283,51,1733,1730,20907,21301,fol_51_01021,21104,1,1.9622309687043809
peak_063315,51,1796,1794,21741,22035,fol_51_01053,21888,1,2.402184815758207
peak_063316,51,1800,1796,21762,22051,fol_51_01054,21907,1,1.8056087786458124
peak_063344,51,1837,1835,22139,22426,fol_51_01082,22283,1,2.5596892664917315
peak_063361,51,1859,1853,22376,22585,fol_51_01099,22481,1,1.9287736939134767
peak_063407,51,1932,1930,23152,23522,fol_51_01145,23337,1,2.6428833128846283
peak_063415,51,1949,1948,23298,23495,fol_51_01153,23397,1,2.9734241564803865
peak_063436,51,1982,1981,23684,23956,fol_51_01174,23820,1,4.093544306335488
peak_063443,51,1992,1990,23817,24132,fol_51_01181,23975,1,1.7070940460316275
peak_063473,51,2039,2035,24676,24819,fol_51_01211,24748,1,2.085348834954386
peak_063475,51,2041,2039,24419,24675,fol_51_01213,24547,1,2.9668835753675507
peak_063494,51,2065,2062,24687,24981,fol_51_01232,24834,1,1.9893860006921755
peak_063496,51,2067,2066,24716,25048,fol_51_01234,24882,1,1.8867083531555
peak_063542,51,2137,2133,25568,25841,fol_51_01280,25705,1,1.956894802741129
peak_063546,51,2143,2141,25615,25880,fol_51_01284,25748,1,3.2591543068701765
peak_063552,51,2154,2153,25781,26158,fol_51_01290,25970,1,2.100088691565971
peak_063558,51,2168,2167,26187,26394,fol_51_01296,26291,1,2.8124415578700326
peak_063559,51,2169,2168,26187,26409,fol_51_01297,26298,1,1.8194093030735965
peak_063566,51,2187,2180,26352,26571,fol_51_01304,26462,1,2.027380211959862
peak_063567,51,2189,2186,26367,26657,fol_51_01305,26512,1,1.7441821676073046
peak_063583,51,2216,2214,26812,27078,fol_51_01321,26945,1,2.503167116755137
peak_063590,51,2227,2224,26953,27309,fol_51_01328,27131,1,1.753534189856517
peak_063592,51,2229,2228,26979,27272,fol_51_01330,27126,1,2.9420591614762746
peak_063593,51,2230,2227,26981,27160,fol_51_01331,27071,1,2.071558338364652
peak_063604,51,2250,2249,27243,27529,fol_51_01342,27386,1,2.255430925703867
peak_063607,51,2253,2251,27277,27553,fol_51_01345,27415,1,1.9541447431626155
peak_063608,51,2255,2253,27291,27573,fol_51_01346,27432,1,1.903148413604604
peak_063613,51,2263,2262,27335,27615,fol_51_01351,27475,1,2.9257640658003754
peak_063619,51,2271,2267,27382,27651,fol_51_01357,27517,1,2.0259439887775867
peak_063627,52,15,13,1,257,fol_52_00005,129,1,2.049145096816612
peak_063660,52,86,85,838,1139,fol_52_00038,989,1,2.1352668010968143
peak_063671,52,111,106,1060,1373,fol_52_00049,1217,1,1.8201724519012557
peak_063681,52,126,120,1178,1470,fol_52_00059,1324,1,2.1061927476869564
peak_063682,52,127,124,1189,1492,fol_52_00060,1341,1,1.999609218937526
peak_063683,52,129,127,1203,1514,fol_52_00061,1359,1,2.3676322605943807
peak_063686,52,134,123,1309,1507,fol_52_00064,1408,1,1.7437754301437698
peak_063694,52,143,140,1318,1661,fol_52_00072,1490,1,1.905720879858156
peak_063698,52,148,146,1356,1704,fol_52_00076,1530,1,3.0755576130629407
peak_063702,52,153,152,1532,1767,fol_52_00080,1650,1,1.9517798941010025
peak_063722,52,186,181,1777,2083,fol_52_00100,1930,1,1.745816280808644
peak_063733,52,201,198,2006,2243,fol_52_00111,2125,1,3.064195903709796
peak_063749,52,231,227,2357,2674,fol_52_00127,2516,1,3.475452722137474
peak_063750,52,232,231,2375,2687,fol_52_00128,2531,1,1.870250470167947
peak_063757,52,242,239,2487,2765,fol_52_00135,2626,1,2.847917589677172
peak_063779,52,277,273,2982,3303,fol_52_00157,3143,1,2.6937932603306214
peak_063792,52,302,301,3287,3562,fol_52_00170,3425,1,1.7857546722291309
peak_063809,52,324,322,3672,3844,fol_52_00187,3758,1,2.566224526895932
peak_063820,52,343,339,3731,3997,fol_52_00198,3864,1,2.345028681877663
peak_063822,52,345,343,3745,4011,fol_52_00200,3878,1,2.0365879996334524
peak_063835,52,359,356,3898,4231,fol_52_00213,4065,1,2.68081646123485
peak_063856,52,391,390,4312,4585,fol_52_00234,4449,1,3.190336234247029
peak_063863,52,405,399,4498,4682,fol_52_00241,4590,1,1.8389384784000733
peak_063876,52,426,423,4921,5054,fol_52_00254,4988,1,2.439802426400034
peak_063885,52,440,436,5070,5319,fol_52_00263,5195,1,2.024364703098171
peak_063888,52,444,443,5115,5413,fol_52_00266,5264,1,2.829997480703832
peak_063904,52,472,467,5360,5674,fol_52_00282,5517,1,1.7117206329901915
peak_063907,52,476,470,5389,5576,fol_52_00285,5483,1,1.9659187338548985
peak_063929,52,506,503,5699,5983,fol_52_00307,5841,1,1.7694101773609872
peak_063952,52,551,547,6364,6641,fol_52_00330,6503,1,1.7395589988665572
peak_063962,52,568,565,6567,6814,fol_52_00340,6691,1,1.7888857008554806
peak_063986,52,607,605,7115,7417,fol_52_00364,7266,1,1.812729462203324
peak_063995,52,625,616,7308,7563,fol_52_00373,7436,1,4.311540145754978
peak_064003,52,635,631,7394,7557,fol_52_00381,7476,1,3.418462632496482
peak_064004,52,635,636,7558,7685,fol_52_00382,7622,1,2.861066642766775
peak_064009,52,644,642,7464,7832,fol_52_00387,7648,1,1.7088563418984228
peak_064014,52,650,648,7532,7812,fol_52_00392,7672,1,1.709423519437567
peak_064015,52,651,644,7534,7670,fol_52_00393,7602,1,1.706606305484677
peak_064016,52,651,650,7671,7826,fol_52_00394,7749,1,2.5900643289245573
peak_064017,52,653,651,7671,7846,fol_52_00395,7759,1,1.751578239595147
peak_064024,52,664,661,7686,7981,fol_52_00402,7834,1,1.7199934702144184
peak_064025,52,665,664,7695,7963,fol_52_00403,7829,1,3.968897567696664
peak_064026,52,666,665,7711,7963,fol_52_00404,7837,1,1.7612274093135338
peak_064060,52,720,714,8462,8735,fol_52_00438,8599,1,2.722585336740992
peak_064062,52,724,722,8485,8774,fol_52_00440,8630,1,2.6886663396486266
peak_064069,52,734,731,8687,8901,fol_52_00447,8794,1,1.959506950489148
peak_064071,52,740,735,8651,8948,fol_52_00449,8800,1,1.7725271545231596
peak_064072,52,743,740,8664,8965,fol_52_00450,8815,1,2.193368616654243
peak_064073,52,744,739,8681,9046,fol_52_00451,8864,1,2.1820378308610398
peak_064080,52,757,755,8822,9096,fol_52_00458,8959,1,2.010330678801536
peak_064091,52,776,772,9074,9360,fol_52_00469,9217,1,3.110175120466365
peak_064110,52,820,819,9637,9845,fol_52_00488,9741,1,5.419800081240065
peak_064111,52,821,820,9651,9939,fol_52_00489,9795,1,2.392769659843672
peak_064118,52,836,833,9771,10149,fol_52_00496,9960,1,2.7668395187472656
peak_064119,52,837,834,9784,10071,fol_52_00497,9928,1,1.7961097286522638
peak_064123,52,844,840,9864,10097,fol_52_00501,9981,1,3.1234686968378123
peak_064131,52,859,857,10038,10308,fol_52_00509,10173,1,2.0214012263113914
peak_064165,52,908,903,10707,11053,fol_52_00543,10880,1,1.7550673659355058
peak_064173,52,917,915,10831,11135,fol_52_00551,10983,1,2.036247241999272
peak_064174,52,919,917,10850,11154,fol_52_00552,11002,1,3.388214489090721
peak_064179,52,926,923,10936,11185,fol_52_00557,11061,1,1.937525759341585
peak_064198,52,967,960,11628,11859,fol_52_00576,11744,1,2.347478291345124
peak_064227,52,1010,1009,12155,12421,fol_52_00605,12288,1,2.4137320005839777
peak_064234,52,1020,1017,12229,12519,fol_52_00612,12374,1,1.8027076692990704
peak_064235,52,1021,1016,12245,12566,fol_52_00613,12406,1,3.462129841922492
peak_064236,52,1023,1020,12274,12539,fol_52_00614,12407,1,1.956540220819767
peak_064242,52,1035,1032,12414,12669,fol_52_00620,12542,1,1.7602084487160372
peak_064251,52,1049,1048,12586,12815,fol_52_00629,12701,1,2.411330966573433
peak_064252,52,1053,1049,12610,12869,fol_52_00630,12740,1,2.076132750060081
peak_064256,52,1061,1062,12782,13011,fol_52_00634,12897,1,2.060714949289668
peak_064262,52,1069,1066,12800,13054,fol_52_00640,12927,1,2.011947633998348
peak_064275,52,1093,1084,13158,13302,fol_52_00653,13230,1,2.915472812805786
peak_064278,52,1099,1097,13088,13349,fol_52_00656,13219,1,1.7144680521926172
peak_064299,52,1131,1127,13417,13709,fol_52_00677,13563,1,2.3757476674724947
peak_064300,52,1133,1126,13450,13672,fol_52_00678,13561,1,1.801525233057244
peak_064305,52,1139,1138,13480,13727,fol_52_00683,13604,1,2.411236579102568
peak_064320,52,1165,1163,13849,14237,fol_52_00698,14043,1,1.840266749879467
peak_064324,52,1171,1169,13887,14280,fol_52_00702,14084,1,1.9642270818862084
peak_064348,52,1212,1210,14285,14572,fol_52_00726,14429,1,1.7171922217174325
peak_064349,52,1214,1212,14306,14591,fol_52_00727,14449,1,3.019512513228458
peak_064351,52,1217,1215,14321,14635,fol_52_00729,14478,1,2.246385498118168
peak_064356,52,1230,1227,14469,14850,fol_52_00734,14660,1,2.124257793171937
peak_064364,52,1241,1239,14573,14861,fol_52_00742,14717,1,2.026042306542795
peak_064366,52,1244,1241,14586,14878,fol_52_00744,14732,1,3.307498093110482
peak_064369,52,1247,1245,14615,14932,fol_52_00747,14774,1,2.355807219597452
peak_064399,52,1302,1300,15322,15589,fol_52_00777,15456,1,2.428612411376281
peak_064462,52,1397,1395,16400,16774,fol_52_00840,16587,1,2.145296249984978
peak_064469,52,1405,1403,16574,16868,fol_52_00847,16721,1,1.812299317310308
peak_064493,52,1447,1444,17123,17398,fol_52_00871,17261,1,4.381957321013146
peak_064502,52,1457,1454,17239,17514,fol_52_00880,17377,1,2.037649529562699
peak_064508,52,1468,1465,17341,17624,fol_52_00886,17483,1,3.732593659683793
peak_064513,52,1476,1472,17405,17706,fol_52_00891,17556,1,2.2839914172812854
peak_064518,52,1483,1481,17471,17818,fol_52_00896,17645,1,2.1330829461216987
peak_064528,52,1502,1499,17706,18025,fol_52_00906,17866,1,2.2461604214422035
peak_064531,52,1507,1502,17763,17976,fol_52_00909,17870,1,1.8718106352175088
peak_064532,52,1508,1505,17773,18015,fol_52_00910,17894,1,2.717727720813361
peak_064540,52,1525,1520,17988,18206,fol_52_00918,18097,1,1.8064856441765829
peak_064553,52,1552,1548,18322,18576,fol_52_00931,18449,1,2.1501696030789765
peak_064555,52,1556,1551,18348,18632,fol_52_00933,18490,1,1.7115736641126766
peak_064568,52,1577,1574,18523,18813,fol_52_00946,18668,1,1.769488289429913
peak_064584,52,1600,1598,18822,18984,fol_52_00962,18903,1,3.399819351888006
peak_064615,52,1653,1649,19424,19679,fol_52_00993,19552,1,2.0318299686640167
peak_064629,52,1674,1675,19683,19821,fol_52_01007,19752,1,3.692259434015512
peak_064633,52,1679,1674,19822,20009,fol_52_01011,19916,1,2.083120240383667
peak_064646,52,1701,1697,20019,20288,fol_52_01024,20154,1,1.730655983975551
peak_064650,52,1708,1707,20113,20422,fol_52_01028,20268,1,2.0176743205259866
peak_064667,52,1732,1727,20360,20687,fol_52_01045,20524,1,1.737037009569327
peak_064675,52,1742,1740,20492,20834,fol_52_01053,20663,1,2.7860747707256985
peak_064696,52,1779,1776,21094,21229,fol_52_01074,21162,1,2.367667724812264
peak_064697,52,1779,1780,21230,21390,fol_52_01075,21310,1,4.40025444748454
peak_064698,52,1780,1777,21096,21372,fol_52_01076,21234,1,1.7920271765158162
peak_064725,52,1817,1814,21613,21823,fol_52_01103,21718,1,2.48107763756258
peak_064730,52,1825,1823,21705,21928,fol_52_01108,21817,1,3.748158544504023
peak_064735,52,1831,1828,21748,22046,fol_52_01113,21897,1,2.167831460201253
peak_064771,52,1887,1885,22464,22622,fol_52_01149,22543,1,1.8070871121169445
peak_064797,52,1932,1929,23105,23293,fol_52_01175,23199,1,2.9118578391040817
peak_064826,52,1976,1974,23621,23909,fol_52_01204,23765,1,2.5613418843357967
peak_064831,52,1986,1982,23704,24006,fol_52_01209,23855,1,1.7227860029175266
peak_064849,52,2019,2016,24029,24357,fol_52_01227,24193,1,2.1700130304738674
peak_064883,52,2082,2079,24792,25200,fol_52_01261,24996,1,2.1780996816823857
peak_064902,52,2110,2108,25078,25230,fol_52_01280,25154,1,1.7031169933887635
peak_064915,53,29,26,51,320,fol_53_00011,186,1,2.147097119414536
peak_064924,53,41,39,166,476,fol_53_00020,321,1,1.974722625534881
peak_064928,53,48,45,292,501,fol_53_00024,397,1,1.820317444224353
peak_064932,53,57,55,317,705,fol_53_00028,511,1,2.4305511277988407
peak_064933,53,58,56,322,629,fol_53_00029,476,1,2.355016411699242
peak_064943,53,74,69,505,691,fol_53_00039,598,1,2.78466436927742
peak_064982,53,136,134,1363,1567,fol_53_00078,1465,1,2.0263218717895635
peak_064984,53,139,135,1396,1596,fol_53_00080,1496,1,1.891663443620796
peak_064985,53,141,137,1406,1716,fol_53_00081,1561,1,2.8561581510482625
peak_064986,53,142,138,1409,1673,fol_53_00082,1541,1,2.2977597049407223
peak_065024,53,197,195,2140,2371,fol_53_00120,2256,1,1.745008286108165
peak_065045,53,234,232,2712,3014,fol_53_00141,2863,1,1.7922925257217075
peak_065058,53,265,262,3078,3335,fol_53_00154,3207,1,1.9322769348011932
peak_065060,53,273,263,3306,3464,fol_53_00156,3385,1,3.053930929782448
peak_065061,53,277,276,3279,3430,fol_53_00157,3355,1,2.057671010271313
peak_065068,53,289,287,3456,3610,fol_53_00164,3533,1,2.81937508976075
peak_065076,53,298,295,3468,3737,fol_53_00172,3603,1,1.9819347729507557
peak_065079,53,303,301,3514,3794,fol_53_00175,3654,1,2.2226006645422163
peak_065089,53,317,315,3678,4043,fol_53_00185,3861,1,1.7134298680596345
peak_065094,53,322,318,3720,4003,fol_53_00190,3862,1,2.3003582989872164
peak_065101,53,331,328,3865,4063,fol_53_00197,3964,1,2.5365343489552528
peak_065108,53,347,346,4095,4370,fol_53_00204,4233,1,1.8000128616885338
peak_065113,53,356,355,4329,4500,fol_53_00209,4415,1,3.580774704690301
peak_065117,53,360,357,4254,4540,fol_53_00213,4397,1,1.8630688373451756
peak_065131,53,386,384,4662,4869,fol_53_00227,4766,1,2.180795559948902
peak_065145,53,406,405,4958,5212,fol_53_00241,5085,1,3.886867930737301
peak_065162,53,442,440,5374,5704,fol_53_00258,5539,1,2.8909738773006373
peak_065167,53,449,445,5436,5804,fol_53_00263,5620,1,2.1910653997900207
peak_065178,53,467,462,5610,5937,fol_53_00274,5774,1,2.289733423325047
peak_065179,53,470,466,5631,5929,fol_53_00275,5780,1,2.1880166804685373
peak_065188,53,483,481,5793,5937,fol_53_00284,5865,1,1.818944236881986
peak_065199,53,502,499,5985,6292,fol_53_00295,6139,1,2.428144182690408
peak_065206,53,510,508,6054,6388,fol_53_00302,6221,1,1.7269346055263792
peak_065212,53,520,517,6129,6428,fol_53_00308,6279,1,2.1411127525297067
peak_065215,53,523,521,6158,6462,fol_53_00311,6310,1,2.520410923780548
peak_065225,53,538,536,6303,6684,fol_53_00321,6494,1,2.4192063565408835
peak_065226,53,540,535,6314,6610,fol_53_00322,6462,1,2.024660696742202
peak_065257,53,591,590,6815,7142,fol_53_00353,6979,1,1.9227837200105296
peak_065260,53,594,592,6838,7023,fol_53_00356,6931,1,4.2241522411664585
peak_065261,53,594,593,7024,7167,fol_53_00357,7096,1,2.4198798194949167
peak_065263,53,597,595,6861,7190,fol_53_00359,7026,1,2.020036627057774
peak_065268,53,603,599,6910,7239,fol_53_00364,7075,1,1.8943573734037011
peak_065285,53,628,623,7199,7429,fol_53_00381,7314,1,5.159169101080858
peak_065300,53,648,647,7472,7767,fol_53_00396,7620,1,2.161271704717985
peak_065305,53,656,654,7557,7830,fol_53_00401,7694,1,1.840910136569021
peak_065325,53,689,686,8012,8258,fol_53_00421,8135,1,2.080484762696476
peak_065326,53,691,688,8026,8411,fol_53_00422,8219,1,2.335177061917342
peak_065331,53,698,695,8081,8345,fol_53_00427,8213,1,1.8043317874434408
peak_065342,53,714,712,8228,8518,fol_53_00438,8373,1,2.174002333711895
peak_065344,53,717,716,8261,8581,fol_53_00440,8421,1,2.015374923089852
peak_065359,53,740,739,8485,8879,fol_53_00455,8682,1,2.309948241862537
peak_065367,53,752,749,8610,8989,fol_53_00463,8800,1,2.0404563477838265
peak_065375,53,767,764,8744,9088,fol_53_00471,8916,1,2.8131763834414936
peak_065382,53,778,776,8834,9152,fol_53_00478,8993,1,4.80027518263191
peak_065390,53,788,785,8894,9260,fol_53_00486,9077,1,2.348239313981211
peak_065393,53,791,788,8906,9277,fol_53_00489,9092,1,3.611178411498675
peak_065406,53,808,806,9053,9363,fol_53_00502,9208,1,2.115463410993239
peak_065447,53,870,868,9732,10021,fol_53_00543,9877,1,2.727503683341732
peak_065450,53,875,873,9791,10085,fol_53_00546,9938,1,3.0298168967616856
peak_065452,53,878,877,9815,10132,fol_53_00548,9974,1,2.5985726610278195
peak_065453,53,879,875,9820,10100,fol_53_00549,9960,1,1.7126321810507732
peak_065454,53,881,879,9839,10119,fol_53_00550,9979,1,2.8577015098648757
peak_065457,53,885,883,9866,10186,fol_53_00553,10026,1,4.382197672781352
peak_065458,53,887,885,9884,10196,fol_53_00554,10040,1,1.7094388063524193
peak_065460,53,889,887,9900,10215,fol_53_00556,10058,1,1.9342339278371663
peak_065463,53,896,891,9979,10348,fol_53_00559,10164,1,3.436929053325227
peak_065466,53,900,896,10015,10362,fol_53_00562,10189,1,1.7999039764980227
peak_065471,53,905,902,10057,10365,fol_53_00567,10211,1,4.012515776619723
peak_065475,53,911,907,10110,10426,fol_53_00571,10268,1,3.739200993186501
peak_065496,53,945,942,10492,10918,fol_53_00592,10705,1,1.9556087110014952
peak_065498,53,948,946,10512,10762,fol_53_00594,10637,1,2.2777865214832254
peak_065503,53,953,951,10564,10888,fol_53_00599,10726,1,2.66056903281353
peak_065505,53,956,953,10602,10902,fol_53_00601,10752,1,2.12644204567768
peak_065509,53,961,952,10780,10987,fol_53_00605,10884,1,1.740904472370973
peak_065519,53,975,977,11036,11211,fol_53_00615,11124,1,1.9342471363765568
peak_065521,53,977,974,10829,11192,fol_53_00617,11011,1,1.8234717474004491
peak_065528,53,983,984,11037,11206,fol_53_00624,11122,1,2.1232753896807086
peak_065535,53,994,992,11049,11324,fol_53_00631,11187,1,3.1036993288756847
peak_065538,53,999,998,11099,11382,fol_53_00634,11241,1,2.042109226244699
peak_065548,53,1013,1011,11241,11535,fol_53_00644,11388,1,1.8033481957059652
peak_065564,53,1050,1048,11625,11937,fol_53_00660,11781,1,3.7434597259428015
peak_065566,53,1052,1050,11653,11948,fol_53_00662,11801,1,1.7053755732062648
peak_065571,53,1060,1051,11728,11950,fol_53_00667,11839,1,1.7255272151845042
peak_065572,53,1061,1057,11740,12025,fol_53_00668,11883,1,1.9661506852161448
peak_065576,53,1066,1064,11807,12081,fol_53_00672,11944,1,1.776761643524036
peak_065577,53,1067,1066,11933,12099,fol_53_00673,12016,1,2.288594644025564
peak_065600,53,1105,1102,12445,12656,fol_53_00696,12551,1,2.1144252969444137
peak_065601,53,1108,1106,12473,12602,fol_53_00697,12538,1,2.9153287906893066
peak_065604,53,1119,1116,12640,12899,fol_53_00700,12770,1,1.952464780266282
peak_065608,53,1124,1122,12675,12949,fol_53_00704,12812,1,5.3723632724479256
peak_065617,53,1140,1138,12863,13195,fol_53_00713,13029,1,1.815760868622996
peak_065618,53,1141,1140,12936,13214,fol_53_00714,13075,1,2.81305146681191
peak_065629,53,1157,1155,13036,13383,fol_53_00725,13210,1,1.7167920766503812
peak_065632,53,1162,1161,13071,13244,fol_53_00728,13158,1,5.097596127958535
peak_065643,53,1180,1178,13297,13441,fol_53_00739,13369,1,1.9310555350684424
peak_065645,53,1182,1172,13302,13578,fol_53_00741,13440,1,2.1770786124776738
peak_065646,53,1183,1180,13297,13441,fol_53_00742,13369,1,2.122167033878146
peak_065648,53,1184,1181,13304,13588,fol_53_00744,13446,1,1.8313235486345811
peak_065649,53,1186,1182,13314,13443,fol_53_00745,13379,1,3.4317481377442034
peak_065650,53,1186,1188,13444,13577,fol_53_00746,13511,1,1.714597660425833
peak_065651,53,1187,1183,13317,13487,fol_53_00747,13402,1,1.9871504122386765
peak_065666,53,1211,1207,13588,13874,fol_53_00762,13731,1,3.529283060946369
peak_065696,53,1254,1250,13988,14312,fol_53_00792,14150,1,1.761607719247727
peak_065710,53,1270,1269,14100,14453,fol_53_00806,14277,1,2.54868151816996
peak_065712,53,1273,1272,14126,14429,fol_53_00808,14278,1,1.7505081366534394
peak_065713,53,1274,1273,14135,14448,fol_53_00809,14292,1,5.14349450525398
peak_065718,53,1281,1279,14165,14451,fol_53_00814,14308,1,2.6570832903068977
peak_065719,53,1282,1280,14175,14526,fol_53_00815,14351,1,2.340489873556452
peak_065723,53,1287,1282,14195,14413,fol_53_00819,14304,1,2.76274701414402
peak_065748,53,1324,1321,14546,14827,fol_53_00844,14687,1,1.8422082646376372
peak_065754,53,1332,1327,14589,14892,fol_53_00850,14741,1,1.9843374959313187
peak_065758,53,1338,1335,14659,15041,fol_53_00854,14850,1,2.020549711932747
peak_065767,53,1352,1348,14805,15126,fol_53_00863,14966,1,1.9293436336582728
peak_065769,53,1356,1352,14821,15145,fol_53_00865,14983,1,2.476226873745502
peak_065784,53,1386,1385,15226,15545,fol_53_00880,15386,1,1.7234944817104296
peak_065788,53,1394,1391,15275,15633,fol_53_00884,15454,1,1.8090349090048343
peak_065789,53,1397,1393,15297,15470,fol_53_00885,15384,1,1.860810633479009
peak_065791,53,1401,1399,15345,15618,fol_53_00887,15482,1,2.104574742133438
peak_065797,53,1407,1405,15383,15677,fol_53_00893,15530,1,1.9987579986619712
peak_065808,53,1421,1420,15515,15829,fol_53_00904,15672,1,1.8684378906398076
peak_065823,53,1447,1445,15873,16264,fol_53_00919,16069,1,2.3403535049606354
peak_065841,53,1476,1475,16187,16513,fol_53_00937,16350,1,1.836162383113188
peak_065845,53,1482,1477,16225,16499,fol_53_00941,16362,1,2.497978324102048
peak_065846,53,1483,1478,16226,16609,fol_53_00942,16418,1,1.916795393764348
peak_065853,53,1491,1487,16308,16573,fol_53_00949,16441,1,2.0192866078500247
peak_065858,53,1496,1494,16358,16699,fol_53_00954,16529,1,2.043076967498989
peak_065872,53,1517,1513,16598,16958,fol_53_00968,16778,1,1.8055377891655424
peak_065883,53,1535,1531,16721,17015,fol_53_00979,16868,1,3.6572907281919407
peak_065906,53,1563,1562,16962,17261,fol_53_01002,17112,1,2.2705150254886006
peak_065914,53,1571,1570,17053,17326,fol_53_01010,17190,1,2.023846729922259
peak_065929,53,1595,1594,17322,17573,fol_53_01025,17448,1,1.7337755360019758
peak_065930,53,1597,1595,17335,17623,fol_53_01026,17479,1,2.1921597840314204
peak_065931,53,1601,1596,17364,17589,fol_53_01027,17477,1,2.937567289960776
peak_065942,53,1615,1613,17546,17845,fol_53_01038,17696,1,2.012813319574521
peak_065956,53,1644,1643,17950,18234,fol_53_01052,18092,1,1.9129146054703872
peak_065965,53,1656,1652,18031,18328,fol_53_01061,18180,1,2.3761925463250493
peak_065973,53,1665,1664,18188,18460,fol_53_01069,18324,1,1.905467693695825
peak_065974,53,1666,1663,18148,18421,fol_53_01070,18285,1,1.8541037442925223
peak_065975,53,1668,1665,18188,18483,fol_53_01071,18336,1,1.8998857281850496
peak_065976,53,1669,1668,18176,18503,fol_53_01072,18340,1,2.864651937287745
peak_065989,53,1691,1686,18394,18676,fol_53_01085,18535,1,1.7471038059421993
peak_065993,53,1697,1693,18436,18762,fol_53_01089,18599,1,2.168614101381162
peak_065997,53,1702,1699,18481,18812,fol_53_01093,18647,1,1.8489324523537052
peak_066010,53,1728,1725,18782,19066,fol_53_01106,18924,1,1.860818957248069
peak_066015,53,1734,1730,18849,19105,fol_53_01111,18977,1,1.8992645007845104
peak_066017,53,1737,1733,18868,19206,fol_53_01113,19037,1,1.9801000122098489
peak_066020,53,1741,1739,18901,19177,fol_53_01116,19039,1,3.053776017905601
peak_066021,53,1743,1740,18907,19196,fol_53_01117,19052,1,2.561320669796598
peak_066028,53,1753,1751,19025,19332,fol_53_01124,19179,1,2.456623817638943
peak_066031,53,1761,1759,19105,19472,fol_53_01127,19289,1,2.0297893970358505
peak_066039,53,1770,1768,19222,19530,fol_53_01135,19376,1,1.7819857017908929
peak_066048,53,1785,1784,19415,19706,fol_53_01144,19561,1,1.8160366902182932
peak_066049,53,1788,1785,19430,19724,fol_53_01145,19577,1,1.7334642859901637
peak_066051,53,1793,1792,19478,19782,fol_53_01147,19630,1,1.882978108528741
peak_066052,53,1795,1790,19492,19849,fol_53_01148,19671,1,1.7485468117497065
peak_066054,53,1797,1796,19514,19835,fol_53_01150,19675,1,2.233636873635561
peak_066059,53,1807,1802,19575,19894,fol_53_01155,19735,1,1.970772405167174
peak_066064,53,1817,1816,19802,20039,fol_53_01160,19921,1,1.7257556523198472
peak_066069,53,1824,1823,19853,20136,fol_53_01165,19995,1,1.816767783942892
peak_066075,53,1837,1838,20014,20292,fol_53_01171,20153,1,1.8731619949298213
peak_066085,53,1857,1855,20190,20520,fol_53_01181,20355,1,1.785708433058432
peak_066104,53,1888,1887,20470,20737,fol_53_01200,20604,1,2.4917392720425786
peak_066108,53,1895,1889,20506,20825,fol_53_01204,20666,1,3.1086430852615523
peak_066115,53,1906,1903,20606,20912,fol_53_01211,20759,1,1.926524628044164
peak_066125,53,1919,1918,20734,21032,fol_53_01221,20883,1,3.140950238312908
peak_066126,53,1920,1915,20740,21103,fol_53_01222,20922,1,1.7960274954071014
peak_066129,53,1925,1923,20761,20889,fol_53_01225,20825,1,1.8037688471520028
peak_066131,53,1927,1922,20775,21073,fol_53_01227,20924,1,2.6973510996486936
peak_066135,53,1932,1930,20842,21108,fol_53_01231,20975,1,1.9610201647683063
peak_066148,53,1948,1946,21127,21405,fol_53_01244,21266,1,1.7385190446127468
peak_066164,53,1980,1978,21472,21682,fol_53_01260,21577,1,3.058563977040037
peak_066179,53,1998,1993,21603,21886,fol_53_01275,21745,1,2.4200971767164665
peak_066181,53,2000,1997,21617,21911,fol_53_01277,21764,1,1.780512916066408
peak_066188,53,2012,2004,21803,21981,fol_53_01284,21892,1,2.5783187973254846
peak_066204,53,2036,2033,21938,22261,fol_53_01300,22100,1,1.8671512825565957
peak_066207,53,2039,2037,21962,22285,fol_53_01303,22124,1,1.9090686483549617
peak_066209,53,2042,2038,21974,22261,fol_53_01305,22118,1,1.9383847091793247
peak_066216,53,2051,2049,22050,22460,fol_53_01312,22255,1,2.945973488469745
peak_066243,53,2086,2084,22499,22774,fol_53_01339,22637,1,2.9821143083331867
peak_066246,53,2089,2085,22510,22796,fol_53_01342,22653,1,2.1719928399719297
peak_066250,53,2095,2093,22560,22859,fol_53_01346,22710,1,1.802188987085564
peak_066252,53,2098,2094,22601,22844,fol_53_01348,22723,1,1.843557376780248
peak_066260,53,2109,2106,22740,23003,fol_53_01356,22872,1,2.343860082637746
peak_066264,53,2115,2114,22886,23043,fol_53_01360,22965,1,1.9106216319131968
peak_066272,53,2129,2124,22900,23157,fol_53_01368,23029,1,2.046484826610297
peak_066281,53,2147,2146,23137,23386,fol_53_01377,23262,1,1.7160039556133218
peak_066293,53,2160,2158,23231,23505,fol_53_01389,23368,1,1.9157386763289563
peak_066295,53,2163,2160,23253,23525,fol_53_01391,23389,1,1.9366965445084576
peak_066297,53,2165,2163,23270,23533,fol_53_01393,23402,1,1.9974486228847304
peak_066299,53,2167,2166,23294,23525,fol_53_01395,23410,1,4.008010995961298
peak_066302,53,2170,2167,23309,23525,fol_53_01398,23417,1,2.848465353948582
peak_066303,53,2172,2169,23325,23664,fol_53_01399,23495,1,1.8055102610983629
peak_066309,53,2179,2178,23437,23741,fol_53_01405,23589,1,1.8171085640181943
peak_066317,53,2188,2185,23533,23794,fol_53_01413,23664,1,2.5740807183619245
peak_066336,53,2212,2209,23862,24094,fol_53_01432,23978,1,1.8010207574437078
peak_066354,53,2239,2237,24155,24460,fol_53_01450,24308,1,2.787376812446236
peak_066361,53,2253,2251,24269,24561,fol_53_01457,24415,1,4.5996025881556575
peak_066362,53,2255,2250,24275,24542,fol_53_01458,24409,1,2.236646738834661
peak_066364,53,2257,2253,24283,24577,fol_53_01460,24430,1,3.268230165253079
peak_066383,53,2282,2278,24618,24910,fol_53_01479,24764,1,1.91756009562774
peak_066397,53,2298,2296,24821,25122,fol_53_01493,24972,1,1.897538635023113
peak_066428,53,2350,2348,25398,25671,fol_53_01524,25535,1,2.105557292071439
peak_066436,53,2363,2358,25527,25778,fol_53_01532,25653,1,2.441418465173028
peak_066444,53,2374,2371,25627,25945,fol_53_01540,25786,1,2.5889501473060417
peak_066448,53,2379,2376,25831,25964,fol_53_01544,25898,1,2.248815970093683
peak_066453,53,2386,2384,25743,26065,fol_53_01549,25904,1,2.7095144837507625
peak_066456,53,2391,2389,25786,26108,fol_53_01552,25947,1,1.8648175911112947
peak_066458,53,2396,2394,25829,26157,fol_53_01554,25993,1,1.765070734359892
peak_066460,53,2400,2397,25877,26198,fol_53_01556,26038,1,1.7623213245167184
peak_066461,53,2401,2395,25878,26073,fol_53_01557,25976,1,2.7345535851728724
peak_066462,53,2401,2400,26074,26227,fol_53_01558,26151,1,1.9664767891719177
peak_066471,53,2415,2412,26043,26340,fol_53_01567,26192,1,1.7066678352201627
peak_066474,53,2418,2414,26061,26269,fol_53_01570,26165,1,2.835050979476648
peak_066476,53,2421,2417,26074,26381,fol_53_01572,26228,1,2.7224044275306407
peak_066490,54,11,8,1,294,fol_54_00003,148,1,1.8630135641587204
peak_066493,54,17,11,2,202,fol_54_00006,102,1,3.315742521839196
peak_066499,54,26,24,117,391,fol_54_00012,254,1,1.7876094746454412
peak_066515,54,52,49,412,665,fol_54_00028,539,1,1.962714508229092
peak_066521,54,61,59,681,906,fol_54_00034,794,1,2.2871408004545595
peak_066525,54,71,68,697,867,fol_54_00038,782,1,2.1997679867835127
peak_066535,54,86,83,832,1018,fol_54_00048,925,1,2.2081957215854917
peak_066540,54,96,91,1050,1191,fol_54_00053,1121,1,2.9999136374052613
peak_066546,54,103,100,989,1262,fol_54_00059,1126,1,2.2966571557097897
peak_066572,54,137,136,1315,1645,fol_54_00085,1480,1,2.2537704587480656
peak_066575,54,141,138,1326,1644,fol_54_00088,1485,1,2.7047707126193306
peak_066576,54,142,141,1352,1659,fol_54_00089,1506,1,1.8717390454413867
peak_066591,54,168,167,1782,2073,fol_54_00104,1928,1,2.0702396738791786
peak_066593,54,171,168,1801,2091,fol_54_00106,1946,1,3.0753003845530347
peak_066595,54,173,169,1827,2133,fol_54_00108,1980,1,7.589692239644282
peak_066606,54,188,187,1950,2292,fol_54_00119,2121,1,2.389032294331827
peak_066612,54,196,191,2033,2304,fol_54_00125,2169,1,1.8232490730749704
peak_066626,54,219,217,2336,2603,fol_54_00139,2470,1,2.252294096744917
peak_066643,54,243,242,2595,2910,fol_54_00156,2753,1,3.505478273127109
peak_066656,54,261,258,2836,3077,fol_54_00169,2957,1,2.0942305507727474
peak_066664,54,274,273,3043,3277,fol_54_00177,3160,1,2.0537130301275663
peak_066667,54,277,275,3028,3313,fol_54_00180,3171,1,1.7807754234583073
peak_066682,54,297,295,3250,3530,fol_54_00195,3390,1,2.746559599288076
peak_066683,54,299,298,3272,3564,fol_54_00196,3418,1,2.830226270518211
peak_066689,54,309,304,3337,3594,fol_54_00202,3466,1,1.945137924411085
peak_066702,54,325,323,3591,3885,fol_54_00215,3738,1,2.473413053751131
peak_066710,54,335,334,3669,3950,fol_54_00223,3810,1,1.8096449568567083
peak_066713,54,338,335,3689,3976,fol_54_00226,3833,1,1.8022701990718315
peak_066714,54,339,336,3695,3981,fol_54_00227,3838,1,1.7168484430568227
peak_066720,54,347,345,3814,3978,fol_54_00233,3896,1,2.054286381749692
peak_066736,54,369,367,4021,4160,fol_54_00249,4091,1,4.397657406898686
peak_066737,54,369,370,4161,4388,fol_54_00250,4275,1,2.0501857016475324
peak_066739,54,371,364,4043,4207,fol_54_00252,4125,1,3.6113995895641535
peak_066747,54,380,379,4138,4483,fol_54_00260,4311,1,1.7058689170968897
peak_066748,54,381,383,4185,4416,fol_54_00261,4301,1,1.859747604485766
peak_066754,54,396,395,4388,4651,fol_54_00267,4520,1,2.1794683177105245
peak_066765,54,416,414,4575,4933,fol_54_00278,4754,1,1.7310985234986969
peak_066771,54,424,421,4646,4983,fol_54_00284,4815,1,2.6585072772418825
peak_066777,54,437,433,4764,5044,fol_54_00290,4904,1,1.8074004691254684
peak_066789,54,459,457,5178,5480,fol_54_00302,5329,1,2.09949280438898
peak_066803,54,480,477,5398,5787,fol_54_00316,5593,1,2.092523808244668
peak_066805,54,484,480,5412,5805,fol_54_00318,5609,1,2.368224612199718
peak_066807,54,486,484,5432,5820,fol_54_00320,5626,1,2.397073055919246
peak_066814,54,497,492,5597,5788,fol_54_00327,5693,1,2.529185305737559
peak_066818,54,502,499,5576,5926,fol_54_00331,5751,1,1.9898460014234385
peak_066820,54,504,502,5597,5945,fol_54_00333,5771,1,1.7460778465637103
peak_066837,54,532,530,5882,6165,fol_54_00350,6024,1,2.0531188927920847
peak_066841,54,539,535,5942,6173,fol_54_00354,6058,1,1.8434890543558224
peak_066844,54,545,543,5980,6379,fol_54_00357,6180,1,2.513339592812608
peak_066846,54,547,546,6003,6349,fol_54_00359,6176,1,2.149834976721224
peak_066856,54,562,559,6179,6523,fol_54_00369,6351,1,1.734819211387763
peak_066858,54,565,562,6206,6544,fol_54_00371,6375,1,2.008562759486172
peak_066862,54,569,566,6268,6596,fol_54_00375,6432,1,3.02882622945131
peak_066863,54,571,569,6292,6610,fol_54_00376,6451,1,1.7136623373567066
peak_066874,54,589,588,6466,6897,fol_54_00387,6682,1,1.7837754486248676
peak_066882,54,598,596,6552,6899,fol_54_00395,6726,1,2.352587420972747
peak_066885,54,601,598,6566,6922,fol_54_00398,6744,1,1.940959661493321
peak_066887,54,604,605,6680,6965,fol_54_00400,6823,1,2.339115899875748
peak_066888,54,605,601,6584,6947,fol_54_00401,6766,1,1.9071582258278583
peak_066912,54,650,647,7235,7506,fol_54_00425,7371,1,1.8489979595195356
peak_066923,54,663,659,7364,7680,fol_54_00436,7522,1,1.7165024602884724
peak_066925,54,666,664,7397,7669,fol_54_00438,7533,1,1.916932902391309
peak_066926,54,668,666,7411,7693,fol_54_00439,7552,1,2.619587724006545
peak_066935,54,680,679,7577,7835,fol_54_00448,7706,1,2.131958594144872
peak_066956,54,709,707,7878,8125,fol_54_00469,8002,1,2.274114753290488
peak_066957,54,710,705,7882,8031,fol_54_00470,7957,1,5.154928039820882
peak_066959,54,712,711,7901,8177,fol_54_00472,8039,1,1.8429708406476253
peak_066960,54,713,712,7922,8197,fol_54_00473,8060,1,1.7290728365639412
peak_066977,54,739,736,8275,8541,fol_54_00490,8408,1,2.556986325117492
peak_066985,54,759,756,8539,8844,fol_54_00498,8692,1,2.2539252916096846
peak_066992,54,768,763,8580,8900,fol_54_00505,8740,1,2.074531271796068
peak_066994,54,770,769,8610,8977,fol_54_00507,8794,1,1.7355265990299875
peak_067002,54,780,778,8709,8971,fol_54_00515,8840,1,1.76157574554872
peak_067019,54,803,801,8885,9120,fol_54_00532,9003,1,1.9728741334472568
peak_067025,54,809,806,8945,9233,fol_54_00538,9089,1,1.7862292134964677
peak_067032,54,820,815,9025,9182,fol_54_00545,9104,1,2.1161888069785686
peak_067034,54,823,820,9183,9321,fol_54_00547,9252,1,1.7194909058297403
peak_067039,54,834,831,9169,9477,fol_54_00552,9323,1,3.466481406529212
peak_067048,54,844,842,9310,9574,fol_54_00561,9442,1,2.184502883801665
peak_067057,54,857,854,9556,9782,fol_54_00570,9669,1,3.456088068865769
peak_067070,54,876,869,9790,10095,fol_54_00583,9943,1,1.8415019789497085
peak_067072,54,879,876,9823,10027,fol_54_00585,9925,1,2.9189824387262027
peak_067076,54,883,881,9944,10161,fol_54_00589,10053,1,1.7564287220881176
peak_067088,54,902,897,10045,10291,fol_54_00601,10168,1,3.0862227682848844
peak_067096,54,912,909,10173,10489,fol_54_00609,10331,1,2.5204519942697123
peak_067103,54,923,919,10292,10532,fol_54_00616,10412,1,4.356261474956511
peak_067108,54,933,928,10373,10727,fol_54_00621,10550,1,4.210162822952272
peak_067110,54,935,936,10582,10788,fol_54_00623,10685,1,3.559124110820032
peak_067113,54,940,933,10408,10565,fol_54_00626,10487,1,2.004100790487747
peak_067114,54,941,937,10415,10663,fol_54_00627,10539,1,1.7153830332225604
peak_067119,54,944,933,10566,10735,fol_54_00632,10651,1,1.8122666784510773
peak_067126,54,953,947,10540,10765,fol_54_00639,10653,1,2.9255493801463084
peak_067143,54,975,973,10726,10995,fol_54_00656,10861,1,1.9129819835417143
peak_067144,54,977,974,10769,11010,fol_54_00657,10890,1,1.7621925640391989
peak_067153,54,990,986,10960,11154,fol_54_00666,11057,1,2.036337378969004
peak_067188,54,1047,1044,11706,12038,fol_54_00701,11872,1,1.7345864898032763
peak_067190,54,1052,1050,11761,12046,fol_54_00703,11904,1,3.349080484008794
peak_067195,54,1059,1055,11808,12007,fol_54_00708,11908,1,1.8019869344067336
peak_067199,54,1064,1060,11843,12095,fol_54_00712,11969,1,5.910875952388828
peak_067202,54,1069,1068,11887,12190,fol_54_00715,12039,1,1.7510575966460442
peak_067210,54,1080,1078,11997,12345,fol_54_00723,12171,1,1.9956908879185256
peak_067218,54,1091,1090,12196,12418,fol_54_00731,12307,1,3.147788097883263
peak_067226,54,1107,1105,12427,12566,fol_54_00739,12497,1,2.064695251700743
peak_067228,54,1109,1107,12479,12673,fol_54_00741,12576,1,1.7490500260143538
peak_067268,54,1173,1172,13155,13437,fol_54_00781,13296,1,2.650821461266061
peak_067273,54,1182,1180,13222,13491,fol_54_00786,13357,1,2.318364014492621
peak_067274,54,1183,1182,13242,13506,fol_54_00787,13374,1,1.834107286658397
peak_067280,54,1189,1188,13293,13573,fol_54_00793,13433,1,1.9263672267146563
peak_067309,54,1226,1224,13837,13995,fol_54_00822,13916,1,2.2497248510627177
peak_067318,54,1236,1233,13811,14094,fol_54_00831,13953,1,1.8420204353739964
peak_067325,54,1247,1245,13946,14275,fol_54_00838,14111,1,2.4194820938775994
peak_067333,54,1256,1253,14032,14363,fol_54_00846,14198,1,1.807310569929489
peak_067345,54,1270,1269,14165,14432,fol_54_00858,14299,1,2.466611733786999
peak_067350,54,1279,1277,14228,14514,fol_54_00863,14371,1,2.238364808001842
peak_067352,54,1281,1279,14250,14533,fol_54_00865,14392,1,1.8957430365365668
peak_067358,54,1287,1283,14305,14590,fol_54_00871,14448,1,2.043295494140791
peak_067359,54,1288,1287,14320,14608,fol_54_00872,14464,1,2.1401071576207937
peak_067373,54,1313,1311,14598,14855,fol_54_00886,14727,1,1.7758839416949863
peak_067374,54,1315,1312,14615,14920,fol_54_00887,14768,1,2.26648605642444
peak_067385,54,1332,1327,14772,15040,fol_54_00898,14906,1,2.2677909087084585
peak_067389,54,1336,1332,14816,15056,fol_54_00902,14936,1,2.560633884495523
peak_067394,54,1346,1343,14928,15064,fol_54_00907,14996,1,2.2788543327319206
peak_067404,54,1364,1362,15163,15437,fol_54_00917,15300,1,2.6760283265168368
peak_067417,54,1384,1383,15550,15732,fol_54_00930,15641,1,2.43347520592495
peak_067431,54,1406,1403,15656,15920,fol_54_00944,15788,1,2.280577078369596
peak_067432,54,1407,1406,15672,15934,fol_54_00945,15803,1,1.960455625997588
peak_067435,54,1410,1407,15690,15951,fol_54_00948,15821,1,1.9409805821793884
peak_067453,54,1429,1424,15839,16085,fol_54_00966,15962,1,2.2468186184344177
peak_067455,54,1431,1426,15851,16111,fol_54_00968,15981,1,2.0325667251092985
peak_067456,54,1432,1427,15854,16163,fol_54_00969,16009,1,1.7412633004627065
peak_067467,54,1449,1446,16082,16221,fol_54_00980,16152,1,2.671060227763702
peak_067472,54,1453,1450,16125,16391,fol_54_00985,16258,1,2.1943173933012465
peak_067474,54,1457,1454,16171,16487,fol_54_00987,16329,1,2.408000096283491
peak_067475,54,1458,1456,16175,16416,fol_54_00988,16296,1,2.5476026772592744
peak_067489,54,1487,1483,16739,17020,fol_54_01002,16880,1,2.7023675084660157
peak_067498,54,1502,1500,16908,17207,fol_54_01011,17058,1,2.967222841212546
peak_067500,54,1504,1502,16934,17220,fol_54_01013,17077,1,1.7244072578116478
peak_067502,54,1508,1505,16959,17224,fol_54_01015,17092,1,2.3089312061185217
peak_067508,54,1515,1512,17002,17248,fol_54_01021,17125,1,1.8237426801578345
peak_067510,54,1517,1516,17044,17319,fol_54_01023,17182,1,1.7280635711837555
peak_067526,54,1540,1538,17271,17450,fol_54_01039,17361,1,2.328207683402102
peak_067551,54,1567,1566,17551,17847,fol_54_01064,17699,1,2.1541914392008885
peak_067565,54,1589,1586,17838,18116,fol_54_01078,17977,1,1.876083480452984
peak_067569,54,1594,1587,17874,18059,fol_54_01082,17967,1,2.5943453772237506
peak_067578,54,1604,1602,17998,18270,fol_54_01091,18134,1,1.7972175124668863
peak_067592,54,1624,1623,18199,18461,fol_54_01105,18330,1,4.49746692246582
peak_067599,54,1638,1637,18400,18557,fol_54_01112,18479,1,5.509426659546152
peak_067612,54,1656,1655,18626,18899,fol_54_01125,18763,1,5.22750216848433
peak_067619,54,1666,1664,18755,19011,fol_54_01132,18883,1,1.985992534767516
peak_067620,54,1667,1666,18768,19022,fol_54_01133,18895,1,2.105317784548977
peak_067628,54,1677,1673,18873,19091,fol_54_01141,18982,1,2.1888653079172267
peak_067632,54,1682,1678,18909,19172,fol_54_01145,19041,1,3.1121089884837256
peak_067634,54,1685,1681,18928,19202,fol_54_01147,19065,1,2.409694566056274
peak_067637,54,1688,1687,18985,19284,fol_54_01150,19135,1,1.803197267539259
peak_067648,54,1705,1702,19138,19419,fol_54_01161,19279,1,1.7434941455841817
peak_067662,54,1732,1730,19537,19858,fol_54_01175,19698,1,1.7778729834050846
peak_067664,54,1735,1731,19557,19826,fol_54_01177,19692,1,1.846127694554663
peak_067666,54,1737,1735,19572,19838,fol_54_01179,19705,1,1.9273208447016843
peak_067670,54,1741,1737,19599,19861,fol_54_01183,19730,1,1.8283176887388115
peak_067683,54,1760,1757,19884,20038,fol_54_01196,19961,1,2.4660261390758955
peak_067684,54,1761,1760,19884,20038,fol_54_01197,19961,1,2.26255566241202
peak_067703,54,1791,1789,20120,20398,fol_54_01216,20259,1,2.418730611054527
peak_067709,54,1798,1797,20187,20532,fol_54_01222,20360,1,2.810790956127816
peak_067715,54,1806,1805,20252,20551,fol_54_01228,20402,1,2.782731462717764
peak_067729,54,1825,1821,20487,20742,fol_54_01242,20615,1,1.8234966376739152
peak_067736,54,1831,1828,20541,20829,fol_54_01249,20685,1,1.8091844887784816
peak_067749,54,1858,1857,20849,21138,fol_54_01262,20994,1,3.015764435034668
peak_067752,54,1862,1858,20863,21157,fol_54_01265,21010,1,2.7086935496510542
peak_067761,54,1872,1869,21024,21241,fol_54_01274,21133,1,5.5469861482868055
peak_067762,54,1873,1870,20992,21260,fol_54_01275,21126,1,2.474296251238437
peak_067776,54,1892,1889,21216,21521,fol_54_01289,21369,1,1.7112405840928293
peak_067797,54,1920,1918,21544,21671,fol_54_01310,21608,1,1.810431314506588
peak_067798,54,1920,1921,21672,21848,fol_54_01311,21760,1,1.955026082955888
peak_067816,54,1950,1947,21973,22238,fol_54_01329,22106,1,1.7353472098096128
peak_067821,54,1956,1954,22022,22291,fol_54_01334,22157,1,1.7330182676591075
peak_067833,54,1974,1972,22190,22476,fol_54_01346,22333,1,4.074336708871581
peak_067848,54,2001,1997,22563,22849,fol_54_01361,22706,1,3.01904552549109
peak_067857,54,2014,2011,22742,23024,fol_54_01370,22883,1,1.932678965379267
peak_067862,54,2020,2017,22823,23100,fol_54_01375,22962,1,2.790062428875905
peak_067869,54,2032,2027,22990,23214,fol_54_01382,23102,1,2.296176423022883
peak_067892,54,2064,2062,23399,23676,fol_54_01405,23538,1,3.738494722892241
peak_067898,54,2071,2067,23485,23667,fol_54_01411,23576,1,2.590565825765923
peak_067908,54,2093,2090,23846,24127,fol_54_01421,23987,1,2.455323286656913
peak_067913,54,2102,2100,23957,24237,fol_54_01426,24097,1,2.383433105669869
peak_067914,54,2103,2102,23971,24258,fol_54_01427,24115,1,2.3373605178987904
peak_067932,54,2141,2140,24474,24776,fol_54_01445,24625,1,1.963304056866596
peak_067935,54,2144,2141,24492,24795,fol_54_01448,24644,1,2.629311309576675
peak_067938,54,2149,2150,24605,24889,fol_54_01451,24747,1,1.9864906278857724
peak_067940,54,2151,2149,24639,24917,fol_54_01453,24778,1,1.811832426540989
peak_067941,54,2153,2154,24666,24957,fol_54_01454,24812,1,3.3488030500497605
peak_067947,54,2166,2163,24795,24922,fol_54_01460,24859,1,2.258831325809324
peak_067949,54,2169,2167,24822,25115,fol_54_01462,24969,1,2.327459758808628
peak_067983,54,2212,2211,25298,25567,fol_54_01496,25433,1,1.938113696792264
peak_067987,54,2216,2212,25319,25583,fol_54_01500,25451,1,2.0915676412543163
peak_067988,54,2218,2214,25326,25591,fol_54_01501,25459,1,3.268530236125696
peak_067995,54,2226,2221,25377,25718,fol_54_01508,25548,1,1.7931662011536835
peak_068011,54,2248,2247,25639,25991,fol_54_01524,25815,1,2.380689795730756
peak_068016,54,2255,2254,25747,26071,fol_54_01529,25909,1,2.9580329198292925
peak_068021,54,2263,2257,25801,26115,fol_54_01534,25958,1,1.8762137160428176
peak_068022,54,2264,2255,25803,26089,fol_54_01535,25946,1,2.566146624907453
peak_068077,55,30,28,49,324,fol_55_00010,187,1,3.313330230963097
peak_068080,55,33,32,104,398,fol_55_00013,251,1,2.696365735254868
peak_068082,55,35,30,129,335,fol_55_00015,232,1,1.975303860443471
peak_068093,55,50,48,276,574,fol_55_00026,425,1,2.175559418032799
peak_068102,55,68,64,507,653,fol_55_00035,580,1,2.2577335951467337
peak_068105,55,73,71,523,824,fol_55_00038,674,1,2.129836419864329
peak_068106,55,75,74,552,819,fol_55_00039,686,1,2.804056622191188
peak_068114,55,87,84,620,918,fol_55_00047,769,1,2.027435306550612
peak_068119,55,92,89,664,929,fol_55_00052,797,1,1.8845595209881456
peak_068124,55,99,94,710,1004,fol_55_00057,857,1,2.0950704088885623
peak_068129,55,109,107,795,1073,fol_55_00062,934,1,1.8412219372879493
peak_068138,55,123,120,926,1249,fol_55_00071,1088,1,1.950606413398732
peak_068167,55,162,161,1414,1693,fol_55_00100,1554,1,2.508628819679281
peak_068169,55,165,163,1469,1741,fol_55_00102,1605,1,2.796989949359373
peak_068196,55,214,208,2115,2412,fol_55_00129,2264,1,1.752014262183771
peak_068199,55,221,219,2173,2482,fol_55_00132,2328,1,1.8517483457161623
peak_068207,55,230,228,2265,2604,fol_55_00140,2435,1,2.2700949779618838
peak_068226,55,250,246,2460,2662,fol_55_00159,2561,1,2.7327204938297727
peak_068227,55,250,252,2663,2815,fol_55_00160,2739,1,1.805976663923452
peak_068228,55,251,247,2462,2746,fol_55_00161,2604,1,2.0991998692074505
peak_068229,55,252,248,2466,2796,fol_55_00162,2631,1,1.746122302806986
peak_068238,55,261,259,2573,2920,fol_55_00171,2747,1,3.4564171772911814
peak_068242,55,265,262,2596,2962,fol_55_00175,2779,1,2.3478950061666533
peak_068246,55,272,273,2682,2938,fol_55_00179,2810,1,1.8480162068184405
peak_068247,55,273,265,2682,2938,fol_55_00180,2810,1,2.2356949563924053
peak_068258,55,290,287,2923,3215,fol_55_00191,3069,1,2.018284793471509
peak_068263,55,296,295,3076,3261,fol_55_00196,3169,1,2.0835081574618046
peak_068281,55,332,330,3581,3827,fol_55_00214,3704,1,2.043005111375066
peak_068283,55,334,332,3595,3827,fol_55_00216,3711,1,2.2655220354585484
peak_068294,55,347,344,3694,4003,fol_55_00227,3849,1,2.530266939174591
peak_068315,55,373,369,3882,4200,fol_55_00248,4041,1,1.8316209210646348
peak_068316,55,374,372,4022,4265,fol_55_00249,4144,1,2.28144111343734
peak_068323,55,384,379,3970,4268,fol_55_00256,4119,1,1.7463841628540953
peak_068327,55,388,386,4015,4265,fol_55_00260,4140,1,1.8994312842653696
peak_068328,55,390,385,4033,4233,fol_55_00261,4133,1,1.7583077702164434
peak_068344,55,409,407,4261,4619,fol_55_00277,4440,1,2.256229571014368
peak_068351,55,418,416,4328,4611,fol_55_00284,4470,1,3.4872467710640858
peak_068361,55,430,427,4518,4665,fol_55_00294,4592,1,2.0304139990802947
peak_068362,55,430,428,4666,4814,fol_55_00295,4740,1,1.7037946466881138
peak_068373,55,443,441,4698,4965,fol_55_00306,4832,1,1.8855529387142835
peak_068374,55,444,443,4713,4982,fol_55_00307,4848,1,1.957678267678805
peak_068376,55,447,442,4723,5008,fol_55_00309,4866,1,2.201344482222048
peak_068380,55,453,451,4816,5064,fol_55_00313,4940,1,2.464692129576756
peak_068388,55,463,461,4970,5252,fol_55_00321,5111,1,2.047282132893828
peak_068392,55,467,465,5024,5268,fol_55_00325,5146,1,2.490573718164641
peak_068403,55,485,482,5174,5521,fol_55_00336,5348,1,2.384175294103675
peak_068415,55,505,496,5369,5636,fol_55_00348,5503,1,2.046350933465283
peak_068420,55,511,508,5404,5690,fol_55_00353,5547,1,2.4143823152136235
peak_068421,55,513,511,5419,5706,fol_55_00354,5563,1,1.85868972410498
peak_068423,55,515,514,5440,5785,fol_55_00356,5613,1,2.407883837443719
peak_068425,55,517,515,5459,5802,fol_55_00358,5631,1,3.150479847953488
peak_068491,55,623,617,6925,7157,fol_55_00424,7041,1,2.608917504020788
peak_068500,55,636,634,7007,7310,fol_55_00433,7159,1,3.355741370504028
peak_068503,55,641,645,7061,7343,fol_55_00436,7202,1,2.067803537975436
peak_068504,55,643,641,7096,7361,fol_55_00437,7229,1,1.800194522246278
peak_068506,55,645,636,7061,7323,fol_55_00439,7192,1,2.48725575989888
peak_068509,55,648,646,7082,7409,fol_55_00442,7246,1,2.2964078538587267
peak_068510,55,650,647,7097,7407,fol_55_00443,7252,1,2.09617170886148
peak_068517,55,659,655,7222,7510,fol_55_00450,7366,1,1.7492005121027026
peak_068538,55,690,686,7733,7994,fol_55_00471,7864,1,2.891538314828546
peak_068554,55,711,709,7990,8283,fol_55_00487,8137,1,2.1143717634852184
peak_068556,55,713,710,7991,8285,fol_55_00489,8138,1,1.9656717909888548
peak_068583,55,757,754,8532,8707,fol_55_00516,8620,1,2.4271674279112805
peak_068592,55,773,770,8624,8894,fol_55_00525,8759,1,1.8944379725073757
peak_068610,55,796,794,8904,9069,fol_55_00543,8987,1,3.6660598512432543
peak_068618,55,805,802,8975,9295,fol_55_00551,9135,1,2.1424490601395063
peak_068620,55,807,804,8988,9268,fol_55_00553,9128,1,1.776956224071875
peak_068627,55,816,815,9138,9390,fol_55_00560,9264,1,2.524136450818204
peak_068637,55,832,831,9279,9547,fol_55_00570,9413,1,5.321878553714865
peak_068678,55,884,881,9990,10334,fol_55_00611,10162,1,2.0088642630411297
peak_068680,55,888,884,10061,10343,fol_55_00613,10202,1,1.754945627582106
peak_068687,55,901,898,10183,10442,fol_55_00620,10313,1,2.1446093826249037
peak_068688,55,903,900,10194,10483,fol_55_00621,10339,1,1.9332613945250317
peak_068691,55,907,906,10240,10627,fol_55_00624,10434,1,1.8224787116005985
peak_068697,55,915,913,10310,10640,fol_55_00630,10475,1,1.856232748144834
peak_068701,55,919,916,10339,10481,fol_55_00634,10410,1,5.545278690801803
peak_068709,55,927,924,10525,10726,fol_55_00642,10626,1,2.2696539677659744
peak_068714,55,933,927,10537,10741,fol_55_00647,10639,1,1.9825318695353835
peak_068725,55,947,942,10719,10998,fol_55_00658,10859,1,2.2101381639255138
peak_068739,55,972,968,11072,11345,fol_55_00672,11209,1,2.021262768536819
peak_068747,55,983,980,11275,11550,fol_55_00680,11413,1,2.3140042458937
peak_068760,55,1009,1008,11589,11892,fol_55_00693,11741,1,2.292077387727946
peak_068766,55,1021,1020,11714,12009,fol_55_00699,11862,1,2.942706482686804
peak_068769,55,1025,1021,11735,12023,fol_55_00702,11879,1,1.7327936055296906
peak_068808,55,1076,1074,12375,12515,fol_55_00741,12445,1,3.732448234340512
peak_068811,55,1081,1079,12423,12702,fol_55_00744,12563,1,2.0791238683175397
peak_068826,55,1100,1094,12757,12886,fol_55_00759,12822,1,1.73331247749605
peak_068830,55,1106,1103,12621,12917,fol_55_00763,12769,1,2.4439333648372727
peak_068831,55,1107,1104,12625,12938,fol_55_00764,12782,1,3.398584273830278
peak_068835,55,1115,1114,12728,13091,fol_55_00768,12910,1,2.1027808916845125
peak_068864,55,1155,1154,13364,13502,fol_55_00797,13433,1,2.029251147692735
peak_068887,55,1192,1187,13542,13844,fol_55_00820,13693,1,1.808194878160355
peak_068889,55,1195,1192,13576,13865,fol_55_00822,13721,1,1.777112090060245
peak_068902,55,1213,1211,13843,14120,fol_55_00835,13982,1,2.690017800652315
peak_068905,55,1216,1214,13871,14166,fol_55_00838,14019,1,1.9389462219000804
peak_068907,55,1219,1218,13919,14186,fol_55_00840,14053,1,1.740827213719474
peak_068917,55,1235,1234,14080,14335,fol_55_00850,14208,1,2.602968030672291
peak_068927,55,1249,1247,14243,14510,fol_55_00860,14377,1,2.9285203745745583
peak_068934,55,1260,1259,14401,14698,fol_55_00867,14550,1,2.1403810848565725
peak_068939,55,1271,1267,14470,14820,fol_55_00872,14645,1,1.8247223514350264
peak_068979,55,1330,1328,15205,15487,fol_55_00912,15346,1,1.88013452927691
peak_068993,55,1352,1351,15497,15844,fol_55_00926,15671,1,3.290521366177317
peak_069006,55,1366,1359,15667,15807,fol_55_00939,15737,1,1.7954232072658698
peak_069007,55,1367,1364,15681,16051,fol_55_00940,15866,1,1.793366613724107
peak_069009,55,1369,1368,15708,16082,fol_55_00942,15895,1,2.118887714073897
peak_069020,55,1394,1391,15970,16429,fol_55_00953,16200,1,2.24632449853752
peak_069022,55,1397,1395,15987,16294,fol_55_00955,16141,1,2.2151430182338805
peak_069023,55,1398,1393,15989,16140,fol_55_00956,16065,1,1.9395361527052428
peak_069025,55,1403,1401,16029,16336,fol_55_00958,16183,1,2.276888361162061
peak_069085,55,1494,1493,17228,17518,fol_55_01018,17373,1,2.433862071893281
peak_069091,55,1505,1504,17362,17632,fol_55_01024,17497,1,2.907789598895348
peak_069092,55,1506,1505,17372,17643,fol_55_01025,17508,1,2.891054663223706
peak_069096,55,1519,1516,17511,17767,fol_55_01029,17639,1,2.0912554790703326
peak_069123,55,1563,1560,18036,18322,fol_55_01056,18179,1,1.9954546191322236
peak_069129,55,1580,1575,18179,18457,fol_55_01062,18318,1,2.439435792486039
peak_069133,55,1589,1587,18321,18596,fol_55_01066,18459,1,2.434821579141446
peak_069153,55,1613,1611,18595,18917,fol_55_01086,18756,1,2.406268670250568
peak_069176,55,1651,1650,19148,19447,fol_55_01109,19298,1,2.490703764441597
peak_069191,55,1673,1670,19406,19661,fol_55_01124,19534,1,2.121825833610005
peak_069194,55,1676,1671,19523,19734,fol_55_01127,19629,1,1.9971926901775208
peak_069198,55,1684,1681,19527,19831,fol_55_01131,19679,1,2.3616853409566203
peak_069200,55,1686,1685,19544,19722,fol_55_01133,19633,1,1.9155304030004456
peak_069210,55,1704,1702,19800,20100,fol_55_01143,19950,1,2.2149066408103883
peak_069222,55,1721,1719,20038,20317,fol_55_01155,20178,1,2.457602735225878
peak_069257,55,1772,1770,20861,21109,fol_55_01190,20985,1,3.0000347916187224
peak_069258,55,1777,1774,20903,21285,fol_55_01191,21094,1,1.841435246423571
peak_069261,55,1781,1777,20927,21305,fol_55_01194,21116,1,2.3741455816407684
peak_069271,55,1794,1793,21155,21399,fol_55_01204,21277,1,2.413968364348391
peak_069274,55,1799,1798,21146,21479,fol_55_01207,21313,1,1.8293340566859095
peak_069277,55,1803,1799,21168,21499,fol_55_01210,21334,1,1.735437622908608
peak_069279,55,1807,1806,21221,21536,fol_55_01212,21379,1,1.809326968134644
peak_069281,55,1810,1808,21242,21605,fol_55_01214,21424,1,2.010970285250039
peak_069292,55,1827,1824,21405,21737,fol_55_01225,21571,1,1.87932370043326
peak_069293,55,1828,1826,21409,21696,fol_55_01226,21553,1,1.9717749893977905
peak_069296,55,1831,1829,21432,21779,fol_55_01229,21606,1,2.7340280372000083
peak_069298,55,1834,1832,21462,21783,fol_55_01231,21623,1,2.551853254137146
peak_069304,55,1841,1837,21504,21905,fol_55_01237,21705,1,2.921844485975796
peak_069308,55,1845,1842,21536,21857,fol_55_01241,21697,1,1.7157523504701024
peak_069314,55,1851,1848,21581,21861,fol_55_01247,21721,1,2.1405634954463943
peak_069322,55,1861,1859,21713,22061,fol_55_01255,21887,1,1.9049413685075527
peak_069337,55,1885,1882,22073,22372,fol_55_01270,22223,1,2.1216577295732884
peak_069338,55,1886,1883,22075,22353,fol_55_01271,22214,1,1.977500407402264
peak_069340,55,1889,1886,22105,22370,fol_55_01273,22238,1,1.746597889241466
peak_069374,55,1949,1948,23084,23389,fol_55_01307,23237,1,1.934835638843879
peak_069379,55,1955,1953,23134,23509,fol_55_01312,23322,1,2.1095611998532173
peak_069382,55,1959,1957,23190,23506,fol_55_01315,23348,1,1.9879605398423632
peak_069404,55,1986,1981,23558,23820,fol_55_01337,23689,1,2.420358210656806
peak_069416,55,2006,2003,24033,24212,fol_55_01349,24123,1,1.8193298581797923
peak_069418,55,2009,2007,24066,24310,fol_55_01351,24188,1,2.22808563678989
peak_069422,55,2013,2012,24116,24426,fol_55_01355,24271,1,3.824129532815778
peak_069426,55,2022,2019,24282,24461,fol_55_01359,24372,1,2.4231784049292204
peak_069431,55,2033,2032,24380,24675,fol_55_01364,24528,1,1.7027040192180405
peak_069461,55,2074,2071,24920,25214,fol_55_01394,25067,1,2.405611493693885
peak_069464,55,2078,2074,24937,25233,fol_55_01397,25085,1,1.7097032830808891
peak_069486,55,2115,2113,25453,25638,fol_55_01419,25546,1,2.6657027678435776
peak_069509,55,2155,2154,25874,26021,fol_55_01442,25948,1,2.9520439647444303
peak_069525,56,32,28,203,339,fol_56_00004,271,1,2.6898870699691897
peak_069526,56,32,34,340,489,fol_56_00005,415,1,2.720281878597289
peak_069528,56,35,31,209,468,fol_56_00007,339,1,3.4277523393257705
peak_069529,56,36,35,224,436,fol_56_00008,330,1,1.961413413314221
peak_069531,56,39,32,340,505,fol_56_00010,423,1,2.1174695639228265
peak_069540,56,54,53,429,760,fol_56_00019,595,1,2.289928315224279
peak_069545,56,64,62,551,841,fol_56_00024,696,1,2.16736208718798
peak_069557,56,96,94,973,1175,fol_56_00036,1074,1,1.8622703870995585
peak_069576,56,131,128,1424,1777,fol_56_00055,1601,1,1.8555151362019997
peak_069593,56,161,160,1824,2103,fol_56_00072,1964,1,1.77944653236055
peak_069597,56,167,163,1872,2155,fol_56_00076,2014,1,2.7779430888424206
peak_069602,56,174,171,1942,2244,fol_56_00081,2093,1,1.8897482006166737
peak_069603,56,175,172,1955,2305,fol_56_00082,2130,1,2.638598586358511
peak_069604,56,176,174,1962,2260,fol_56_00083,2111,1,1.8121236916850405
peak_069636,56,221,218,2566,2757,fol_56_00115,2662,1,2.151259472227182
peak_069643,56,236,233,2862,3131,fol_56_00122,2997,1,2.036573407546981
peak_069652,56,248,245,3034,3319,fol_56_00131,3177,1,1.9760089327563377
peak_069673,56,293,292,3621,3837,fol_56_00152,3729,1,1.8081687114163445
peak_069682,56,310,308,3886,4126,fol_56_00161,4006,1,2.2187579168993974
peak_069683,56,312,310,3904,4224,fol_56_00162,4064,1,2.428620095969371
peak_069685,56,314,312,3918,4232,fol_56_00164,4075,1,2.374283446432292
peak_069692,56,324,323,4033,4349,fol_56_00171,4191,1,2.026431630655228
peak_069693,56,325,324,4051,4370,fol_56_00172,4211,1,3.524855078270927
peak_069702,56,347,344,4313,4614,fol_56_00181,4464,1,1.9064901218272772
peak_069710,56,365,364,4606,4882,fol_56_00189,4744,1,4.532831913802772
peak_069715,56,374,373,4735,4991,fol_56_00194,4863,1,2.3092307256828475
peak_069718,56,378,376,4781,4988,fol_56_00197,4885,1,3.824478597966421
peak_069725,56,389,386,4892,5200,fol_56_00204,5046,1,3.1413035570729235
peak_069729,56,392,385,4923,5226,fol_56_00208,5075,1,2.4330054425181946
peak_069753,56,426,425,5318,5594,fol_56_00232,5456,1,1.9345373241335244
peak_069761,56,440,439,5469,5749,fol_56_00240,5609,1,1.991717200457636
peak_069771,56,464,462,5700,5876,fol_56_00250,5788,1,1.9894242473735997
peak_069773,56,465,461,5713,6063,fol_56_00252,5888,1,1.874891267582019
peak_069776,56,469,465,5733,6095,fol_56_00255,5914,1,2.981292749404302
peak_069789,56,487,485,5933,6257,fol_56_00268,6095,1,1.76061939536369
peak_069827,56,560,557,7076,7358,fol_56_00306,7217,1,2.765715242740393
peak_069847,56,588,584,7502,7910,fol_56_00326,7706,1,1.9875300337222397
peak_069857,56,601,597,7685,7963,fol_56_00336,7824,1,1.7568225706770066
peak_069878,56,638,637,8184,8379,fol_56_00357,8282,1,3.585741291409152
peak_069886,56,650,648,8384,8596,fol_56_00365,8490,1,2.34749293056399
peak_069890,56,661,660,8539,8738,fol_56_00369,8639,1,1.8635432849378812
peak_069915,56,707,702,9348,9672,fol_56_00394,9510,1,2.2443596758359097
peak_069916,56,708,705,9359,9630,fol_56_00395,9495,1,2.0346261913922614
peak_069919,56,711,709,9399,9691,fol_56_00398,9545,1,1.807868194655886
peak_069921,56,713,711,9413,9716,fol_56_00400,9565,1,2.595173628368767
peak_069927,56,720,719,9547,9828,fol_56_00406,9688,1,2.80872609055494
peak_069934,56,731,729,9691,9989,fol_56_00413,9840,1,2.4496117106349518
peak_069940,56,743,741,9855,9993,fol_56_00419,9924,1,1.9900244584900744
peak_069961,56,782,778,10454,10631,fol_56_00440,10543,1,1.9406410612777376
peak_069964,56,792,791,10662,10963,fol_56_00443,10813,1,4.436155746825632
peak_069971,56,802,801,10773,10989,fol_56_00450,10881,1,2.00759635918065
peak_069978,56,814,812,10946,11204,fol_56_00457,11075,1,2.0424373129389783
peak_069981,56,822,820,10997,11378,fol_56_00460,11188,1,1.7966169070740563
peak_069983,56,826,822,11024,11204,fol_56_00462,11114,1,1.7562335061345324
peak_069997,56,845,842,11212,11483,fol_56_00476,11348,1,1.884544401756077
peak_070003,56,852,849,11262,11644,fol_56_00482,11453,1,1.7076556049152043
peak_070022,56,876,873,11462,11784,fol_56_00501,11623,1,1.933275504865828
peak_070023,56,877,872,11464,11818,fol_56_00502,11641,1,2.562380647504842
peak_070024,56,879,877,11486,11833,fol_56_00503,11660,1,2.45924867822292
peak_070028,56,884,883,11650,11868,fol_56_00507,11759,1,2.142909642410067
peak_070039,56,896,895,11731,11971,fol_56_00518,11851,1,1.819948934159771
peak_070055,56,927,926,12112,12434,fol_56_00534,12273,1,4.0882972743313095
peak_070067,56,946,945,12434,12714,fol_56_00546,12574,1,4.726270062369079
peak_070077,56,962,961,12715,12999,fol_56_00556,12857,1,1.7817798704668448
peak_070080,56,966,963,12773,13055,fol_56_00559,12914,1,1.8355594481029376
peak_070089,56,982,978,12897,13176,fol_56_00568,13037,1,1.865606042103183
peak_070090,56,983,980,12901,13241,fol_56_00569,13071,1,2.818375498237219
peak_070091,56,984,982,12911,13193,fol_56_00570,13052,1,2.324201745939192
peak_070098,56,991,988,12988,13357,fol_56_00577,13173,1,2.0501322123010883
peak_070107,56,1004,1003,13156,13441,fol_56_00586,13299,1,1.7778895164460384
peak_070108,56,1005,1000,13175,13373,fol_56_00587,13274,1,1.8652094216156168
peak_070119,56,1022,1020,13424,13704,fol_56_00598,13564,1,1.852362965690803
peak_070131,56,1051,1047,13741,14108,fol_56_00610,13925,1,1.7062037161738908
peak_070133,56,1053,1050,13753,14014,fol_56_00612,13884,1,1.9660373781835976
peak_070144,56,1075,1074,14027,14269,fol_56_00623,14148,1,2.915197143425625
peak_070151,56,1090,1087,14062,14418,fol_56_00630,14240,1,2.525461413493188
peak_070162,56,1103,1100,14180,14513,fol_56_00641,14347,1,2.1272898045078934
peak_070177,56,1129,1127,14542,14793,fol_56_00656,14668,1,2.335732048611275
peak_070196,56,1164,1161,15069,15361,fol_56_00675,15215,1,3.320799624019401
peak_070199,56,1169,1166,15098,15449,fol_56_00678,15274,1,2.1351647625485235
peak_070215,56,1195,1193,15445,15767,fol_56_00694,15606,1,2.7728112860922605
peak_070220,56,1206,1202,15558,15821,fol_56_00699,15690,1,1.929433445682392
peak_070225,56,1212,1209,15624,15938,fol_56_00704,15781,1,1.8192224433067476
peak_070228,56,1216,1213,15706,15833,fol_56_00707,15770,1,1.833987487093407
peak_070245,56,1246,1245,16264,16495,fol_56_00724,16380,1,1.7582404104458658
peak_070248,56,1252,1250,16329,16660,fol_56_00727,16495,1,3.5754597574956537
peak_070252,56,1262,1259,16545,16846,fol_56_00731,16696,1,2.661661822602016
peak_070265,56,1295,1294,17188,17469,fol_56_00744,17329,1,2.5208568651459498
peak_070271,56,1304,1301,17262,17557,fol_56_00750,17410,1,1.787754677934942
peak_070272,56,1306,1304,17277,17590,fol_56_00751,17434,1,1.8044834301998576
peak_070276,56,1314,1312,17369,17590,fol_56_00755,17480,1,1.7965465265398652
peak_070277,56,1316,1314,17397,17618,fol_56_00756,17508,1,1.7101354492884122
peak_070278,56,1317,1313,17402,17761,fol_56_00757,17582,1,2.1337957559650618
peak_070279,56,1318,1315,17405,17542,fol_56_00758,17474,1,1.702925538079901
peak_070280,56,1318,1319,17543,17713,fol_56_00759,17628,1,3.72012749767964
peak_070282,56,1320,1316,17418,17686,fol_56_00761,17552,1,2.0089095138312536
peak_070292,56,1334,1331,17562,17892,fol_56_00771,17727,1,2.480381996968
peak_070297,56,1342,1341,17648,17979,fol_56_00776,17814,1,2.29963220762382
peak_070305,56,1358,1356,17894,18186,fol_56_00784,18040,1,1.953892162571446
peak_070314,56,1379,1376,18258,18543,fol_56_00793,18401,1,2.2748587908387563
peak_070318,56,1384,1382,18320,18619,fol_56_00797,18470,1,2.326059195337285
peak_070338,56,1409,1408,18576,18871,fol_56_00817,18724,1,2.069976643031977
peak_070341,56,1414,1413,18626,18922,fol_56_00820,18774,1,1.7232030424294216
peak_070351,56,1433,1431,18941,19256,fol_56_00830,19099,1,2.0357676712089043
peak_070363,56,1454,1452,19255,19531,fol_56_00842,19393,1,3.337189811200341
peak_070364,56,1461,1460,19366,19605,fol_56_00843,19486,1,1.703944508139963
peak_070367,56,1470,1469,19471,19653,fol_56_00846,19562,1,5.158769895981852
peak_070370,56,1475,1472,19706,19846,fol_56_00849,19776,1,3.005418819080386
peak_070384,56,1496,1491,19820,20093,fol_56_00863,19957,1,1.822769273512436
peak_070385,56,1497,1493,19825,20071,fol_56_00864,19948,1,1.742488045824212
peak_070389,56,1503,1497,19869,20095,fol_56_00868,19982,1,1.8077252886507091
peak_070394,56,1508,1506,19920,20090,fol_56_00873,20005,1,1.854857078075264
peak_070396,56,1511,1508,20091,20254,fol_56_00875,20173,1,1.985682846331348
peak_070400,56,1516,1512,19977,20290,fol_56_00879,20134,1,2.1818072528356067
peak_070403,56,1520,1519,20028,20333,fol_56_00882,20181,1,1.7578299688561108
peak_070405,56,1523,1520,20050,20353,fol_56_00884,20202,1,2.3516931155588585
peak_070407,56,1525,1523,20088,20370,fol_56_00886,20229,1,2.713900106103658
peak_070409,56,1528,1526,20221,20392,fol_56_00888,20307,1,1.7396935409395262
peak_070417,56,1546,1545,20394,20725,fol_56_00896,20560,1,1.8435173484143597
peak_070433,56,1569,1566,20636,20934,fol_56_00912,20785,1,1.7967424700956625
peak_070449,56,1596,1593,21156,21453,fol_56_00928,21305,1,2.2166210111955618
peak_070452,56,1602,1600,21199,21499,fol_56_00931,21349,1,2.2094500363423526
peak_070455,56,1606,1605,21235,21551,fol_56_00934,21393,1,2.57238652636897
peak_070461,56,1623,1621,21422,21704,fol_56_00940,21563,1,2.5057284960550747
peak_070465,56,1629,1628,21507,21792,fol_56_00944,21650,1,1.8560179150959264
peak_070485,56,1662,1660,21964,22245,fol_56_00964,22105,1,1.8236084097414555
peak_070491,56,1668,1666,22179,22338,fol_56_00970,22259,1,2.140644780847669
peak_070497,56,1678,1676,22186,22488,fol_56_00976,22337,1,2.331163467691653
peak_070527,56,1733,1731,22837,23115,fol_56_01006,22976,1,2.9464066037371874
peak_070530,56,1737,1733,22856,23133,fol_56_01009,22995,1,2.800738550046257
peak_070533,56,1741,1735,22916,23077,fol_56_01012,22997,1,2.18084034845731
peak_070542,56,1767,1764,23269,23452,fol_56_01021,23361,1,1.8026373659194277
peak_070551,56,1779,1778,23380,23688,fol_56_01030,23534,1,1.8917526870748724
peak_070585,57,58,54,521,737,fol_57_00026,629,1,1.8955051891305
peak_070607,57,93,91,1116,1283,fol_57_00048,1200,1,2.1312489922532274
peak_070614,57,105,104,1293,1577,fol_57_00055,1435,1,1.9380145129168704
peak_070634,57,150,147,1959,2220,fol_57_00075,2090,1,1.7400022310304777
peak_070637,57,155,154,2025,2296,fol_57_00078,2161,1,1.98094461740064
peak_070644,57,166,163,2133,2472,fol_57_00085,2303,1,2.7122936042759
peak_070647,57,169,165,2146,2445,fol_57_00088,2296,1,1.718518482268962
peak_070648,57,170,169,2167,2462,fol_57_00089,2315,1,2.0677043752943365
peak_070659,57,186,183,2397,2690,fol_57_00100,2544,1,1.965548429777917
peak_070672,57,207,206,2727,3016,fol_57_00113,2872,1,2.4133886002879
peak_070673,57,210,202,2772,2989,fol_57_00114,2881,1,2.1528350083610905
peak_070682,57,228,227,3041,3392,fol_57_00123,3217,1,2.6201642588480185
peak_070714,57,295,293,4093,4377,fol_57_00155,4235,1,2.130945824279696
peak_070719,57,306,303,4300,4604,fol_57_00160,4452,1,2.132265815352921
peak_070744,57,347,345,5079,5242,fol_57_00185,5161,1,2.492826020794394
peak_070750,57,361,358,5082,5269,fol_57_00191,5176,1,5.824996993186517
peak_070797,57,435,431,6174,6472,fol_57_00238,6323,1,1.8320025975418663
peak_070807,57,460,458,6665,6945,fol_57_00248,6805,1,1.7929157928815416
peak_070816,57,475,472,6822,7060,fol_57_00257,6941,1,2.0451481666839477
peak_070837,57,520,519,7734,7956,fol_57_00278,7845,1,2.575351399958094
peak_070846,57,533,530,7885,8108,fol_57_00287,7997,1,1.929364907667365
peak_070848,57,536,531,7917,8166,fol_57_00289,8042,1,2.3165985008422423
peak_070888,57,607,605,8760,8973,fol_57_00329,8867,1,2.1839427186128937
peak_070895,57,618,615,8909,9181,fol_57_00336,9045,1,2.649968624511791
peak_070906,57,642,640,9294,9574,fol_57_00347,9434,1,2.564961375119185
peak_070908,57,644,642,9306,9588,fol_57_00349,9447,1,2.8235232431972324
peak_070922,57,667,666,9565,9854,fol_57_00363,9710,1,2.1503828770142808
peak_070925,57,672,669,9708,9904,fol_57_00366,9806,1,1.94261197298106
peak_070939,57,692,690,9883,10132,fol_57_00380,10008,1,3.168016854070194
peak_070943,57,700,697,10106,10239,fol_57_00384,10173,1,2.212471959064498
peak_070947,57,706,704,10079,10290,fol_57_00388,10185,1,1.9924024753661491
peak_070982,57,762,760,10816,11064,fol_57_00423,10940,1,2.4340194350893847
peak_070990,57,778,775,11040,11289,fol_57_00431,11165,1,2.0179000540223884
peak_070995,57,789,788,11167,11490,fol_57_00436,11329,1,2.580574217426945
peak_070997,57,792,790,11285,11477,fol_57_00438,11381,1,2.8743887204483785
peak_071017,57,828,827,11756,11999,fol_57_00458,11878,1,1.7479207633491145
peak_071057,57,899,897,12730,12989,fol_57_00498,12860,1,1.856413431381864
peak_071060,57,912,911,13003,13150,fol_57_00501,13077,1,2.291571958629405
peak_071061,57,915,910,12980,13152,fol_57_00502,13066,1,1.8527674433311496
peak_071072,57,934,932,13161,13354,fol_57_00513,13258,1,2.595898193618087
peak_071101,57,989,988,13917,14194,fol_57_00542,14056,1,1.8022540283836683
peak_071103,57,991,989,13934,14208,fol_57_00544,14071,1,1.9150609618928285
peak_071106,57,1004,1002,14118,14415,fol_57_00547,14267,1,2.3705974269063037
peak_071114,57,1018,1016,14320,14584,fol_57_00555,14452,1,2.24927082261894
peak_071119,57,1026,1022,14432,14715,fol_57_00560,14574,1,2.745397393778205
peak_071121,57,1028,1027,14472,14625,fol_57_00562,14549,1,2.936671600786261
peak_071124,57,1031,1030,14521,14830,fol_57_00565,14676,1,2.482043070748665
peak_071142,57,1064,1059,15038,15226,fol_57_00583,15132,1,3.7967975018558153
peak_071154,57,1080,1078,15177,15460,fol_57_00595,15319,1,2.5788361305552057
peak_071170,57,1111,1107,15667,16003,fol_57_00611,15835,1,1.780157187112535
peak_071174,57,1116,1115,15762,15994,fol_57_00615,15878,1,1.8696041760407909
peak_071182,57,1124,1123,15904,16214,fol_57_00623,16059,1,2.077176652327676
peak_071211,57,1166,1167,16661,16801,fol_57_00652,16731,1,1.991209499365285
peak_071222,57,1183,1180,16726,16966,fol_57_00663,16846,1,1.7426069242307316
peak_071229,57,1193,1191,16851,17028,fol_57_00670,16940,1,3.141899720214207
peak_071230,57,1201,1197,17044,17295,fol_57_00671,17170,1,2.410828269453622
peak_071241,57,1222,1221,17323,17549,fol_57_00682,17436,1,2.260412462927364
peak_071249,57,1243,1240,17607,17852,fol_57_00690,17730,1,1.7529101873052284
peak_071255,57,1256,1252,17793,18012,fol_57_00696,17903,1,2.300822920097691
peak_071256,57,1257,1256,17775,18032,fol_57_00697,17904,1,1.8448001757257768
peak_071291,57,1314,1313,18530,18808,fol_57_00732,18669,1,2.2196377686128788
peak_071324,57,1365,1362,19282,19531,fol_57_00765,19407,1,1.8763306937316504
peak_071334,57,1387,1385,19625,19889,fol_57_00775,19757,1,2.00768593082486
peak_071338,57,1394,1391,19677,20004,fol_57_00779,19841,1,1.768772512932086
peak_071343,57,1402,1399,19756,20077,fol_57_00784,19917,1,1.9378270297861635
peak_071369,57,1446,1443,20235,20521,fol_57_00810,20378,1,2.564745677247451
peak_071375,57,1454,1451,20312,20584,fol_57_00816,20448,1,2.8844226491618867
peak_071387,57,1470,1468,20563,20792,fol_57_00828,20678,1,3.120751428180076
peak_071391,57,1478,1476,20692,20934,fol_57_00832,20813,1,2.730266464981061
peak_071426,57,1550,1546,21605,21781,fol_57_00867,21693,1,4.20480393501786
peak_071438,57,1575,1572,21935,22223,fol_57_00879,22079,1,2.4567054223365865
peak_071450,57,1593,1588,22156,22442,fol_57_00891,22299,1,2.13260982044718
peak_071467,57,1614,1613,22496,22717,fol_57_00908,22607,1,2.12970506823199
peak_071469,57,1616,1612,22448,22714,fol_57_00910,22581,1,2.060225988397251
peak_071479,57,1628,1626,22651,22868,fol_57_00920,22760,1,1.7905451273416997
peak_071483,57,1632,1630,22633,22813,fol_57_00924,22723,1,2.3560045011851103
peak_071491,57,1653,1649,22924,23290,fol_57_00932,23107,1,2.712560512877806
peak_071537,57,1737,1732,24118,24436,fol_57_00978,24277,1,5.772491932564559
peak_071558,57,1773,1771,24663,24939,fol_57_00999,24801,1,2.467159916328629
peak_071563,57,1780,1777,24840,25015,fol_57_01004,24928,1,1.8640933237697537
peak_071588,57,1815,1814,25159,25428,fol_57_01029,25294,1,2.028815360542323
peak_071598,57,1843,1838,25573,25869,fol_57_01039,25721,1,3.3294837945207347
peak_071599,57,1844,1841,25577,25822,fol_57_01040,25700,1,2.7134554388827903
peak_071618,57,1868,1866,25855,26103,fol_57_01059,25979,1,1.751582775071596
peak_071676,58,71,64,792,1075,fol_58_00033,934,1,1.9393234947814435
peak_071688,58,84,81,795,1136,fol_58_00045,966,1,1.9719423531273872
peak_071692,58,88,85,824,1135,fol_58_00049,980,1,1.7200223418865643
peak_071693,58,89,87,833,1057,fol_58_00050,945,1,1.822722372887981
peak_071712,58,113,110,1088,1440,fol_58_00069,1264,1,2.151918649625293
peak_071718,58,125,124,1217,1461,fol_58_00075,1339,1,1.8331913445802024
peak_071720,58,128,127,1295,1553,fol_58_00077,1424,1,2.0771729948559225
peak_071729,58,141,138,1466,1745,fol_58_00086,1606,1,1.9486171452141177
peak_071739,58,154,152,1573,1846,fol_58_00096,1710,1,1.7935947287400609
peak_071751,58,169,166,1742,2018,fol_58_00108,1880,1,1.716298636428134
peak_071762,58,184,181,1886,2129,fol_58_00119,2008,1,2.4087793738558942
peak_071779,58,214,211,2404,2720,fol_58_00136,2562,1,1.8580034610867069
peak_071807,58,246,240,2870,3149,fol_58_00164,3010,1,2.9776824306204768
peak_071809,58,250,251,2934,3160,fol_58_00166,3047,1,2.034257127443228
peak_071816,58,264,259,3124,3359,fol_58_00173,3242,1,4.056360551471321
peak_071819,58,272,271,3246,3549,fol_58_00176,3398,1,2.3460697874013845
peak_071836,58,300,293,3732,4004,fol_58_00193,3868,1,2.2597671450144743
peak_071844,58,309,304,3742,3972,fol_58_00201,3857,1,6.213845502543867
peak_071845,58,310,303,3757,3925,fol_58_00202,3841,1,2.992019577749466
peak_071868,58,342,337,4238,4392,fol_58_00225,4315,1,1.9933703142817016
peak_071870,58,345,341,4248,4549,fol_58_00227,4399,1,1.9899408237011569
peak_071901,58,396,391,5208,5414,fol_58_00258,5311,1,3.59873561644068
peak_071920,58,424,421,5558,5823,fol_58_00277,5691,1,2.0611660916022267
peak_071929,58,441,440,5898,6190,fol_58_00286,6044,1,2.484917492508019
peak_071946,58,472,471,6392,6549,fol_58_00303,6471,1,2.817354738069818
peak_071947,58,473,465,6398,6614,fol_58_00304,6506,1,1.7775340135542057
peak_071981,58,527,521,6972,7120,fol_58_00338,7046,1,2.0173230519187357
peak_072022,58,595,593,8109,8397,fol_58_00379,8253,1,1.738893794128724
peak_072034,58,608,604,8250,8496,fol_58_00391,8373,1,1.8699785022869209
peak_072038,58,614,610,8312,8556,fol_58_00395,8434,1,1.8086353343478472
peak_072044,58,624,620,8430,8607,fol_58_00401,8519,1,1.9368375107961084
peak_072068,58,663,660,8997,9206,fol_58_00425,9102,1,1.9611567339032303
peak_072085,58,693,689,9417,9703,fol_58_00442,9560,1,2.103032812055868
peak_072097,59,11,25,2,203,fol_59_00003,103,1,1.7464733891939896
peak_072099,59,14,11,1,230,fol_59_00005,116,1,1.711963064647311
peak_072121,59,65,56,545,674,fol_59_00027,610,1,3.132854020806919
peak_072133,59,86,82,886,1200,fol_59_00039,1043,1,2.540634604849691
peak_072134,59,87,85,901,1132,fol_59_00040,1017,1,1.8529370539029748
peak_072170,59,140,136,1611,1771,fol_59_00076,1691,1,1.888210945276004
peak_072179,59,149,148,1753,2068,fol_59_00085,1911,1,3.2447290599317973
peak_072197,59,180,183,2615,2881,fol_59_00103,2748,1,1.9562431948138652
peak_072201,59,188,185,2502,2674,fol_59_00107,2588,1,2.34605267814499
peak_072220,59,218,216,2993,3235,fol_59_00126,3114,1,2.55694188032729
peak_072222,59,222,221,3039,3292,fol_59_00128,3166,1,1.9931613285493108
peak_072238,59,247,252,3736,3884,fol_59_00144,3810,1,1.7585786826549683
peak_072241,59,250,248,3558,3695,fol_59_00147,3627,1,2.042773809385248
peak_072249,59,280,276,4104,4270,fol_59_00155,4187,1,1.9425802305971516
peak_072258,59,290,287,4271,4539,fol_59_00164,4405,1,2.848235521522321
peak_072259,59,291,289,4294,4488,fol_59_00165,4391,1,2.0586859106328985
peak_072265,59,308,306,4648,4828,fol_59_00171,4738,1,1.9349258683680848
peak_072266,59,309,304,4652,4818,fol_59_00172,4735,1,3.4631356817381684
peak_072285,59,337,335,5098,5329,fol_59_00191,5214,1,2.1572823635183456
peak_072332,59,435,434,6964,7212,fol_59_00238,7088,1,3.3449454632264666
peak_072340,59,450,449,7204,7467,fol_59_00246,7336,1,2.3007620319048856
peak_072352,59,469,466,7458,7674,fol_59_00258,7566,1,3.036834468245283
peak_072392,59,541,539,8588,8810,fol_59_00298,8699,1,4.558631483285554
peak_072407,59,572,570,9116,9460,fol_59_00313,9288,1,1.8562711884573624
peak_072411,59,577,575,9192,9371,fol_59_00317,9282,1,2.6808362970456465
peak_072427,59,599,598,9473,9806,fol_59_00333,9640,1,2.201956366777255
peak_072428,59,600,599,9490,9824,fol_59_00334,9657,1,1.7612649120515025
peak_072447,59,631,628,9762,10100,fol_59_00353,9931,1,1.81295832395276
peak_072458,59,648,647,10109,10383,fol_59_00364,10246,1,3.671403058712238
peak_072470,59,668,666,10468,10644,fol_59_00376,10556,1,3.937828396948377
peak_072492,59,703,700,10998,11176,fol_59_00398,11087,1,1.7847691668612935
peak_072495,59,709,707,11117,11362,fol_59_00401,11240,1,1.858622734875877
peak_072498,59,713,712,11165,11362,fol_59_00404,11264,1,1.8560085463695344
peak_072500,59,716,714,11204,11362,fol_59_00406,11283,1,2.5211189674449583
peak_072519,60,44,41,331,510,fol_60_00019,421,1,2.2372107446012
peak_072550,60,99,96,1253,1517,fol_60_00050,1385,1,1.8919760585550247
peak_072566,60,120,119,1591,1889,fol_60_00066,1740,1,1.8665393295792003
peak_072588,60,157,155,2099,2353,fol_60_00088,2226,1,2.0981400814796687
peak_072599,60,174,172,2348,2634,fol_60_00099,2491,1,1.7883750809956964
peak_072608,60,193,190,2661,2998,fol_60_00108,2830,1,3.0580125120499035
peak_072616,60,210,206,2809,3064,fol_60_00116,2937,1,2.0293459914299943
peak_072645,60,266,261,3696,3897,fol_60_00145,3797,1,1.71977264146124
peak_072656,60,284,285,4032,4191,fol_60_00156,4112,1,1.870312874802293
peak_072677,60,314,312,4346,4646,fol_60_00177,4496,1,1.7029261984554662
peak_072683,60,321,319,4446,4661,fol_60_00183,4554,1,3.748508365198709
peak_072689,60,334,330,4668,4884,fol_60_00189,4776,1,2.3485331091308
peak_072708,60,368,367,5220,5363,fol_60_00208,5292,1,2.547467683922125
peak_072713,60,373,371,5330,5682,fol_60_00213,5506,1,1.717154918913009
peak_072718,60,380,378,5455,5686,fol_60_00218,5571,1,2.3190175722544653
peak_072719,60,381,380,5470,5703,fol_60_00219,5587,1,2.505872134016633
peak_072736,60,413,412,6180,6476,fol_60_00236,6328,1,1.9038725611856864
peak_072737,60,416,413,6219,6422,fol_60_00237,6321,1,2.2143284088847155
peak_072747,60,427,423,6437,6579,fol_60_00247,6508,1,3.1306492996599222
peak_072768,60,462,460,6885,7158,fol_60_00268,7022,1,2.3290877937412287
peak_072780,60,483,481,7266,7506,fol_60_00280,7386,1,2.9151462707835334
peak_072791,60,501,499,7494,7800,fol_60_00291,7647,1,2.528810667746573
peak_072807,60,527,525,8005,8263,fol_60_00307,8134,1,2.9425823127957385
peak_072830,60,561,560,8610,8791,fol_60_00330,8701,1,3.797688222479451
peak_072839,60,577,576,8857,9116,fol_60_00339,8987,1,2.0747490398892774
peak_072854,60,598,596,9303,9622,fol_60_00354,9463,1,1.895693614792076
peak_072860,60,607,605,9489,9751,fol_60_00360,9620,1,1.919463911557155
peak_072868,60,623,616,9715,9927,fol_60_00368,9821,1,4.856510138047536
peak_072870,60,626,624,9815,10105,fol_60_00370,9960,1,2.6730632838386823
peak_072901,60,686,685,10747,11051,fol_60_00401,10899,1,3.8751334802310575
peak_072904,60,694,696,10887,11146,fol_60_00404,11017,1,2.504618302256456
peak_072929,60,736,735,11674,11847,fol_60_00429,11761,1,2.029614621126065
peak_072933,60,746,742,11826,11985,fol_60_00433,11906,1,2.211394272398018
peak_072937,60,753,750,11919,12157,fol_60_00437,12038,1,1.7782041493491785
peak_072938,60,755,753,11935,12175,fol_60_00438,12055,1,2.04759054996892
peak_072948,60,765,763,12155,12434,fol_60_00448,12295,1,2.4733803029160737
peak_072968,60,806,804,12915,13174,fol_60_00468,13045,1,1.9858516214013149
peak_072974,60,814,811,13127,13254,fol_60_00474,13191,1,2.374824425179665
peak_073004,60,867,866,14111,14458,fol_60_00504,14285,1,1.813662299708088
peak_073012,60,883,881,14431,14660,fol_60_00512,14546,1,2.708632129716493
peak_073018,60,895,892,14607,14907,fol_60_00518,14757,1,2.3969502444034423
peak_073033,60,919,916,14964,15166,fol_60_00533,15065,1,2.84342321030807
peak_073037,60,927,923,15018,15160,fol_60_00537,15089,1,2.464688626925505
peak_073049,60,950,949,15484,15623,fol_60_00549,15554,1,2.755158839810615
peak_073050,60,950,949,15637,15791,fol_60_00550,15714,1,2.644834103459383
peak_073085,60,1016,1015,16786,16923,fol_60_00585,16855,1,5.598216735016487
peak_073087,60,1019,1013,16845,17099,fol_60_00587,16972,1,1.8390742813439205
peak_073089,60,1022,1020,16845,17088,fol_60_00589,16967,1,1.717344620040408
peak_073090,60,1023,1021,16855,17136,fol_60_00590,16996,1,2.241268847983417
peak_073104,60,1055,1053,17393,17662,fol_60_00604,17528,1,1.932192020460753
peak_073116,60,1080,1079,17720,17989,fol_60_00616,17855,1,2.0172846040402006
peak_073122,60,1088,1085,17800,18078,fol_60_00622,17939,1,1.879112913137574
peak_073129,60,1097,1092,18023,18238,fol_60_00629,18131,1,2.2854519622898697
peak_073130,60,1098,1096,17985,18270,fol_60_00630,18128,1,2.552608754659466
peak_073131,60,1101,1099,18002,18241,fol_60_00631,18122,1,2.667601473722281
peak_073141,60,1126,1123,18393,18645,fol_60_00641,18519,1,2.0270974339904866
peak_073152,60,1146,1144,18766,18977,fol_60_00652,18872,1,2.678614861040186
peak_073200,60,1246,1245,20553,20875,fol_60_00700,20714,1,1.8670667489744797
peak_073202,60,1249,1248,20578,20860,fol_60_00702,20719,1,2.200393949240048
peak_073210,60,1261,1258,20774,21096,fol_60_00710,20935,1,2.1015159762523425
peak_073223,60,1285,1284,20994,21320,fol_60_00723,21157,1,2.0295184681838627
peak_073230,60,1297,1294,21155,21424,fol_60_00730,21290,1,2.2317051094847797
peak_073236,60,1307,1302,21264,21699,fol_60_00736,21482,1,2.1490143214746844
peak_073268,60,1370,1369,22396,22576,fol_60_00768,22486,1,2.164909310641184
peak_073311,60,1448,1447,23710,23983,fol_60_00811,23847,1,4.015590622562857
peak_073318,60,1454,1452,23779,24001,fol_60_00818,23890,1,3.1759209276564717
