{
  "split": "val",
  "mode": "compare",
  "num_contexts": 128,
  "metrics": {
    "prior_collision_rate": 0.0,
    "prior_valid_collision_rate": 0.0,
    "prior_invalid_collision_rate": 0.0,
    "prior_near_collision_rate": 0.0,
    "prior_hard_brake_rate": 0.6171875,
    "prior_min_ttc_mean": 558.9654891822053,
    "prior_min_ttc_p05": 12.984468608953048,
    "prior_min_gap_mean": 78.42880011454331,
    "prior_min_gap_p05": 25.143389415740963,
    "prior_min_rss_margin_mean": -23.298118632361575,
    "prior_min_rss_margin_p05": -81.69994077825547,
    "prior_prior_kl_mean": 0.0,
    "prior_prior_kl_p95": 0.0,
    "prior_guidance_norm_mean": 0.0,
    "prior_guidance_norm_p95": 0.0,
    "prior_lead_accel_mean": -0.04840872892203915,
    "prior_lead_accel_std": 0.04755237530570618,
    "prior_lead_accel_min": -0.517226610230282,
    "prior_lead_accel_max": 0.34265269003249693,
    "prior_lead_jerk_abs_mean": 0.5460306973407569,
    "prior_lead_jerk_abs_max": 2.370523238182068,
    "prior_lead_speed_mean": 33.696736863330784,
    "prior_action_clip_rate": 0.0,
    "prior_jerk_violation_rate": 0.0,
    "prior_speed_negative_rate": 0.0,
    "guided_collision_rate": 0.0,
    "guided_valid_collision_rate": 0.0,
    "guided_invalid_collision_rate": 0.0,
    "guided_near_collision_rate": 0.0,
    "guided_hard_brake_rate": 0.6171875,
    "guided_min_ttc_mean": 558.9596963282238,
    "guided_min_ttc_p05": 12.98619578666387,
    "guided_min_gap_mean": 78.42752541171919,
    "guided_min_gap_p05": 25.143389415740963,
    "guided_min_rss_margin_mean": -23.288563764343117,
    "guided_min_rss_margin_p05": -81.70074339056015,
    "guided_prior_kl_mean": 0.011007554148818599,
    "guided_prior_kl_p95": 0.015087051875889297,
    "guided_guidance_norm_mean": 5.987992376089096,
    "guided_guidance_norm_p95": 7.099563145637512,
    "guided_lead_accel_mean": -0.058470348247999196,
    "guided_lead_accel_std": 0.04502673957365833,
    "guided_lead_accel_min": -0.4502692353371531,
    "guided_lead_accel_max": 0.2900635804990307,
    "guided_lead_jerk_abs_mean": 0.5615666180405243,
    "guided_lead_jerk_abs_max": 2.624293220043181,
    "guided_lead_speed_mean": 33.68806374355643,
    "guided_action_clip_rate": 0.0,
    "guided_jerk_violation_rate": 0.0,
    "guided_speed_negative_rate": 0.0,
    "real_vs_prior_min_gap_wasserstein": 1.9285614293079307,
    "real_vs_prior_final_gap_wasserstein": 5.6276756057487765,
    "real_vs_prior_lead_accel_wasserstein": 0.014621362754692608,
    "real_vs_prior_lead_jerk_abs_wasserstein": 0.4841684498721574,
    "real_vs_prior_min_ttc_ks": 0.1171875,
    "real_vs_guided_min_gap_wasserstein": 1.9272867264838158,
    "real_vs_guided_final_gap_wasserstein": 5.613071021427121,
    "real_vs_guided_lead_accel_wasserstein": 0.01601496699794299,
    "real_vs_guided_lead_jerk_abs_wasserstein": 0.4997043705719247,
    "real_vs_guided_min_ttc_ks": 0.1171875,
    "prior_kl_mean": 0.011007554148818599,
    "guidance_norm_mean": 5.987992376089096,
    "recorded_future": {
      "available": 1.0,
      "num_contexts": 128.0,
      "real_collision_rate": 0.0,
      "real_near_collision_rate": 0.0,
      "real_min_gap_mean": 76.50140637159348,
      "real_min_gap_std": 46.57427651642092,
      "real_min_gap_min": 23.539987564086914,
      "real_min_gap_max": 229.55999755859375,
      "real_min_gap_p05": 24.743996810913085,
      "real_min_gap_p95": 154.66699447631834,
      "real_final_gap_mean": 78.95218819379807,
      "real_final_gap_std": 47.93895866006396,
      "real_final_gap_min": 23.610010147094727,
      "real_final_gap_max": 229.55999755859375,
      "real_final_gap_p05": 25.44050531387329,
      "real_final_gap_p95": 162.86599349975583,
      "real_min_ttc_mean": 491.64435709640384,
      "real_min_ttc_std": 479.6297909024211,
      "real_min_ttc_min": 7.408039093017578,
      "real_min_ttc_max": 1000.0,
      "real_min_ttc_p05": 11.059752273559571,
      "real_min_ttc_p95": 1000.0,
      "real_lead_speed_mean": 33.74224064141512,
      "real_lead_speed_std": 3.552515619389062,
      "real_lead_speed_min": 24.280000686645508,
      "real_lead_speed_max": 42.83000183105469,
      "real_lead_speed_p05": 25.09000015258789,
      "real_lead_speed_p95": 37.959999084472656,
      "real_lead_accel_mean": -0.055190625278337395,
      "real_lead_accel_std": 0.19363309745501506,
      "real_lead_accel_min": -0.7300000190734863,
      "real_lead_accel_max": 0.3700000047683716,
      "real_lead_accel_p05": -0.3400000035762787,
      "real_lead_accel_p95": 0.23000000417232513,
      "real_lead_jerk_abs_mean": 0.06186224746859956,
      "real_lead_jerk_abs_std": 0.1122285964756337,
      "real_lead_jerk_abs_min": 0.0,
      "real_lead_jerk_abs_max": 0.5000010132789612,
      "real_lead_jerk_abs_p05": 0.0,
      "real_lead_jerk_abs_p95": 0.25000014901161194
    },
    "prior_raw": {
      "reward_mean": 0.9341955257840016,
      "reward_p05": 0.0,
      "reward_p95": 1.5,
      "prior_kl_mean": 0.0,
      "prior_kl_p05": 0.0,
      "prior_kl_p95": 0.0,
      "guidance_norm_mean": 0.0,
      "guidance_norm_p05": 0.0,
      "guidance_norm_p95": 0.0,
      "collision_mean": 0.0,
      "collision_p05": 0.0,
      "collision_p95": 0.0,
      "collision_valid_mean": 0.0,
      "collision_valid_p05": 0.0,
      "collision_valid_p95": 0.0,
      "invalid_collision_mean": 0.0,
      "invalid_collision_p05": 0.0,
      "invalid_collision_p95": 0.0,
      "invalid_initial_context_mean": 0.0,
      "invalid_initial_context_p05": 0.0,
      "invalid_initial_context_p95": 0.0,
      "initial_gap_mean": 79.9280479811132,
      "initial_gap_p05": 25.165005207061768,
      "initial_gap_p95": 156.83851048946377,
      "min_ttc_mean": 558.9654891822053,
      "min_ttc_p05": 12.984468608953048,
      "min_ttc_p95": 1000.0,
      "min_gap_mean": 78.42880011454331,
      "min_gap_p05": 25.143389415740963,
      "min_gap_p95": 154.6591713941097,
      "final_gap_mean": 84.53430318448648,
      "final_gap_p05": 33.7111028690903,
      "final_gap_p95": 163.26002122702567,
      "min_rss_margin_mean": -23.298118632361575,
      "min_rss_margin_p05": -81.69994077825547,
      "min_rss_margin_p95": 91.39930901950139,
      "min_ego_accel_mean": -4.308267674040616,
      "min_ego_accel_p05": -6.0,
      "min_ego_accel_p95": -0.23742231898137023,
      "near_collision_mean": 0.0,
      "near_collision_p05": 0.0,
      "near_collision_p95": 0.0,
      "hard_brake_mean": 0.6171875,
      "hard_brake_p05": 0.0,
      "hard_brake_p95": 1.0,
      "lead_physics_penalty_mean": 0.0,
      "lead_physics_penalty_p05": 0.0,
      "lead_physics_penalty_p95": 0.0,
      "lead_accel_mean_mean": -0.04840872892203915,
      "lead_accel_mean_p05": -0.3111335464588366,
      "lead_accel_mean_p95": 0.23913414476713135,
      "lead_accel_std_mean": 0.04755237530570618,
      "lead_accel_std_p05": 0.023015691121046556,
      "lead_accel_std_p95": 0.12893599087919344,
      "lead_accel_min_mean": -0.14194453147327296,
      "lead_accel_min_p05": -0.517226610230282,
      "lead_accel_min_p95": 0.10635807654447846,
      "lead_accel_max_mean": 0.05003681607820908,
      "lead_accel_max_p05": -0.19618016273248945,
      "lead_accel_max_p95": 0.34265269003249693,
      "lead_jerk_mean_mean": 0.011851528985571349,
      "lead_jerk_mean_p05": -0.081156773080118,
      "lead_jerk_mean_p95": 0.12733046204783016,
      "lead_jerk_std_mean": 0.6990374259909222,
      "lead_jerk_std_p05": 0.5235339281178008,
      "lead_jerk_std_p95": 0.8721233616432652,
      "lead_jerk_min_mean": -1.4980738903395832,
      "lead_jerk_min_p05": -1.9278206765651702,
      "lead_jerk_min_p95": -1.1187136352062226,
      "lead_jerk_max_mean": 1.5771850165911019,
      "lead_jerk_max_p05": 1.1060059726238252,
      "lead_jerk_max_p95": 2.2557195663452134,
      "lead_jerk_abs_mean_mean": 0.5460306973407569,
      "lead_jerk_abs_mean_p05": 0.342261988772545,
      "lead_jerk_abs_mean_p95": 0.7150836301883683,