{
  "split": "val",
  "mode": "compare",
  "num_contexts": 128,
  "metrics": {
    "prior_collision_rate": 0.0,
    "prior_valid_collision_rate": 0.0,
    "prior_invalid_collision_rate": 0.0,
    "prior_near_collision_rate": 0.0,
    "prior_hard_brake_rate": 0.6171875,
    "prior_min_ttc_mean": 558.9939179130572,
    "prior_min_ttc_p05": 12.982196824949217,
    "prior_min_gap_mean": 78.42852212736804,
    "prior_min_gap_p05": 25.143389415740963,
    "prior_min_rss_margin_mean": 76.27545975080946,
    "prior_min_rss_margin_p05": 25.143389415740963,
    "prior_prior_kl_mean": 0.0,
    "prior_prior_kl_p95": 0.0,
    "prior_guidance_norm_mean": 0.0,
    "prior_guidance_norm_p95": 0.0,
    "prior_lead_accel_mean": -0.05955434950963244,
    "prior_lead_accel_std": 0.04489293186318541,
    "prior_lead_accel_min": -0.4669582433924078,
    "prior_lead_accel_max": 0.3390785007961092,
    "prior_lead_jerk_abs_mean": 0.560039314966707,
    "prior_lead_jerk_abs_max": 2.7562773466110224,
    "prior_lead_speed_mean": 33.68718705524775,
    "prior_action_clip_rate": 0.0,
    "prior_jerk_violation_rate": 0.0,
    "prior_speed_negative_rate": 0.0,
    "guided_collision_rate": 0.0,
    "guided_valid_collision_rate": 0.0,
    "guided_invalid_collision_rate": 0.0,
    "guided_near_collision_rate": 0.0,
    "guided_hard_brake_rate": 0.6171875,
    "guided_min_ttc_mean": 558.9939177995373,
    "guided_min_ttc_p05": 12.982196837518455,
    "guided_min_gap_mean": 78.42851937530827,
    "guided_min_gap_p05": 25.143389415740963,
    "guided_min_rss_margin_mean": 76.2754489060821,
    "guided_min_rss_margin_p05": 25.143389415740963,
    "guided_prior_kl_mean": 5.495427893853488e-07,
    "guided_prior_kl_p95": 1.401636126274752e-06,
    "guided_guidance_norm_mean": 0.03794887391268276,
    "guided_guidance_norm_p95": 0.06741317063570021,
    "guided_lead_accel_mean": -0.059540825374110144,
    "guided_lead_accel_std": 0.04490639723870825,
    "guided_lead_accel_min": -0.46697101149149245,
    "guided_lead_accel_max": 0.3390269144345072,
    "guided_lead_jerk_abs_mean": 0.5600302528804605,
    "guided_lead_jerk_abs_max": 2.756518101692199,
    "guided_lead_speed_mean": 33.68719659022233,
    "guided_action_clip_rate": 0.0,
    "guided_jerk_violation_rate": 0.0,
    "guided_speed_negative_rate": 0.0,
    "reward_delta_mean": 1.592173441700151e-10,
    "rss_reward_delta_mean": 0.0,
    "gap_reward_delta_mean": 5.888244752894067e-12,
    "ttc_reward_delta_mean": 1.5332909941712103e-10,
    "min_rss_margin_delta_mean": -1.0844727356129624e-05,
    "min_gap_delta_mean": -2.7520597711827577e-06,
    "min_ttc_delta_mean": -1.135199454438407e-07,
    "action_clip_rate_delta_mean": 0.0,
    "jerk_violation_rate_delta_mean": 0.0,
    "speed_negative_rate_delta_mean": 0.0,
    "lead_physics_penalty_delta_mean": 0.0,
    "prior_kl_per_plan_delta_mean": 5.495427893853488e-07,
    "guidance_norm_per_plan_delta_mean": 0.03794887391268276,
    "real_vs_prior_min_gap_wasserstein": 1.928283442132666,
    "real_vs_prior_final_gap_wasserstein": 5.610373224143022,
    "real_vs_prior_lead_accel_wasserstein": 0.010391182069212667,
    "real_vs_prior_lead_jerk_abs_wasserstein": 0.016020401363493874,
    "real_vs_prior_min_ttc_ks": 0.1171875,
    "real_vs_guided_min_gap_wasserstein": 1.9282806900728695,
    "real_vs_guided_final_gap_wasserstein": 5.610390679282668,
    "real_vs_guided_lead_accel_wasserstein": 0.010399248251511017,
    "real_vs_guided_lead_jerk_abs_wasserstein": 0.015988856280091567,
    "real_vs_guided_min_ttc_ks": 0.1171875,
    "prior_kl_mean": 5.495427893853488e-07,
    "guidance_norm_mean": 0.03794887391268276,
    "recorded_future": {
      "available": 1.0,
      "num_contexts": 128.0,
      "real_collision_rate": 0.0,
      "real_near_collision_rate": 0.0,
      "real_min_gap_mean": 76.50140637159348,
      "real_min_gap_std": 46.57427651642092,
      "real_min_gap_min": 23.539987564086914,
      "real_min_gap_max": 229.55999755859375,
      "real_min_gap_p05": 24.743996810913085,
      "real_min_gap_p95": 154.66699447631834,
      "real_final_gap_mean": 78.95218819379807,
      "real_final_gap_std": 47.93895866006396,
      "real_final_gap_min": 23.610010147094727,
      "real_final_gap_max": 229.55999755859375,
      "real_final_gap_p05": 25.44050531387329,
      "real_final_gap_p95": 162.86599349975583,
      "real_min_ttc_mean": 491.64435709640384,
      "real_min_ttc_std": 479.6297909024211,
      "real_min_ttc_min": 7.408039093017578,
      "real_min_ttc_max": 1000.0,
      "real_min_ttc_p05": 11.059752273559571,
      "real_min_ttc_p95": 1000.0,
      "real_lead_speed_mean": 33.74224064141512,
      "real_lead_speed_std": 3.552515619389062,
      "real_lead_speed_min": 24.280000686645508,
      "real_lead_speed_max": 42.83000183105469,
      "real_lead_speed_p05": 25.09000015258789,
      "real_lead_speed_p95": 37.959999084472656,
      "real_lead_accel_mean": -0.058973973076499535,
      "real_lead_accel_std": 0.19827426357369973,
      "real_lead_accel_min": -0.807600736618042,
      "real_lead_accel_max": 0.3941687047481537,
      "real_lead_accel_p05": -0.3684963479638099,
      "real_lead_accel_p95": 0.23010864853858948,
      "real_lead_jerk_abs_mean": 0.5526576191186905,
      "real_lead_jerk_abs_std": 0.4542257372123416,
      "real_lead_jerk_abs_min": 0.0,
      "real_lead_jerk_abs_max": 4.818439483642578,
      "real_lead_jerk_abs_p05": 0.0,
      "real_lead_jerk_abs_p95": 1.3780593872070312
    },
    "prior_raw": {
      "reward_mean": 0.016964790113202722,
      "reward_p05": 0.0,
      "reward_p95": 0.10450899530017581,
      "prior_kl_mean": 0.0,
      "prior_kl_p05": 0.0,
      "prior_kl_p95": 0.0,
      "guidance_norm_mean": 0.0,
      "guidance_norm_p05": 0.0,
      "guidance_norm_p95": 0.0,
      "collision_mean": 0.0,
      "collision_p05": 0.0,
      "collision_p95": 0.0,
      "collision_valid_mean": 0.0,
      "collision_valid_p05": 0.0,
      "collision_valid_p95": 0.0,
      "invalid_collision_mean": 0.0,
      "invalid_collision_p05": 0.0,
      "invalid_collision_p95": 0.0,
      "invalid_initial_context_mean": 0.0,
      "invalid_initial_context_p05": 0.0,
      "invalid_initial_context_p95": 0.0,
      "initial_gap_mean": 79.9280479811132,
      "initial_gap_p05": 25.165005207061768,
      "initial_gap_p95": 156.83851048946377,
      "min_ttc_mean": 558.9939179130572,
      "min_ttc_p05": 12.982196824949217,
      "min_ttc_p95": 1000.0,
      "min_gap_mean": 78.42852212736804,
      "min_gap_p05": 25.143389415740963,
      "min_gap_p95": 154.6591713941097,
      "final_gap_mean": 84.51747564396038,
      "final_gap_p05": 33.576853492549695,
      "final_gap_p95": 163.34392480898074,
      "min_rss_margin_mean": 76.27545975080946,
      "min_rss_margin_p05": 25.143389415740963,
      "min_rss_margin_p95": 154.6591713941097,
      "min_ego_accel_mean": -4.308267674040616,
      "min_ego_accel_p05": -6.0,
      "min_ego_accel_p95": -0.23742231898137023,
      "near_collision_mean": 0.0,
      "near_collision_p05": 0.0,
      "near_collision_p95": 0.0,
      "hard_brake_mean": 0.6171875,
      "hard_brake_p05": 0.0,
      "hard_brake_p95": 1.0,
      "lead_physics_penalty_mean": 0.0,
      "lead_physics_penalty_p05": 0.0,
      "lead_physics_penalty_p95": 0.0,
      "lead_accel_mean_mean": -0.05955434950963244,
      "lead_accel_mean_p05": -0.3324766063841619,
      "lead_accel_mean_p95": 0.22490658592406634,
      "lead_accel_std_mean": 0.04489293186318541,
      "lead_accel_std_p05": 0.023010194219314255,
      "lead_accel_std_p95": 0.10711519435740526,
      "lead_accel_min_mean": -0.1486520049071987,
      "lead_accel_min_p05": -0.4669582433924078,
      "lead_accel_min_p95": 0.10492829210311169,
      "lead_accel_max_mean": 0.035138681567768795,
      "lead_accel_max_p05": -0.22350478977337482,
      "lead_accel_max_p95": 0.3390785007961092,
      "lead_jerk_mean_mean": 0.006527533060580027,
      "lead_jerk_mean_p05": -0.09560683122836053,