{
  "checkpoint": "/home/hp/TREAD/data/diffusion_natural/following/checkpoints/best.pt",
  "split": "val",
  "num_samples": 512,
  "action_representation": "jerk",
  "sections": {
    "validation": {
      "val_loss": 0.24629344456335586,
      "val_noise_mse": 0.19733968158707033,
      "val_x0_l1": 0.41408654155471314,
      "val_smooth": 0.7545107783101089
    },
    "action_distribution": {
      "real_ax_mean": -0.040112193714958264,
      "real_ax_std": 0.34911916874140714,
      "real_ax_p05": -0.6543558686971664,
      "real_ax_p50": 0.015054777264595032,
      "real_ax_p95": 0.421049028635025,
      "gen_ax_mean": -0.044718198370868836,
      "gen_ax_std": 0.3471673105719196,
      "gen_ax_p05": -0.6398733586072922,
      "gen_ax_p50": 0.008209099993109703,
      "gen_ax_p95": 0.3948623478412623,
      "real_jerk_mean": -0.0006572502106428147,
      "real_jerk_std": 0.7879857286560911,
      "real_jerk_p05": -1.2421607971191406,
      "real_jerk_p50": 0.0,
      "real_jerk_p95": 1.2433528900146484,
      "gen_jerk_mean": -0.008566728977621096,
      "gen_jerk_std": 0.7374869274336601,
      "gen_jerk_p05": -1.1385336995124817,
      "gen_jerk_p50": -0.004328829236328602,
      "gen_jerk_p95": 1.143328422307968,
      "ax_wasserstein": 0.009723541033421554,
      "jerk_wasserstein": 0.057171432043996905,
      "ax_ks": 0.026484374999999893,
      "jerk_ks": 0.14875,
      "ax_histogram_l1": 0.13000000000000017,
      "jerk_histogram_l1": 0.13234374999999998
    },
    "physical_feasibility": {
      "action_clip_rate": 0.0,
      "speed_negative_rate": 0.0,
      "jerk_violation_rate": 7.8125e-05,
      "ax_violation_rate": 0.0,
      "trajectory_discontinuity_rate": 0.0
    },
    "trajectory_naturalness": {
      "real_lead_speed_mean": 33.63165286853909,
      "real_lead_speed_std": 4.836221940854648,
      "real_lead_speed_p05": 24.741136837005616,
      "real_lead_speed_p50": 34.00150489807129,
      "real_lead_speed_p95": 41.57397575378418,
      "gen_lead_speed_mean": 33.62880262903869,
      "gen_lead_speed_std": 4.840047738977679,
      "gen_lead_speed_p05": 24.72490463256836,
      "gen_lead_speed_p50": 33.98893928527832,
      "gen_lead_speed_p95": 41.62199459075928,
      "real_gap_mean": 62.154136149287226,
      "real_gap_std": 43.41878347311635,
      "real_gap_p05": 16.85483694076538,
      "real_gap_p50": 48.70794868469238,
      "real_gap_p95": 149.64545898437493,
      "gen_gap_mean": 62.15289641458541,
      "gen_gap_std": 43.41984545801268,
      "gen_gap_p05": 16.849850273132326,
      "gen_gap_p50": 48.73972702026367,
      "gen_gap_p95": 149.64965896606438,
      "real_lead_final_speed_mean": 33.59012717753649,
      "real_lead_final_speed_std": 4.89093595549197,
      "real_lead_final_speed_p05": 24.716081142425537,
      "real_lead_final_speed_p50": 33.9746036529541,
      "real_lead_final_speed_p95": 41.69960651397705,
      "gen_lead_final_speed_mean": 33.580915220081806,
      "gen_lead_final_speed_std": 4.900524197870448,
      "gen_lead_final_speed_p05": 24.654037857055663,
      "gen_lead_final_speed_p50": 33.88955497741699,
      "gen_lead_final_speed_p95": 41.69219608306885,
      "real_lead_displacement_mean": 65.91812029480934,
      "real_lead_displacement_std": 9.470955513039547,
      "real_lead_displacement_p05": 48.50941467285156,
      "real_lead_displacement_p50": 66.64820098876953,
      "real_lead_displacement_p95": 81.43279304504395,
      "gen_lead_displacement_mean": 65.91260416805744,
      "gen_lead_displacement_std": 9.478454770263058,
      "gen_lead_displacement_p05": 48.42411117553711,
      "gen_lead_displacement_p50": 66.63521575927734,
      "gen_lead_displacement_p95": 81.48748588562012,
      "lead_speed_wasserstein": 0.015926878675818445,
      "lead_final_speed_wasserstein": 0.0548766627907753,
      "lead_displacement_wasserstein": 0.05457159876823425,
      "gap_wasserstein": 0.013200913108885288
    },
    "diversity": {
      "num_contexts": 32,
      "samples_per_context": 8,
      "sample_std_action": 0.5765405297279358,
      "sample_std_final_position": 0.07430307567119598,
      "sample_std_final_speed": 0.10492736101150513,
      "mode_collapse_indicator": 0.0
    }
  },
  "plots": [
    "/home/hp/TREAD/data/diffusion_natural/following/natural_prior_plots/ax_distribution_real_vs_generated.png",
    "/home/hp/TREAD/data/diffusion_natural/following/natural_prior_plots/jerk_distribution_real_vs_generated.png",
    "/home/hp/TREAD/data/diffusion_natural/following/natural_prior_plots/speed_distribution_real_vs_generated.png",
    "/home/hp/TREAD/data/diffusion_natural/following/natural_prior_plots/example_rollouts.png"
  ]
}