{
  "context_states": {
    "mean": [
      26.00208854675293,
      0.006955108139663935,
      30.43715476989746,
      0.007880261167883873,
      -0.01198794785887003,
      -0.0013409259263426065
    ],
    "std": [
      44.684078216552734,
      0.3440748453140259,
      6.015418529510498,
      0.14524541795253754,
      0.3613075315952301,
      0.07135310024023056
    ]
  },
  "context_features": {
    "mean": [
      30.66628646850586,
      30.495580673217773,
      0.17108196020126343,
      58.692604064941406,
      0.01729932613670826,
      -0.020568393170833588,
      -0.002120011020451784,
      -0.14280769228935242,
      -0.01552147138863802,
      -0.018447982147336006,
      0.07682440429925919,
      58.3356819152832,
      0.9942314624786377,
      3.9168598651885986,
      0.03971600905060768,
      50.0,
      12.0
    ],
    "std": [
      6.100847244262695,
      6.144651412963867,
      2.5590336322784424,
      44.673770904541016,
      0.48214298486709595,
      0.36743420362472534,
      0.365374356508255,
      2.5776901245117188,
      0.3675195574760437,
      0.3651541471481323,
      0.2671510577201843,
      44.58050537109375,
      1.7545349597930908,
      0.15330207347869873,
      0.0002845965791493654,
      1.0,
      1.0
    ]
  },
  "actions": {
    "mean": [
      0.009400226175785065
    ],
    "std": [
      0.8054792881011963
    ]
  },
  "relative_history": {
    "mean": [
      58.93320083618164,
      0.017799127846956253,
      0.17461998760700226,
      -0.015999848023056984,
      540.726318359375,
      1.916359543800354
    ],
    "std": [
      44.553287506103516,
      0.49572309851646423,
      2.548116445541382,
      0.36345183849334717,
      472.0424499511719,
      2.0141141414642334
    ]
  }
}