risk_bin,risk_percentile_min,risk_percentile_max,count,risk_raw_mean,risk_raw_p50,risk_raw_p95,action_mean,action_std,action_abs_mean,action_p05,action_p50,action_p95,ax_mean,ax_std,ax_p05,ax_p50,ax_p95,hard_brake_ratio,strong_brake_ratio,ax_clip_rate
"[0.00,0.50)",1.6403553217969602e-06,0.4999983608722687,399393,0.2659470736980438,0.26845601201057434,0.41826813220977777,0.010482585988938808,0.7921664118766785,0.5934053063392639,-1.2445449829101562,0.0,1.2445449829101562,0.034024547785520554,0.3407464921474457,-0.5,0.045490264892578125,0.5664716958999634,5.162834601507788e-05,0.001902236644107433,0.0
"[0.50,0.80)",0.5,0.7999996542930603,247892,0.5730165839195251,0.5625427663326263,0.7291552633047104,0.028608493506908417,0.7972648739814758,0.5967543125152588,-1.2433528900146484,0.0,1.2445449829101562,0.005284392274916172,0.35727253556251526,-0.5578727722167969,0.016376346349716187,0.5559266805648804,7.672696174140351e-05,0.002827440982363287,0.0
"[0.80,0.90)",0.800001323223114,0.8999990224838257,78294,0.8555741310119629,0.8485168516635895,0.9708480060100555,0.05263018235564232,0.8099856376647949,0.6027987003326416,-1.2183189392089844,0.0,1.2469291687011719,-0.03962820768356323,0.38747438788414,-0.6579151749610901,-0.02054504305124283,0.5349452495574951,0.00018238945513066135,0.005171022045112014,0.0
"[0.90,0.95)",0.9000006318092346,0.949998676776886,38018,1.1033161878585815,1.0950984954833984,1.2343750178813935,0.07551189512014389,0.8305619955062866,0.6127302050590515,-1.1360645294189453,0.0,1.3524293899536133,-0.09886682033538818,0.4282481074333191,-0.8048729121685028,-0.07096725702285767,0.5030308961868286,0.0005150192014309012,0.010840654426850439,9.995265400599716e-06
"[0.95,0.99)",0.9500003457069397,0.9899987578392029,28994,1.5504484176635742,1.487596869468689,2.0310935735702516,0.12607650458812714,0.885942816734314,0.6392059922218323,-1.1110305786132812,0.026226043701171875,1.3816356658935547,-0.22690479457378387,0.525948166847229,-1.1996881306171419,-0.15184631943702698,0.44000571966171265,0.0017789887562944058,0.027767814030489068,0.0
"[0.99,1.00]",0.9900003671646118,1.0,6850,219.82215881347656,2.8235102891921997,11.004859161376881,0.31809166073799133,1.1468435525894165,0.7730419039726257,-1.1098384857177734,0.24318695068359375,1.7857551574707031,-0.6970527172088623,0.8253750205039978,-2.3130729675292967,-0.4836669862270355,0.29027286469936364,0.01594160583941606,0.15676788321167884,0.0
