{
  "dataset_path": "/home/hp/TREAD/data/diffusion/following/dataset.npz",
  "schema_path": "/home/hp/TREAD/data/diffusion/following/feature_schema.json",
  "split": "all",
  "num_selected_samples": 799441,
  "split_counts": {
    "train": 609624,
    "val": 114198,
    "test": 75619
  },
  "action_representation": "jerk",
  "action_keys": [
    "jx"
  ],
  "risk": {
    "risk_raw": {
      "count": 799441,
      "mean": 2.3865817356578067,
      "std": 1218.1107942063445,
      "min": 0.01138244941830635,
      "p01": 0.08651738464832306,
      "p05": 0.1276947557926178,
      "p25": 0.26858630776405334,
      "p50": 0.4366696774959564,
      "p75": 0.6676462292671204,
      "p95": 1.2123901844024658,
      "p99": 2.058311223983764,
      "max": 1023057.5
    },
    "risk_percentile": {
      "count": 799441,
      "mean": 0.49964556506788377,
      "std": 0.2829914404264883,
      "min": 1.6403553217969602e-06,
      "p01": 0.011181318573653698,
      "p05": 0.05444011464715004,
      "p25": 0.25803446769714355,
      "p50": 0.5003986358642578,
      "p75": 0.740449845790863,
      "p95": 0.9444231390953064,
      "p99": 0.9883708477020263,
      "max": 1.0
    }
  },
  "action_distribution": {
    "action": {
      "count": 39972050,
      "mean": 0.030151469452629597,
      "std": 0.8054720727587474,
      "min": -12.0,
      "p01": -1.678466796875,
      "p05": -1.2433528900146484,
      "p25": -0.43392181396484375,
      "p50": 0.0,
      "p75": 0.5412101745605469,
      "p95": 1.2445449829101562,
      "p99": 1.7595291137695312,
      "max": 12.0
    },
    "action_abs": {
      "count": 39972050,
      "mean": 0.5994827363456604,
      "std": 0.5388087043914073,
      "min": 0.0,
      "p01": 0.0,
      "p05": 0.0,
      "p25": 0.13828277587890625,
      "p50": 0.5388259887695312,
      "p75": 0.9477138519287109,
      "p95": 1.5139579772949219,
      "p99": 2.13623046875,
      "max": 12.0
    }
  },
  "ax_from_actions": {
    "unclipped": {
      "count": 39972050,
      "mean": -0.004147746787114684,
      "std": 0.37960613186823994,
      "min": -7.2896857261657715,
      "p01": -1.169891357421875,
      "p05": -0.5899999737739563,
      "p25": -0.20230963826179504,
      "p50": 0.014848023653030396,
      "p75": 0.2224249243736267,
      "p95": 0.5533788800239563,
      "p99": 0.8305212259292603,
      "max": 4.093051910400391
    },
    "clipped": {
      "count": 39972050,
      "mean": -0.004147789609929582,
      "std": 0.37960567498556297,
      "min": -7.2896857261657715,
      "p01": -1.169891357421875,
      "p05": -0.5899999737739563,
      "p25": -0.20230963826179504,
      "p50": 0.014848023653030396,
      "p75": 0.2224249243736267,
      "p95": 0.5533788800239563,
      "p99": 0.8305212259292603,
      "max": 4.0
    },
    "ax_min": -8.0,
    "ax_max": 4.0,
    "clip_rate": 4.7533213833165923e-07,
    "clip_low_rate": 0.0,
    "clip_high_rate": 4.7533213833165923e-07,
    "mean_abs_clip_delta": 4.282281551581946e-08
  },
  "braking": {
    "hard_brake_threshold": -3.0,
    "hard_brake_ratio": 0.00029305477202195033,
    "strong_brake_threshold": -1.5,
    "strong_brake_ratio": 0.005199383068919408
  },
  "history": {
    "gap_all_steps": {
      "count": 9593292,
      "mean": 55.26982854525234,
      "std": 42.82356364334998,
      "min": 0.28000497817993164,
      "p01": 9.089998245239258,
      "p05": 14.300000190734863,
      "p25": 25.79999351501465,
      "p50": 40.58000183105469,
      "p75": 70.05999755859375,
      "p95": 150.0,
      "p99": 203.86000061035156,
      "max": 288.2900085449219
    },
    "gap_last_step": {
      "count": 799441,
      "mean": 55.172162189769956,
      "std": 42.75782668936435,
      "min": 1.0699982643127441,
      "p01": 9.079998970031738,
      "p05": 14.269994735717773,
      "p25": 25.750011444091797,
      "p50": 40.5200080871582,
      "p75": 69.91000366210938,
      "p95": 149.760009765625,
      "p99": 203.5500030517578,
      "max": 284.5999755859375
    },
    "relative_speed_all_steps_delta_v": {
      "count": 9593292,
      "mean": 0.432280025520397,
      "std": 2.5488244301879797,
      "min": -21.170000076293945,
      "p01": -6.600002288818359,
      "p05": -3.6099987030029297,
      "p25": -0.75,
      "p50": 0.3800010681152344,
      "p75": 1.529998779296875,
      "p95": 4.670000076293945,
      "p99": 8.020002365112305,
      "max": 23.319997787475586
    },
    "relative_speed_last_step_delta_v": {
      "count": 799441,
      "mean": 0.4265121872659137,
      "std": 2.5398925438675444,
      "min": -20.829998016357422,
      "p01": -6.5800018310546875,
      "p05": -3.5900001525878906,
      "p25": -0.7600002288818359,
      "p50": 0.3800010681152344,
      "p75": 1.529998779296875,
      "p95": 4.649999618530273,
      "p99": 7.979999542236328,
      "max": 22.93000030517578
    },
    "delta_v_definition": "ego_vx_minus_lead_vx"
  },
  "risk_bins": {
    "edges": [
      0.0,
      0.5,
      0.8,
      0.9,
      0.95,
      0.99,
      1.0
    ],
    "rows": [
      {
        "risk_bin": "[0.00,0.50)",
        "risk_percentile_min": 1.6403553217969602e-06,
        "risk_percentile_max": 0.4999983608722687,
        "count": 399393,
        "risk_raw_mean": 0.2659470736980438,
        "risk_raw_p50": 0.26845601201057434,
        "risk_raw_p95": 0.41826813220977777,
        "action_mean": 0.010482585988938808,
        "action_std": 0.7921664118766785,
        "action_abs_mean": 0.5934053063392639,
        "action_p05": -1.2445449829101562,
        "action_p50": 0.0,
        "action_p95": 1.2445449829101562,
        "ax_mean": 0.034024547785520554,
        "ax_std": 0.3407464921474457,
        "ax_p05": -0.5,
        "ax_p50": 0.045490264892578125,
        "ax_p95": 0.5664716958999634,
        "hard_brake_ratio": 5.162834601507788e-05,
        "strong_brake_ratio": 0.001902236644107433,
        "ax_clip_rate": 0.0
      },
      {
        "risk_bin": "[0.50,0.80)",
        "risk_percentile_min": 0.5,
        "risk_percentile_max": 0.7999996542930603,
        "count": 247892,
        "risk_raw_mean": 0.5730165839195251,
        "risk_raw_p50": 0.5625427663326263,
        "risk_raw_p95": 0.7291552633047104,
        "action_mean": 0.028608493506908417,
        "action_std": 0.7972648739814758,
        "action_abs_mean": 0.5967543125152588,
        "action_p05": -1.2433528900146484,
        "action_p50": 0.0,
        "action_p95": 1.2445449829101562,
        "ax_mean": 0.005284392274916172,
        "ax_std": 0.35727253556251526,
        "ax_p05": -0.5578727722167969,
        "ax_p50": 0.016376346349716187,
        "ax_p95": 0.5559266805648804,
        "hard_brake_ratio": 7.672696174140351e-05,
        "strong_brake_ratio": 0.002827440982363287,
        "ax_clip_rate": 0.0
      },
      {
        "risk_bin": "[0.80,0.90)",
        "risk_percentile_min": 0.800001323223114,
        "risk_percentile_max": 0.8999990224838257,
        "count": 78294,
        "risk_raw_mean": 0.8555741310119629,
        "risk_raw_p50": 0.8485168516635895,
        "risk_raw_p95": 0.9708480060100555,
        "action_mean": 0.05263018235564232,
        "action_std": 0.8099856376647949,
        "action_abs_mean": 0.6027987003326416,
        "action_p05": -1.2183189392089844,
        "action_p50": 0.0,
        "action_p95": 1.2469291687011719,
        "ax_mean": -0.03962820768356323,
        "ax_std": 0.38747438788414,
        "ax_p05": -0.6579151749610901,
        "ax_p50": -0.02054504305124283,
        "ax_p95": 0.5349452495574951,
        "hard_brake_ratio": 0.00018238945513066135,
        "strong_brake_ratio": 0.005171022045112014,
        "ax_clip_rate": 0.0
      },
      {
        "risk_bin": "[0.90,0.95)",
        "risk_percentile_min": 0.9000006318092346,
        "risk_percentile_max": 0.949998676776886,
        "count": 38018,
        "risk_raw_mean": 1.1033161878585815,
        "risk_raw_p50": 1.0950984954833984,
        "risk_raw_p95": 1.2343750178813935,