{
  "context_states": {
    "mean": [
      24.873157501220703,
      0.005742818117141724,
      30.43388557434082,
      0.007833313196897507,
      -0.06986743211746216,
      -0.0016186073189601302
    ],
    "std": [
      43.68255615234375,
      0.35662752389907837,
      6.012082099914551,
      0.1582450419664383,
      0.3889293968677521,
      0.07564358413219452
    ]
  },
  "context_features": {
    "mean": [
      30.820728302001953,
      30.31373405456543,
      0.5074880123138428,
      56.65864181518555,
      0.014814605005085468,
      -0.09596163034439087,
      -0.0495745874941349,
      -0.5233739614486694,
      -0.024105871096253395,
      -0.046388890594244,
      0.10677564889192581,
      56.354827880859375,
      1.2317969799041748,
      3.9168598651885986,
      0.03971600905060768,
      50.0,
      12.0
    ],
    "std": [
      6.031508922576904,
      6.219176769256592,
      2.6258692741394043,
      44.33949279785156,
      0.49756500124931335,
      0.3956761956214905,
      0.40085121989250183,
      2.6523027420043945,
      0.3586444854736328,
      0.3555440604686737,
      0.309066504240036,
      44.246612548828125,
      1.8160269260406494,
      0.15330207347869873,
      0.0002845965791493654,
      1.0,
      1.0
    ]
  },
  "actions": {
    "mean": [
      0.03637099266052246
    ],
    "std": [
      0.8062593936920166
    ]
  },
  "risk": {
    "mean": [
      2.967759370803833
    ],
    "std": [
      1394.9158935546875
    ]
  },
  "relative_history": {
    "mean": [
      56.97569274902344,
      0.014830155298113823,
      0.5141332745552063,
      -0.026405492797493935,
      419.0692443847656,
      1.8263065814971924
    ],
    "std": [
      44.20304870605469,
      0.5150508284568787,
      2.617203712463379,
      0.35504022240638733,
      461.9850769042969,
      1.3483238220214844
    ]
  },
  "risk_condition": {
    "mean": [
      0.4024564027786255,
      0.4999837577342987
    ],
    "std": [
      0.24762356281280518,
      0.2886514961719513
    ]
  }
}