{
  "future_action_features": {
    "mean": [
      -0.12088333815336227,
      -0.21239879727363586,
      7.0452728271484375,
      10.836108207702637,
      28.184274673461914
    ],
    "std": [
      1.94675874710083,
      0.4785107374191284,
      12.985373497009277,
      21.412418365478516,
      47.15287780761719
    ]
  },
  "summary_features": {
    "mean": [
      -0.43948987126350403,
      -0.0033818248193711042,
      -0.22900079190731049,
      0.12058818340301514,
      0.8359857797622681,
      9.057106971740723,
      29.772506713867188,
      30.037336349487305,
      60.502925872802734,
      56.3964729309082,
      0.779346764087677,
      2.513024355721427e-06,
      8.132224320434034e-05,
      0.005860477220267057
    ],
    "std": [
      0.5439543128013611,
      0.651803731918335,
      0.5880820155143738,
      0.10791218280792236,
      0.4295445680618286,
      8.387893676757812,
      6.210418701171875,
      6.258342742919922,
      12.336246490478516,
      43.69287109375,
      5.303573131561279,
      0.001269179629161954,
      0.007786056026816368,
      0.009084486402571201
    ]
  },
  "stage1_normalization_stats": "/home/hp/TREAD/data/diffusion_natural/following/normalization_stats.json"
}